ID,Target
ID_ED91AC7A28,0.009996280200523708
ID_29975A9C7E,0.054308484673433036
ID_F59CE25650,0.01958077515499729
ID_E875F68D1A,0.002
ID_2902B1C0D0,0.002711932189932747
ID_8C3311150A,0.11875726464708926
ID_E7E3D1F707,0.0022323331867241305
ID_0883F8130C,0.026516663382553048
ID_E6D3162C31,0.0045212706727431684
ID_0E8F96135D,0.016569746878915236
ID_A1CCA8B42F,0.010446510893236978
ID_73C5D07F71,0.03790907376910111
ID_FD558F6981,0.9304634835550057
ID_4CBE0C3ED4,0.19425881631330136
ID_DA7937D406,0.00625741040568709
ID_5C5E622827,0.07930801463460975
ID_B443191D19,0.0021736836657406315
ID_C677C4339F,0.17286320407687233
ID_7030A34902,0.01243127596650684
ID_383118FB7C,0.0048914155801649825
ID_78642510AF,0.1246032148944001
ID_133E1C78F8,0.002
ID_E499CE39F8,0.03382012640998924
ID_5F35203464,0.410799366266393
ID_88FCEA0F1E,0.060542100509237466
ID_F02AEB66C3,0.002785046079611384
ID_6DDC595C39,0.002
ID_5140ED1C47,0.16271603353650868
ID_A1CF053F7A,0.005620779158849241
ID_B2338E13D4,0.17826093144458371
ID_5E4FEFC8CE,0.002
ID_C8FFF95929,0.002
ID_2980745F43,0.2398121262287502
ID_61CD72F6CE,0.004683081785982943
ID_F010EF7A8A,0.07737526759862326
ID_715BE137A6,0.1740775461317556
ID_0177953F20,0.133361331131183
ID_42F7F2CE0F,0.1854411331383258
ID_BAD7D54489,0.2804966315408919
ID_4469CD3953,0.9545351669235778
ID_4D18EE25F6,0.002
ID_54F726CC26,0.9854153809801832
ID_76FFCF186A,0.9217099652259735
ID_843D804F8C,0.20244328343630888
ID_BB84B1EE82,0.002
ID_5BF679D81C,0.02443009334401757
ID_15508CE449,0.7261790955381338
ID_8D9F2F7ACC,0.04142041991926184
ID_27B963FB0B,0.002
ID_D8A0C7E8F0,0.9598691380079379
ID_94D06A1758,0.004285127977785584
ID_5356F4FFFE,0.0865132762714222
ID_66C8E9A655,0.08461296895625059
ID_DA216AD1EE,0.002
ID_161B2E5C48,0.002
ID_810E109705,0.47579931486914706
ID_0B25D90862,0.07045310872904204
ID_5DFBD5885C,0.2304798876229751
ID_A1EDC813CA,0.00687308332811096
ID_BC28FF4AAC,0.4545572692810943
ID_0612AB3FC8,0.0028501389470600522
ID_4FDAF4B6B2,0.02104708193163722
ID_F5F2B40225,0.012258379515415392
ID_B3944EA4A3,0.002732399821664153
ID_B0C729F568,0.014401118775219345
ID_2C527E3FD9,0.2895054572341509
ID_02B554B1DC,0.006146924170025527
ID_53029D4C63,0.018094794040008747
ID_D74B51178D,0.1466467257373794
ID_CF15ABFA69,0.0030831237765675114
ID_9453C6900E,0.27054768165582244
ID_09B7701406,0.020203054100456128
ID_98820A4FD2,0.11269960568763246
ID_9AE57AECF7,0.24312004294607595
ID_060438A1F9,0.002
ID_CC328499E0,0.0296588452533294
ID_4EAFEA1700,0.03849108896909633
ID_7A19F1A76D,0.7214973837102814
ID_90ADBE8D44,0.08637031001806167
ID_7A4A4B6116,0.37932185140108293
ID_21E3195C83,0.4671417047182393
ID_BA507E2751,0.04235436824647085
ID_B911E5C8BD,0.011197981340804047
ID_E541DD22C2,0.0021170136281223493
ID_7326C068A9,0.06412425639516117
ID_82FB85B65C,0.664751792805553
ID_83550B0F44,0.008360665516738959
ID_828206AAAF,0.07994804124061847
ID_338365D4FF,0.012512924150919069
ID_CB565D8E46,0.028954070660522423
ID_810711A3B8,0.008778495008126337
ID_780636EE11,0.20037030827701052
ID_9394F8D191,0.007965996592354904
ID_C3716DB5AA,0.0644218628925146
ID_D30ACD86D5,0.016431177729101198
ID_FBF0F75EF5,0.4817888196379951
ID_B8875E9981,0.04823332619392951
ID_A477311ABA,0.014570061630663067
ID_ABD047D25C,0.04472112097500312
ID_A641EFA0D7,0.08278035743563468
ID_2896538B2A,0.016804736261442597
ID_53FB896932,0.004856863861785809
ID_B1F8C2732A,0.0027169152827528076
ID_B9D27E11E5,0.35809467225653496
ID_2A8D7A4074,0.021667513855611702
ID_DE27AFD718,0.08709198154791853
ID_E6891D3C1F,0.007899974940379884
ID_FF307F65DA,0.07527050827017914
ID_28A21F4554,0.002
ID_0BB0D2AE60,0.007258464625429011
ID_2DCBE0E7C5,0.004667078671170947
ID_2CD100257F,0.0034319781755755606
ID_21F588C8AF,0.004119050834199785
ID_83A9163982,0.0028594364441669145
ID_FDBD846185,0.022281972451424364
ID_654F715819,0.4405740587636503
ID_DD2DBD626F,0.5103935279422321
ID_420B4D02AC,0.00790631027097653
ID_E1A0CEEB22,0.002
ID_026498CC7E,0.0097034702257784
ID_8E0E47419F,0.14681113617622285
ID_A0743B0083,0.0207646086421228
ID_DFBD40412C,0.002
ID_A7C967B5FA,0.017671349838317658
ID_FF7ECDE559,0.266419560963801
ID_54BB9BA620,0.002
ID_0332D69317,0.002
ID_E6FD2848EC,0.6910119847557847
ID_6ABD0D8686,0.007361181774550313
ID_6988700787,0.002
ID_9699ED5669,0.006736142803579572
ID_F57899D81A,0.8129509305815602
ID_97041A0807,0.058310874919580334
ID_547F29C830,0.0069306375075516465
ID_9CA23B3E46,0.00922300773602261
ID_F3539E8DC8,0.005691709130912895
ID_44B57254CF,0.04608388330457671
ID_CC55E62D1A,0.8336088121329457
ID_D0761A2909,0.03812654117480367
ID_F6BD8E6437,0.04105829856791876
ID_234183D9C5,0.01620611758883411
ID_3EE2E602F0,0.0446360476410831
ID_BDA82CA136,0.22045319626093463
ID_5311EF65A8,0.19221416681862694
ID_310292BC83,0.010486624180892523
ID_E694F1FFCB,0.08430163731804502
ID_8BB403F176,0.002
ID_D27D8AA7B3,0.06853108092119962
ID_54DD2AE999,0.003563614195345648
ID_2E2B72C380,0.29208914977441824
ID_2190646794,0.007505098187214522
ID_9DF3A5E6D7,0.16260842527344418
ID_901552F1D4,0.006385090722930123
ID_8C023167F3,0.015100981983531355
ID_80B205A60C,0.22370478575951883
ID_93179938E8,0.008337571694112556
ID_2A55B9FF44,0.006297996393211454
ID_E8B7ED3EF8,0.05132343468360099
ID_56EF3948D4,0.13915635685703395
ID_CD0C3D285A,0.0278430723666453
ID_E41B4292CA,0.1093730130198502
ID_85F985654B,0.007729491186510848
ID_3A816244FA,0.002
ID_566CA30EA5,0.002
ID_C0FBA88BBD,0.2807287559440949
ID_A2F39AE73F,0.0720928062721376
ID_F37A0A951A,0.22015818667854706
ID_C677F28B1D,0.4233871842646819
ID_9717049B45,0.5447610090864741
ID_49DC95D845,0.005053191289423969
ID_196DB06A31,0.0036694102491100495
ID_196DE26C5B,0.044857620744918635
ID_7A4EFF5311,0.14717873181778485
ID_76329C22FC,0.002
ID_04754FAA2E,0.007090764757126903
ID_B089D5A3FF,0.0028365826172417814
ID_9FB4F711C6,0.002304217004994981
ID_04C96A023B,0.002
ID_027A3A0D01,0.002
ID_B01F892381,0.002
ID_32B05116F2,0.07543065721388818
ID_0F7DA0DD9A,0.0075594776008893125
ID_AF16DC8CB3,0.49425714468295295
ID_59C91CE47A,0.6755132698565947
ID_A27815981B,0.02750500664192381
ID_F6848899A5,0.02777200852539474
ID_49F18FEFE2,0.06489749050576168
ID_DA13AA59D8,0.8477746862232306
ID_938DC017FB,0.06602149849910173
ID_194255034A,0.10084206860099865
ID_083421011D,0.17869942652802961
ID_53F1DC7294,0.01934273617971285
ID_1FAC89DD22,0.002148465708041582
ID_F859B8AFCF,0.021837818427761925
ID_252E38584D,0.002
ID_498474B8EB,0.017160428430350746
ID_E9576D2992,0.1109656843938318
ID_F409C78862,0.6508821103092746
ID_5CAAE6D2F1,0.0062163419235660156
ID_4D7DE606A5,0.43516733447086037
ID_B357CEF640,0.044102267383138376
ID_79D3AC740C,0.006715548194933334
ID_A74600D60A,0.01792949074643237
ID_D737733AD7,0.03733892813378653
ID_09EF00A230,0.3679252217169433
ID_69CF5C9E52,0.002
ID_37FA7846F8,0.0027561581529424693
ID_76B3E9055D,0.05217859274514321
ID_09348B1ACD,0.9038746631001924
ID_275D4B2B0C,0.14061541718372003
ID_C26312BFCF,0.004795735231032828
ID_A809102FE2,0.33142627226348026
ID_4B6135F106,0.023096034170649853
ID_CFB1C88770,0.017046115284057344
ID_BD5E8630DC,0.25202779338897613
ID_8E029FDC70,0.051192316379562154
ID_F9488F3703,0.002
ID_5EC6B807EC,0.47408368153101993
ID_E75DBD4CAE,0.07747674276227347
ID_9C88E5CE38,0.17320464963185878
ID_3C5BAE072A,0.002
ID_10E9B4D3FA,0.22317769251552763
ID_60FA4340AF,0.07730545251640385
ID_B0D5C70969,0.15079436877442084
ID_51EF8A40B5,0.12137556368672003
ID_C61FC509C0,0.41282619373027624
ID_1B8BA0B6DB,0.009568533300319478
ID_C2BFF2D829,0.41442448805843596
ID_C9BE91F034,0.012150293639214268
ID_211FF50D09,0.002
ID_319DB9183A,0.0025198006214173247
ID_DBCEF9DCA0,0.002
ID_F488C5FA0F,0.17950021840200273
ID_A2D2E7528F,0.2865951098741277
ID_C16E77A418,0.06588863240266671
ID_6390A5A9D8,0.0965015107888646
ID_6463DB7B2A,0.06889007672147442
ID_9F7C5E0C5E,0.0040521790085978554
ID_FEFCE88362,0.002
ID_C2257C5339,0.13031604560291885
ID_7905A343E4,0.003660956208275856
ID_C4A7141BFB,0.0048459965247466
ID_999E78F090,0.055201142455333994
ID_82B1A3FC59,0.00796950718822201
ID_CDE7AD55E4,0.007584570898667627
ID_56490280E5,0.3174679859382271
ID_3C17228FC4,0.006793727230724098
ID_98D6ED6B3C,0.06838630764054182
ID_3FFE502806,0.018114757329883536
ID_8F89F25228,0.002
ID_0666F6F2C9,0.002
ID_917F77B43C,0.06571184439312154
ID_172FB90330,0.0052465978203788104
ID_9AA0D55EB3,0.01064312123281023
ID_0F75706CEE,0.006192555792940224
ID_0A6905D898,0.894147295614795
ID_7109B6F2F2,0.002078085807652003
ID_BBD353E5BD,0.007972061581484138
ID_9D6C4FDB42,0.028385499452952195
ID_C75DFF60AC,0.09099160441526774
ID_2137B7882E,0.09302359400181173
ID_9B3BEB4F02,0.5350539426303978
ID_85E468BC8A,0.0212145212264411
ID_00ABF260DA,0.5531799469755031
ID_30E89F23A0,0.2988288847053179
ID_7C4C2CDF87,0.3527947111323166
ID_4AA11252F3,0.019907650153693356
ID_E3D83070B9,0.5044322215841748
ID_0EBF267C14,0.9150591656951719
ID_77C53BC9E9,0.002
ID_A699693439,0.08910703467609367
ID_27DD380B11,0.007404198687256422
ID_C398C973C6,0.5464662810257523
ID_3A147ED22B,0.9416451823980212
ID_1A8B3E4193,0.01604524247446019
ID_0894955C06,0.003096551804236237
ID_2F88FB3077,0.023206365735646724
ID_14F128AAE4,0.20086763572558178
ID_7809A29BDB,0.0665659362241393
ID_A5F65A4901,0.18652047991992143
ID_5338DA2A11,0.14883723215039296
ID_26D29C2717,0.0058470144631351095
ID_8A879D9128,0.2645850688199024
ID_4F9A45158B,0.005599861354279515
ID_BA141EADC9,0.005446095311488717
ID_874FBDDDD5,0.8800884981393313
ID_AC23BEC6F5,0.3097746111808948
ID_BC3F711BB5,0.007761474358704752
ID_8E8B92017F,0.02307531347007975
ID_8EBADE5B86,0.043679500648095976
ID_64177DCE23,0.4479800088322886
ID_9FF6FD957F,0.5022168519341976
ID_1864F7B24D,0.0033092396639785478
ID_CC492301B2,0.002
ID_F7FE1BF33F,0.5271559604394641
ID_472EB7EC67,0.23917428197198393
ID_57CA70C165,0.00597830005668445
ID_35E2B45E39,0.04854165692633901
ID_BC3ABE5037,0.6910583112157357
ID_6B5A9A11EF,0.7795857961639723
ID_CF0CB6D9B6,0.1431450386966922
ID_F165B491BB,0.7627172752549061
ID_7C5EB3AC05,0.7815656539039231
ID_A3139354EB,0.024637660350000305
ID_FA87AAF78F,0.04876610042317908
ID_9278EF1906,0.860909686795909
ID_1DA8AA45E6,0.08162053270014241
ID_E0712012ED,0.014250036203027524
ID_4D63BBBBCB,0.5725388926543402
ID_D2B9E7BB9D,0.002
ID_BA4CD91CDE,0.8451680717845785
ID_25CA40537B,0.20424506752768923
ID_A29554F16E,0.02077422086716648
ID_802FC9A5B7,0.023009121457370305
ID_F633EBCC0A,0.10249151179280025
ID_5AEE42539F,0.01643146652365221
ID_6A8847072A,0.02506411934052806
ID_62EF54BBEA,0.9433997059458298
ID_4CC0BC6B15,0.15803027735150063
ID_78F1E6D0BF,0.1303395793243609
ID_E5A07BD659,0.9813572641758956
ID_8A01982951,0.002
ID_DF1D757D6C,0.002
ID_5F825B336D,0.011726513523665287
ID_A08C4FD715,0.002
ID_61A3EF8DE2,0.002
ID_71732A3A08,0.05995195369744098
ID_3CFBC73F5A,0.0029154324741309683
ID_F1509A4555,0.002898996074187827
ID_5D89F52F67,0.2342689712500603
ID_1BD5A884E5,0.0035620398954924063
ID_D48CD23F33,0.011592784872518353
ID_3020A53E79,0.002489653972143076
ID_87880F364E,0.02248547088153079
ID_BC0A803662,0.01168101828032755
ID_2CC066017A,0.419741370616034
ID_D0142FBB23,0.2335475736928396
ID_09AFB973C1,0.6956536855201985
ID_5279950374,0.06876336187469179
ID_3D77342F81,0.009981276569743264
ID_0D7E5BEAB6,0.012921936180247083
ID_7A9C8C5463,0.11536769294980374
ID_71BCCE3533,0.13303702803257936
ID_A3A24C9783,0.963519083855667
ID_6F05CC901E,0.2847780141976831
ID_127CA12CB7,0.04813468243262375
ID_CB51C49E57,0.002
ID_A923433217,0.1894350558944066
ID_1813CFA30F,0.002579279605951464
ID_64246F76D9,0.0071633336695553565
ID_CA1912D47B,0.047051332863819184
ID_F98AB7E9F1,0.5712033794650171
ID_4937D1D92D,0.02110779873476288
ID_04BA00A83B,0.8360660564592873
ID_F43FCF3FA0,0.465838040361672
ID_C755C9B083,0.047284691093422974
ID_4417BFA26D,0.010537660551637393
ID_8729C38399,0.02260026173502296
ID_70526CBEC5,0.4827003200576289
ID_3678A51EAF,0.0930174361470325
ID_F434F82047,0.5563195672992741
ID_E3D24CE540,0.004074317412723392
ID_945158EEC2,0.0077591306395483435
ID_4C42F1AC69,0.04463843621992632
ID_C15CA07ADA,0.18091795601668853
ID_03E0AC2908,0.9244273872264451
ID_E4D5B4B707,0.006533450994517053
ID_46CF59AA8A,0.002
ID_42F5E9A3F2,0.006477624843967338
ID_44AD6F00DE,0.020476861185749665
ID_52EDDA24F7,0.02502822436216904
ID_2E1BCBFCBF,0.9480560450154484
ID_9F4E938A47,0.08834207429971787
ID_A709DA2F2A,0.12035503428567182
ID_79012B6B68,0.09623585438341332
ID_C8F14C44DC,0.1435245135069767
ID_27410ED324,0.222433761428872
ID_97253B9438,0.14267583794740504
ID_B7FA87299F,0.024167559573092967
ID_D52E2CAC31,0.010966219890681634
ID_4963C35B2F,0.15924846609138837
ID_347072F87D,0.4940885184238685
ID_6B4D3CEDFC,0.019738232520714938
ID_9FB3C581D3,0.0034014141939183
ID_C0F3F4F77D,0.058585815185392943
ID_175619B48C,0.0050461493336684034
ID_77C773AF74,0.02315862724329453
ID_B73250FC09,0.002
ID_57A2238465,0.12156896751614389
ID_AECF43CD18,0.35280013575142005
ID_D89C4ED3A0,0.04182093759079914
ID_1D0F6CAEEB,0.006783738308872031
ID_94F06F580C,0.04400247883024421
ID_4481861595,0.20765872720531284
ID_84124ACEA1,0.13917179963819934
ID_E848D43658,0.007572279233029072
ID_BF64CD38FE,0.002966645901971314
ID_71C0483C2B,0.09193358698191706
ID_9F26AEC5B8,0.9840872452323258
ID_6D809D966A,0.008294683620794597
ID_AA5B85A96D,0.07510074193478243
ID_F386B8CD27,0.8284142750782455
ID_2B5C018F75,0.01400778012003457
ID_858C001E32,0.03828570191827722
ID_C643F9E3C1,0.06605587343244462
ID_640706B33B,0.022387772175924112
ID_572E5F5420,0.015696677358487975
ID_DCB8D91836,0.02101493604189411
ID_0BD32B363E,0.09837159150040384
ID_F6FF3FF5FF,0.28820180931506006
ID_F2039AEC86,0.006451262950880735
ID_6FC47ACC56,0.002
ID_70EF9E9181,0.9873551798100286
ID_46414D2928,0.02365419056094178
ID_575C275559,0.00365238366187526
ID_82A611612B,0.0030503324831700936
ID_98C836852E,0.049323701072959136
ID_15EBF82D5A,0.1276934833986883
ID_798AA21A00,0.9969036608697976
ID_38D8F23CF1,0.002
ID_8C80CDE4E3,0.05030888346320931
ID_984C40E884,0.02029596456190961
ID_2050D997F3,0.002
ID_3BE0582BD6,0.1426805021120094
ID_2196838129,0.32856739453370426
ID_A537B777B0,0.002
ID_81329889DC,0.997891173524183
ID_E4DD0FC91C,0.3081820266710546
ID_404CC3B26C,0.015686842307876415
ID_424FD558A2,0.546255581982396
ID_4E63094C74,0.005839113860686208
ID_32C812B15B,0.07742283572368626
ID_DE095153EB,0.8643185326747529
ID_68096A5F84,0.04161485544084542
ID_197D523201,0.13940693449274175
ID_E243F639DE,0.152975644154895
ID_987A4B6708,0.006946031404379894
ID_1A69617272,0.3952412190971419
ID_0EAC9EF34F,0.06380313507300607
ID_1053704AAD,0.012471032613703088
ID_8DD821FBA1,0.1087227370085941
ID_1AD5663772,0.002
ID_B0D994DB07,0.0060180224247900205
ID_9B66F0A90F,0.01022915183141155
ID_D41408D94C,0.0028189055346347484
ID_511B2A0F97,0.23142564612397307
ID_9C6648E8D7,0.0075310866396669195
ID_4DC86FFBDF,0.006568346857418678
ID_D4C99E6431,0.11639202150781704
ID_566F4CBF81,0.024005814694403656
ID_74B9020B71,0.043023627113903014
ID_62FDC0B07B,0.908751007421718
ID_65A11C2DDA,0.03659176604983345
ID_75433F2F56,0.002
ID_6A38FE9ECB,0.002
ID_120282AF13,0.002
ID_1F189EDA3B,0.02762967000972789
ID_799F416351,0.002967746097450712
ID_1C34E6FEF6,0.11943148234190254
ID_B5B3F31BB9,0.0066928435765734534
ID_64E591FD87,0.002
ID_C2DD7405D4,0.012282103138673015
ID_A3D7E0FF04,0.29847518951168395
ID_71BC6B2101,0.17628099873896688
ID_E28EBC778C,0.02772432061249446
ID_A152EA8FB0,0.010721785638781794
ID_3D634BE010,0.011622920955852606
ID_E8EAFA5544,0.1768683559537522
ID_2F4B0D1B15,0.022182492624299263
ID_92DAF4559D,0.06626017524037697
ID_07AFFAE135,0.29085651057798506
ID_4E34992F92,0.014489841699643563
ID_5F89821A28,0.020902196486648972
ID_A8958E8BC2,0.02014876816478708
ID_0819393943,0.1843434046704708
ID_ED6A1D744A,0.028368054262144157
ID_2408FC58DA,0.08857173007622093
ID_05DAA60254,0.2640966988998393
ID_2A8E1A5F3A,0.007546905858841904
ID_BB86DD90EA,0.026832083005251
ID_72B080F26E,0.004516282372885899
ID_27E4F17A1A,0.022428848144633574
ID_0AEE8EDD3A,0.0028220554740489433
ID_E4D428F51C,0.40819840605860325
ID_053D6F7ADE,0.046389019731415355
ID_B1151547BE,0.002
ID_8545A01D87,0.06848360654258087
ID_F977469997,0.07762507908270382
ID_16DD0AD1E2,0.0038862590453992685
ID_790880D09D,0.513356522835528
ID_A0B6A0D606,0.06803792965939676
ID_F656DB4428,0.03524901948142128
ID_71E590CF7F,0.29151532796371254
ID_EDFF55E23C,0.0038200315240225994
ID_9675CE4111,0.002
ID_B37D9C90EB,0.0063610944553378485
ID_03AA80585D,0.08621882227464601
ID_3AB580B11B,0.02276496512105086
ID_1291F42C5B,0.3809585850792434
ID_E588BE5422,0.002
ID_A3B49300E7,0.07078897058854947
ID_DB75BF38AA,0.4416823141827705
ID_978D7D8285,0.9900989168968314
ID_699C2472A9,0.10115999905024826
ID_F1915093E0,0.6137674106542593
ID_1AFAF6E1F6,0.04700636529699905
ID_2A1FA16FD3,0.004592032538452984
ID_2A1BFCC677,0.4025131515743301
ID_26DEAF9775,0.032543079270413604
ID_A167784F20,0.9973903146351143
ID_94BBBA0754,0.975558013183813
ID_AABFD480EE,0.002
ID_CB30F5E058,0.2675082840139662
ID_6891EF295E,0.9810588567092215
ID_11E304E2A2,0.8082656338118958
ID_988100103A,0.006143086730015821
ID_C68862EDE4,0.003576418563478307
ID_EE4F1939F5,0.007316397184664326
ID_72109C90BE,0.010269210110413513
ID_BD6F75A060,0.0025725464650303747
ID_7A8B090F94,0.004618242909229117
ID_9F6F07ECAD,0.017639047387424243
ID_A9243666C6,0.28055194398959976
ID_62FEBECE7E,0.020372987114862746
ID_60F0B9C1EE,0.35896826344896704
ID_E1E5781E72,0.04914907698361861
ID_9ABFC225C5,0.4713978065881065
ID_4E1C0BD281,0.005728136423856356
ID_E0D481451B,0.13932785570319073
ID_A6B7AE7B1D,0.013105743366186764
ID_44B36B65FF,0.008583183602387882
ID_42F1E1D472,0.007387824091307424
ID_6C5D2B0B09,0.13171621961598237
ID_9AF99F474A,0.014670456009693356
ID_2D4AE88253,0.2554540671658966
ID_6977F62B61,0.018368848361922693
ID_8623AE961F,0.04901870207637618
ID_0C65793EC1,0.011026232085043403
ID_6B6E92E46D,0.9830649425172596
ID_F2E19F8255,0.983201316197111
ID_3B4D52339C,0.015781405614506507
ID_D952D54057,0.13268098423307115
ID_273290F5CE,0.022148057992435438
ID_87687562F1,0.5569240698479603
ID_53A1C26145,0.1459623637884164
ID_B2175805E9,0.0038617028081036637
ID_A7DFFA13A3,0.002
ID_5F454AFEEC,0.002886257920344987
ID_6F3D6506C1,0.0030711051639374562
ID_C36FF7BC84,0.0033782569614713965
ID_1B3EDD54C6,0.013657359029562733
ID_19FC5AC7DF,0.027054566753825535
ID_06FC5C269E,0.2937613750434796
ID_8E68A0BB79,0.010577785845435247
ID_CE5EFD292B,0.9981124442563545
ID_FC4AD0CE44,0.04250248472978699
ID_FDD49085AF,0.011440862543220773
ID_D1FC5B9EC1,0.19293958002746164
ID_76102A1F13,0.09357881442914158
ID_F842C5A6DE,0.9916495276050452
ID_E2E0BE0DB2,0.0073753051421123735
ID_5D7F0C1FAB,0.0028963375025781203
ID_CB9A95F038,0.13295955809433463
ID_B8275EB7F7,0.006764241500426198
ID_4BF5977E91,0.24151805488907344
ID_189CA145DC,0.019439449081050157
ID_FEE146CA0D,0.9186366894944703
ID_2DA23C5D62,0.018991764249504006
ID_7D29BFC947,0.0026729849087945225
ID_55B7BF40C6,0.002581490868398638
ID_0D4FACA6F9,0.9979238844871872
ID_98795B8F0E,0.018158756384917242
ID_038DDE7499,0.2299620597401378
ID_008E59067E,0.008694877374614144
ID_9DDEB8040E,0.002
ID_FF0B9654EA,0.0037642264564345606
ID_A4EEEA8F37,0.2817325197273165
ID_78A2653D80,0.1367114532375972
ID_C8F06EE830,0.006034829194122139
ID_3542CF84EB,0.006787014581053157
ID_6FB222A9C7,0.024069014600806033
ID_39F936DEB1,0.048929645683607546
ID_F06717BDE1,0.021273852499643402
ID_60E352D15C,0.012118828155585232
ID_212F7D221B,0.02295851205337161
ID_E1F8F9482E,0.002
ID_4545898ADE,0.019421494359802845
ID_E71D7B786C,0.048305843514014304
ID_BBC947D6DE,0.6130515433448269
ID_D8933BB149,0.018238914208729144
ID_3F60E56CB0,0.02612586215442762
ID_270F43AFB5,0.004889743514047585
ID_7D1FA5AD8D,0.005917700249713577
ID_C76382FDE5,0.05025304736155917
ID_F2DAB33FA0,0.002
ID_22E13643D3,0.002
ID_7CC71BB362,0.6893799520624562
ID_DD5C725EEF,0.002702056806552285
ID_099B4A9C49,0.002
ID_38714A1AFE,0.004899689548714637
ID_1815E11E58,0.3768868985407422
ID_5A633BD178,0.030255634639733624
ID_83487CED81,0.0021721707169261918
ID_9FAC390DDC,0.24440904755534576
ID_74E0E4221A,0.012634249294087135
ID_433C7EEA23,0.025295121375906365
ID_911915507B,0.002291549434184048
ID_CB9FF59F99,0.06314146570615517
ID_94D69BE2CF,0.04863936976034336
ID_2ED0869357,0.13478175445140075
ID_E616E9555E,0.13430646516531006
ID_48A1E7E4BD,0.042538283598959906
ID_6B8BF7C759,0.061477304362998274
ID_EB675EBFCB,0.06922770058167112
ID_656D4EBBE3,0.07422396716254873
ID_ADC9C02050,0.690549536176358
ID_89CC15C6EE,0.012041084039996383
ID_75EAF42E5B,0.028433783620769006
ID_91F05A4FD1,0.3838292668575315
ID_61C0ABC86A,0.012682936450086562
ID_423F6845A2,0.9968892545011844
ID_80D705E47D,0.05175874538594706
ID_94DCB638B9,0.13558066610165082
ID_EAFB652BEF,0.006859093840863503
ID_E7DB325133,0.042580429073632624
ID_6D63B96397,0.0073086155309762925
ID_E26898A09A,0.012203629987106097
ID_E908CBEC97,0.5157361663755808
ID_89128F7FB5,0.03929933148597287
ID_C4D7EF7592,0.006480170290555359
ID_434A3BE41B,0.09167504165024855
ID_7C76D60DA9,0.01922105702947066
ID_C3B86D0B55,0.005380514328055918
ID_C0F8604BC9,0.011192142221408501
ID_1C91C0C34F,0.02181245875811008
ID_92984C6C47,0.06461843174745918
ID_04DD3910AA,0.478018104470313
ID_07F090C730,0.009652653592270808
ID_E98A4ECA06,0.06896300976811127
ID_549C83BA79,0.08064322577528654
ID_DD440D76A1,0.0425235312145771
ID_8524230229,0.8033693220527053
ID_1C8AEFE9ED,0.023440581097497852
ID_7CD3715792,0.07139982772009029
ID_61C7269EE9,0.2707079256568234
ID_E55E29AF4F,0.005773969128146508
ID_45E3F7AF6F,0.006610511513125091
ID_5AE8B391CD,0.022747186987904722
ID_A81E504DAF,0.01962499019131169
ID_5C7FF61A01,0.01364864273896416
ID_92D1307D35,0.002
ID_5DC9093082,0.011502385219172202
ID_862AE6928B,0.062067408262566584
ID_D50BE8E9D1,0.08390305938675699
ID_F109D3B881,0.006214042074529778
ID_680474DABB,0.7535084971841141
ID_16E3F07FB3,0.013636548987615169
ID_15FB1945BF,0.0646306862206032
ID_8D83647EF9,0.9001085147322441
ID_17B198F553,0.02399756673227341
ID_1098D5EE65,0.5165673589762352
ID_338422A949,0.026948687826428838
ID_CEEAC21BB4,0.007940689753605268
ID_45AB85ECD9,0.002
ID_F464676895,0.02015286974224757
ID_8F7A1245FD,0.24994165609421518
ID_12CC5D682D,0.05678551751496514
ID_4447B17CE5,0.002
ID_4A5577B600,0.13625363523963746
ID_4112DFA918,0.014286723609086482
ID_47A57FFE5A,0.012407263705834976
ID_1A6CF7B240,0.9337708192762244
ID_68E1FDA309,0.002
ID_EF9A4A7023,0.006111137377275556
ID_EC719E0F45,0.029555140597144217
ID_65BD0147DA,0.028374969993882705
ID_464636B76C,0.14453460827036946
ID_7088D5718D,0.006463082914881841
ID_0B494BDA7B,0.19982801031708317
ID_BF6B359DD0,0.010807030771153386
ID_70B9A35B53,0.17614968043625356
ID_52E5771F0C,0.006450708866243808
ID_5F0DDB2F95,0.008423363252566136
ID_46328769BB,0.006795444492969558
ID_DE03C0EC2A,0.005355260635911183
ID_DF615F024E,0.08002710242598486
ID_7B80AE6541,0.2070559675247293
ID_DEB67BA523,0.9181855976539948
ID_8809172B0F,0.15569341469863665
ID_BEBA14EFC2,0.08742150759760363
ID_0777D04FF8,0.046591032412494196
ID_5831F66E22,0.002
ID_5CAC5C337E,0.007253337866388079
ID_D5E8C8E2E7,0.01378063300207764
ID_DFBF4A8550,0.038549237932264925
ID_48088F1E32,0.0708773438874432
ID_2BD0BCBD9F,0.9974115268872711
ID_308F96CCDF,0.002
ID_EFD4B2E54C,0.027860560005719733
ID_D8371BACF3,0.007789905346146431
ID_E9D82F63C5,0.11015936315909634
ID_2A579A27D6,0.6424388711281639
ID_F199BF5FE6,0.047421814626047304
ID_F3CEC27834,0.6372208023533574
ID_9418A1F2CF,0.6232125608625606
ID_C527159B73,0.011626342097639316
ID_5D0D692674,0.23915321565607647
ID_758C3FA504,0.9919984621279374
ID_C3AD31CA4F,0.04793202159231514
ID_FABB3AE626,0.24662652699841398
ID_21DCC2F417,0.017074291631574444
ID_AD396CCA06,0.062263712868349454
ID_4EDCB2C2D3,0.2311602066833202
ID_DB3475580F,0.11157921377394037
ID_76C90C9970,0.3740472243975451
ID_C3E195E1BE,0.004219608324962702
ID_2981DEAC50,0.9947464229807429
ID_15BB5D6F75,0.015347613590837238
ID_F8559C98A1,0.24607184639101717
ID_76951ADE22,0.23966231236853489
ID_D6E9D660B7,0.7146418437052322
ID_EF7D329BEF,0.06867068879262465
ID_1EF3279FA5,0.11986997788089616
ID_9F6146BBE5,0.1001542025734012
ID_0168E3E3B0,0.02310117102827214
ID_28098C7B77,0.01955659467495824
ID_C390275471,0.23993000909156445
ID_438F1E9905,0.007462414800582192
ID_ECB62E165E,0.02523708779386784
ID_7AD8373F12,0.4055984528288526
ID_B17E58677E,0.006605301605641776
ID_C1AF0FCACC,0.031810753282342445
ID_16AA1F79A3,0.003858509331350819
ID_80C457D29A,0.006703315498712916
ID_D41D8C06D9,0.2993589313006598
ID_D48833FE0B,0.01933131605353463
ID_4D5BEDBD67,0.005961411598516525
ID_E0115B3B53,0.0902652489732128
ID_FB76742289,0.002917855317870722
ID_B1266450A6,0.0038217789114556853
ID_A19106DA4C,0.9751970093089938
ID_3C82198D48,0.5651178454558113
ID_95DE9D865D,0.5551301941659206
ID_AF8532787D,0.006403399418603327
ID_E2E8B1CC85,0.03671835165445986
ID_97E381B35D,0.3555746308176978
ID_8B59DA3CBB,0.002
ID_A7C293C49E,0.024849756072871612
ID_DDE1735E58,0.5103558763583996
ID_F3B49BC871,0.12426858254068554
ID_47656CC552,0.5347543695586625
ID_3390D23124,0.30828244772322366
ID_FAEE723ECF,0.04203030332346979
ID_34C2F40918,0.06245560228521073
ID_D7B8EDC08F,0.6482747370512715
ID_F4E33DE9F8,0.9974744604356839
ID_32F2BDFAA4,0.03022339952177199
ID_B16F0B0000,0.12612924391474442
ID_D8D29BE0F1,0.005999834646201633
ID_A927CED840,0.0027460272091684216
ID_05EE4B0A34,0.01175555606728638
ID_317F325ECB,0.7719580904075258
ID_71A068327C,0.08867479581665416
ID_FBDD11A17E,0.005833951714711883
ID_EC805F6607,0.33693433065484074
ID_4B80CC7481,0.02203087906109209
ID_822BAC220B,0.44010195147570064
ID_2B2EDE282C,0.022365372820184293
ID_4E26BA2582,0.9878389381207503
ID_2D738274EC,0.023664485060335427
ID_E9D2735DAF,0.002
ID_5BC126ACBE,0.14514099068988065
ID_456658BA11,0.8887678763201632
ID_30B97A9F21,0.27536240959605324
ID_9C32DD49F9,0.004484506279807714
ID_6F2391556C,0.05181611325625413
ID_23B18EB500,0.003751223387645732
ID_8995786474,0.002854594741245462
ID_96D2FBD664,0.128269337985742
ID_23AA9EEA91,0.00895369885704541
ID_B9280D808A,0.002
ID_C0196D1BAC,0.7382931030449346
ID_3B1DC5B537,0.2115724709905106
ID_EEE16A908C,0.7706305709134751
ID_B3B49A66E7,0.9952551981245185
ID_E209A8E6AA,0.03287390054547551
ID_B712C9DD81,0.10382137410795028
ID_BE1DF79F02,0.002954585907344325
ID_F4B6ECCB94,0.003587964675505863
ID_EE7A552C15,0.007246070625469149
ID_80C01A1692,0.029634871426387134
ID_88E1830749,0.09238550003223032
ID_D4DA5FD550,0.08490170531739984
ID_6CC7F799AE,0.00601232743013972
ID_6FDFBCD6CF,0.0026415537762769494
ID_75AEE853FC,0.22122720561168382
ID_09AAF3E7B5,0.16420849750901145
ID_A4F452FD57,0.031413634133141
ID_AA1FC3C0D9,0.21504041883966526
ID_32A7C02D45,0.5043219247619408
ID_191EF60169,0.06773655008610797
ID_0E8D165C3B,0.0918494288937739
ID_9314487EEE,0.002
ID_365E198DD9,0.13548612731329504
ID_EABF8FEFBC,0.002
ID_231DB3DE9A,0.10099170438648745
ID_76E43CCA6B,0.10465612771055353
ID_13928B4E29,0.003973761414527589
ID_14D5AB2DDA,0.0030384309383427385
ID_FB2992CCE1,0.04794582796585189
ID_48B272D3AA,0.0065952881131317465
ID_38C65E038B,0.09313594464798486
ID_3C322509C6,0.005595080706560485
ID_F10262E9ED,0.6913143899605176
ID_05D1C14D54,0.002
ID_64CE17FEB2,0.26455920297556085
ID_974FCB1AFE,0.002
ID_B09F6CFA43,0.19510098806390816
ID_EB8CC10E1E,0.08462208934858527
ID_6EB6D4BA0C,0.01664048414449854
ID_DCE7121B9B,0.00776243855979981
ID_5546CCB7A1,0.04552348093290327
ID_48DDD83A00,0.006398536008447191
ID_CD0F3512E9,0.011495842570017727
ID_226C6601F6,0.017465229615122743
ID_5AD536B176,0.1901008895403356
ID_B98A62AC0B,0.049788374540944216
ID_087809F771,0.014350882559761555
ID_5F312AE7AA,0.6505132148855558
ID_1985C07425,0.017569931180427927
ID_9943A29621,0.007124483531002478
ID_91E8C42C44,0.06545097649598616
ID_A4C6CC0866,0.00767661423723952
ID_59535708F5,0.00643354911233319
ID_443744F312,0.013724217394904268
ID_BA0A28F390,0.7950628848471889
ID_F3FDC144EF,0.027897600856124104
ID_62DAED282A,0.003733596815791167
ID_1CC7DD709D,0.021166222868084623
ID_24EF6AA6EA,0.00646485955690116
ID_47D9D2EDE6,0.1554342014850788
ID_BFC979BFEB,0.1295436238315318
ID_395C8F6F43,0.002
ID_01A46C6E76,0.013271610269235143
ID_D194AF5EFF,0.011770728080657334
ID_C9DD052BB4,0.006437477489849901
ID_F21E1E07D1,0.15953082279888015
ID_907E6CA2B1,0.002
ID_941658BD8B,0.045208556153840514
ID_2587174C9E,0.30215958456484476
ID_167FE85E00,0.021047439938833616
ID_741E100DD0,0.07634849032691768
ID_18FFF9B833,0.006026517859260349
ID_F7DBA7164B,0.060700822737898986
ID_B3A493F2CA,0.08626102350611821
ID_9A8AC906D7,0.2987976874294141
ID_C7BCD36A0A,0.007810397279811289
ID_C0815B58A0,0.007661800923005465
ID_66B9FDE69D,0.04372166313157384
ID_7722A92807,0.36064159201935264
ID_F06C119427,0.002
ID_6AA2BAED51,0.003688638927794195
ID_149B0A7EB3,0.003437780530364047
ID_7663730D33,0.47148354735142345
ID_AFD17EA674,0.6572187715576476
ID_03BF87480D,0.22823341848395487
ID_8932E191BD,0.002
ID_DD1FE361EB,0.13405371640696587
ID_82B6F4E7BE,0.818632765811465
ID_015E847AF6,0.1524001922107724
ID_55355066C0,0.011592971172507292
ID_04C90D10E3,0.7319403680194089
ID_0DBD165345,0.9910365349022986
ID_2F18A54170,0.41080516624454444
ID_DB2CF90209,0.06790452877957615
ID_7B098B4E5E,0.01094578849126064
ID_1545BF943C,0.9703010037825525
ID_D0BA88B104,0.023545658906930094
ID_D3F187D8DB,0.9085978016385462
ID_5EF941E454,0.002
ID_537EBD5941,0.14486062881860198
ID_F6B70B6BA5,0.04802949733586875
ID_CA715D8154,0.012151654197842119
ID_C818F71BEA,0.02726276008349109
ID_6FC14AE10F,0.10058942726399796
ID_845BC0B25F,0.024992601674710953
ID_17F4D8EEC4,0.00477503179582366
ID_E1048E993D,0.0036166153663919234
ID_36346B4D65,0.2586380977907395
ID_62CF39575A,0.29685471470140834
ID_DEF9F434F9,0.28508472733607493
ID_9E4F66ABC5,0.003329567174689053
ID_662373DE41,0.18239236345710066
ID_09186CD066,0.9969857716503945
ID_E355DEA981,0.06980241111045613
ID_176C4ED554,0.006347754576856875
ID_DCA798C5E4,0.7720948685903409
ID_C095604A9B,0.02610765736708036
ID_39F422FD45,0.020701336862031867
ID_33B33CDFE8,0.015350157073202735
ID_6B97531189,0.04686461690884694
ID_F6AEA010EA,0.45764463958132734
ID_5342F00491,0.3236490474401967
ID_1C469F06F4,0.007229264277687593
ID_0E97DF66B2,0.5052254612597167
ID_CC06B8B586,0.015474294877815634
ID_DFE3E2E0C0,0.131976485308967
ID_C34EE7980C,0.002
ID_6056B4261F,0.004738712866721734
ID_BCF00AAE45,0.016540982669605075
ID_8E415CD135,0.8878122783509667
ID_5F44F131E5,0.02584907177455176
ID_56CD8BA2E3,0.10233284446259902
ID_6E0C0907AB,0.03071591172000868
ID_C0743BACF6,0.016200307358283043
ID_EA11B50836,0.002306319445869155
ID_9D1C994C19,0.1918361075227786
ID_D3BA6CAD00,0.16137647393224439
ID_F554C56099,0.020859415410953465
ID_87AD0872A0,0.0916205390984772
ID_81525211FE,0.005760277754912995
ID_926AE9D43A,0.9963109952119418
ID_016709B22E,0.11509474019829342
ID_FC1EDD7D27,0.10296975713014406
ID_56756689D1,0.12834335710658926
ID_FDB4AC5501,0.4423926536459677
ID_2C591D9C0E,0.7669212898603144
ID_73D573EAE0,0.008751494917898296
ID_991FC56EBB,0.06609133360764005
ID_40E9EB089C,0.02064444688436992
ID_38C3F89FCC,0.007442876427400838
ID_293B9F2DEB,0.1235200042576728
ID_46E8F3E3F7,0.0022084420517606428
ID_36F716DD2D,0.9969054248202125
ID_F84299B48F,0.09774110032527794
ID_E7537463D8,0.015569846813229633
ID_B6F7CB9223,0.0022431723485836163
ID_EF5DA40587,0.04309811015554347
ID_784F4CB536,0.020633393587699007
ID_BD2E4D757B,0.9911502729572578
ID_B6F8D90CAA,0.026727172627412706
ID_FFC0DC736B,0.799386569790694
ID_7BDE8DC698,0.013467638628136212
ID_FF2D329D40,0.018443337385088833
ID_0223FD9FCF,0.020742798510290445
ID_DA4B010721,0.7956572932904183
ID_75A5BF2EE0,0.020279160967713945
ID_3356279A4C,0.9134893555976382
ID_4B6D2500B0,0.011079632708854014
ID_EA6D2B4D8A,0.06464764187716308
ID_1EAC39ECB7,0.014348906185226214
ID_C6FE2BDED3,0.06629799771696929
ID_3C015F1759,0.021150555547281503
ID_91FAF65F50,0.19880105755451033
ID_3D2EE387C9,0.017512025026864702
ID_668547E218,0.4563202591790238
ID_EDE448FDE9,0.018569643730046898
ID_C3F068FD44,0.18748538246599553
ID_D8EE9732CA,0.20640428696259036
ID_770A15673E,0.0020998591814782416
ID_D14D5A102D,0.0020013858363319434
ID_D165DC9D9C,0.002
ID_6F9A05B97A,0.002
ID_E7E5E978AC,0.09021947547042146
ID_E2C891B82A,0.004875413872820044
ID_DC2B642A32,0.0068453755165506875
ID_03E775DFE4,0.002
ID_467C59C0DD,0.09487248441086311
ID_106AE9A19B,0.115257111989658
ID_5007A8D008,0.06666959959306337
ID_C1785E036D,0.015051270762790529
ID_3D7A5CB5BC,0.12117905136701033
ID_A1AB34E3AE,0.002
ID_82F88BCED1,0.06119547022203742
ID_AAABB5C5FA,0.04294385863760698
ID_E67C5F3899,0.2760136668228412
ID_8F8AA643DC,0.002
ID_99E80AC2B5,0.013676995379099614
ID_B8D19BDAB4,0.8277889985622389
ID_AFCA78578B,0.007319375653793841
ID_27C2015F58,0.020904871335274307
ID_5FDBE2C18D,0.05074409107086533
ID_BAF1E7C3CA,0.007533352232622164
ID_222A49186B,0.0077446016415555225
ID_13089A2EC7,0.5221547642711624
ID_D9627402FD,0.002
ID_4F3C193242,0.3227876554064068
ID_2D65F30807,0.03714665202325116
ID_E0F1D336C6,0.006540490786627458
ID_AEA04E5743,0.12254716543323839
ID_AF1F1540BB,0.002
ID_3B76444D69,0.08800949570830113
ID_D1DFE5BA19,0.04525185831218409
ID_F4D9FF7F66,0.003500460458425694
ID_A9A4EB7B8D,0.023239475689185093
ID_51C9CB88B2,0.8047922494617471
ID_CB6A1A9D79,0.029759412875065398
ID_A8EE5804E0,0.44792102833828396
ID_3A4068AABE,0.002
ID_87DF99EF84,0.41635665365906055
ID_71F0BDAAAE,0.5489377444210521
ID_9CBE7B4070,0.7577195246228775
ID_392FF25B70,0.21663600819293927
ID_12699EE509,0.0022450124156501877
ID_DF29190A0D,0.2712685660965355
ID_210C06142D,0.021433576085206508
ID_62D400A854,0.36777212729049685
ID_F34C2BD8B0,0.7024319595622069
ID_9BD1B974F6,0.002
ID_AE71CAAB5E,0.02318580900577509
ID_6860B85955,0.41341792332052785
ID_B856125995,0.011834733338278723
ID_99A87DFEEE,0.015479050021868513
ID_7CF7C0A5BA,0.0060351019697163786
ID_F27B0D0DCC,0.9643024684302376
ID_18971D2804,0.028397828464410354
ID_6B2811BC91,0.3162575739503067
ID_316B84EDE6,0.09572442358919961
ID_70BC02DA6E,0.0038572643582043837
ID_8831DE1779,0.01211723019743942
ID_C60703174A,0.07940303740220561
ID_725E350586,0.09387656751180909
ID_790BDF639E,0.39544819292410016
ID_C64050306F,0.028416543851702458
ID_78DEA1440D,0.03243775615758535
ID_22BF20BDAE,0.0063282938836747606
ID_B8BEE5112B,0.0028710842477774404
ID_993098415A,0.04433888754936333
ID_CFAA1ED639,0.0027700278289683575
ID_AA3BE1BC32,0.15067391441557323
ID_2D5A0D4509,0.16718633628355742
ID_CC57B645FE,0.2580168650139944
ID_F91FDE1011,0.6284718469905092
ID_8A8EB0A72D,0.023030219564518478
ID_283EE42D37,0.002
ID_348FF3EDC4,0.5667417219629153
ID_176014A66E,0.0025909145331490806
ID_22AD4A75A9,0.006709231873625893
ID_08D45A8008,0.002
ID_E1E6847897,0.00993402252007015
ID_7C139ACF40,0.023595919546214147
ID_7418F908BA,0.6583808404838734
ID_09922E3F86,0.011798009230565162
ID_8E79384176,0.019579607974719134
ID_D66E68C874,0.12885968771867778
ID_1A17278639,0.36127162965724163
ID_BAA89ABC4E,0.15182871941681042
ID_393FB9DAA5,0.0028959459882093616
ID_6B7C8269B0,0.0020711296418599
ID_F927AB8012,0.15272678503307233
ID_AAF4697C9C,0.002693846289288493
ID_6E4FDE842C,0.09541807152271164
ID_FD87CEA32A,0.011091933692761855
ID_E40A35A49D,0.04539142418862357
ID_8D4B3863A8,0.016611376204828405
ID_D5228462E5,0.2344552763216442
ID_72EC22D122,0.1468273764466274
ID_AE4FACEF19,0.0504226171653331
ID_5DAA422544,0.14400161432094935
ID_8A5C84A2D4,0.04002498169575448
ID_B055161CCA,0.002
ID_BEEE59B7D7,0.3966433565489539
ID_EA37D4BED6,0.13242851250891333
ID_A5FCCA5C17,0.023326378607842528
ID_1A61DB95BA,0.0220008749008397
ID_D6FCF01568,0.004696450209167793
ID_801F85DBC6,0.08703808070094325
ID_89C8196C0A,0.19227890759219002
ID_ECB3C1B028,0.002
ID_6479CD3848,0.07339955978207247
ID_BB6E4B5E95,0.18299481787455427
ID_F60C17DF55,0.0034085223566416778
ID_1621F12255,0.2405830868661981
ID_A5716BD5FA,0.04641035930115065
ID_E67CEF03ED,0.019243572310083886
ID_AE728B0539,0.11728792409921712
ID_6D9C58BA2E,0.004194716351233641
ID_88A94D7FCB,0.007385150948959276
ID_41539F056F,0.006049702403508001
ID_930715B1B6,0.3715833517535956
ID_7028ECFD30,0.09354180640509949
ID_4A13B0C242,0.006149230173536995
ID_C0CD132706,0.1963802386322379
ID_6FF8CF5745,0.017883790900521526
ID_D9FA061960,0.7799633851009118
ID_0247D4C794,0.053287260536966786
ID_6EA315059A,0.02516866529435754
ID_257912B624,0.006304891670320993
ID_A794EBF7AE,0.6111713398182046
ID_1DD8D565BC,0.004221884577554404
ID_A0CFED343D,0.27366961530430406
ID_C1A97C13A1,0.044645084661432494
ID_4456AF84B1,0.08998994806325099
ID_E2BAF495AF,0.24762183464648807
ID_AF66107D5F,0.023021670369493822
ID_9AD432D19B,0.005433447012807318
ID_AC9BFD8AFF,0.020801540660977353
ID_343FD94C77,0.08032214092788639
ID_D1C8B3C5D3,0.11910131079467633
ID_8F1304466E,0.040909589392166566
ID_D8589B0754,0.002
ID_B40A04DA8E,0.14921948916433816
ID_7A51D112CF,0.4318986353575843
ID_31E7AD0512,0.02122083987541599
ID_48B953CA94,0.004748457484719472
ID_22A780CEA2,0.002
ID_56EAF0D0F8,0.019421004270859406
ID_3DDC7FDC4F,0.37856288481923833
ID_B3CB7E7175,0.15665454007877344
ID_5E910B22D2,0.04447360349766557
ID_CB9B775CB3,0.00989687086155564
ID_62CB149954,0.011113438854793503
ID_65FB85D137,0.17960091677427711
ID_A458391A18,0.011015373409304315
ID_9FD5A9B90C,0.17150385240673563
ID_E1245860A5,0.007078952925634925
ID_53C9926DD5,0.027689703072346254
ID_66511B56A1,0.9925627946403589
ID_8B9B8CCEB8,0.5733494505012096
ID_8891D112B6,0.00485019624524743
ID_1E9395370B,0.005915720857306678
ID_4E04454F92,0.923969075559887
ID_6641C8699B,0.49291524076062143
ID_70657EB812,0.008289482801725298
ID_7ECE82E108,0.024492038640918024
ID_5611175936,0.012035334713875249
ID_2D4CD5AE86,0.03490764846128612
ID_4E4CD7CE49,0.10106755892101361
ID_010104C54C,0.04622605317604811
ID_CD37AEAAFB,0.013758563908381063
ID_A6EDB87325,0.01726410804116425
ID_4013740705,0.9805170641106299
ID_A36A69A78E,0.05300795209552042
ID_BD0100C2FD,0.011745520533655915
ID_F92FA76A39,0.0067353611535465865
ID_71D711C84D,0.1554932536362317
ID_AFE910D7F0,0.10346508157837427
ID_EB4CB06681,0.002
ID_7B3663DD7B,0.007279314813639548
ID_C40402735B,0.005186142253931279
ID_FC1BCDF1D7,0.003938877674535199
ID_DCFFE7A6BF,0.002
ID_8A03851DF2,0.02844354483005225
ID_EDCCB3971E,0.010639062452799355
ID_CE8613EF08,0.036656895648338295
ID_9B53A3FD05,0.006149768593802125
ID_9E5AC5F76F,0.45418349971570454
ID_BDA13635EF,0.9664996465096843
ID_0BD2E9382D,0.9519785939845233
ID_BBF6B74AF8,0.2775753494618503
ID_F8A5BB2E39,0.005670550238456542
ID_3E0E37B987,0.49428127027178936
ID_B439778BE4,0.0089595541631472
ID_926ABDF05E,0.01586374761835788
ID_9FDD78E308,0.010122880667978682
ID_B3E724AF1F,0.04668363103942002
ID_FAA6348B58,0.011194195080230522
ID_E135416144,0.06668364244128244
ID_A09BDD4346,0.002
ID_71E5F53500,0.3305580103158333
ID_3F84E48EED,0.006593676535364615
ID_910B62E159,0.12779213265426928
ID_D7DE031370,0.08251020697293175
ID_F06B9B9166,0.06911439090598503
ID_016508978C,0.7995813821374244
ID_D2A2D3D6EA,0.004932058459351159
ID_8A468046A7,0.07167362617563666
ID_A3558AE86B,0.007982951378855399
ID_9B95E2DD49,0.007833609492513037
ID_7C9776FC34,0.0037186698638173375
ID_D90F14B5F2,0.011765825976920854
ID_94AEB61F82,0.03576397367914267
ID_901B0A9874,0.05334143198239868
ID_0692157D64,0.44519462030167
ID_087A74CDDC,0.011376627512233185
ID_D5BEB7923E,0.002
ID_AE0986F8B4,0.36660540710422435
ID_FBD8DD7AEF,0.010479539287805357
ID_5BB5EBD92A,0.12204468161876174
ID_0B20EDEF7E,0.01767763467749601
ID_F9FA0CC86F,0.7769303426364796
ID_13722F6C79,0.9495085518535968
ID_924D03E7C4,0.011853326693555226
ID_EAB48C4664,0.006526008747404914
ID_BB63551784,0.031587615513751256
ID_7DEF7D7236,0.042208210729979684
ID_13D7777683,0.10494124282938772
ID_AC6DCAECC7,0.12589550765081922
ID_107B71773D,0.02201738347696327
ID_10DB2DF35F,0.002
ID_86E81E35D7,0.9911862445363364
ID_A31AECC11D,0.02543943709169672
ID_9850306CBA,0.05785928249251129
ID_573CB1F2CB,0.058274086741508496
ID_1EA0473BA7,0.024540518140712717
ID_1E15D99E97,0.013623220247865171
ID_E56320D701,0.10032685846983955
ID_4136D951DC,0.002
ID_018F65DE25,0.002
ID_A9A3E9AF95,0.002
ID_4E6821D8FE,0.004623080397873383
ID_523464AF11,0.18330974783303355
ID_8BFF12E64B,0.06363280051399808
ID_19155D8351,0.09836621012373271
ID_C56A895BC8,0.007530204189273467
ID_BB6C058F70,0.015546840663832778
ID_371248D615,0.012916939563696142
ID_2861C3400C,0.15640918504549306
ID_5F48053FB7,0.013369047511356823
ID_1587591A5A,0.028791610703901956
ID_38C9D1A732,0.014247781141322345
ID_9D16896BBE,0.007542183340915713
ID_9136C49AAA,0.3932504386410728
ID_FA4EEF2C79,0.002
ID_7243D0717A,0.01924858779157422
ID_94D187A95D,0.5247591750665944
ID_38E037A063,0.007910001616731813
ID_9FC40B66CB,0.002
ID_78E6DBA4C3,0.026551587335429904
ID_A46BDEFD1D,0.04045015050955052
ID_8AEB4DD311,0.4464700024724698
ID_0F4AF6CA81,0.03308135260210713
ID_D8C139344F,0.0023255325141518434
ID_9495D66141,0.032270159235800885
ID_307A07B5BD,0.07504301568633888
ID_D92D997A66,0.21061628872718718
ID_11D2A0FEF0,0.02478796305042135
ID_B5B4ACB7D7,0.23347275967770972
ID_41A56E7383,0.033503152038219804
ID_9F2C17B47F,0.013937528778458516
ID_8EF2A6CB13,0.022167609467876118
ID_B591F718BE,0.02097890370224265
ID_181B8A865F,0.0776122429505284
ID_660C5AF0CE,0.43920216707095483
ID_4EA1275E35,0.016274473601818096
ID_91848774D8,0.002
ID_6AF1EEA1C9,0.1492468108166032
ID_0EA038F766,0.023787340397739755
ID_E180C9311B,0.014106914027460636
ID_E32AC219AF,0.7051791125022078
ID_B43E6476F4,0.9493100258195665
ID_F0AB3CBE51,0.02751072885880808
ID_7CDBCEB831,0.03817466962538006
ID_6596C59179,0.014653576976361264
ID_1ED2722DA8,0.0022921239656526087
ID_384A9D0D6E,0.08696718856145354
ID_9A530318F7,0.02032771298113377
ID_F073300DB2,0.0027362581595373205
ID_A6846BB9B6,0.009733737670683671
ID_C699F1D454,0.30645509267145066
ID_057854FF33,0.014023102114078237
ID_3285F432C8,0.006028927469572185
ID_C83B8370D2,0.02682693917169404
ID_57BE03E447,0.42521792667493696
ID_7B5481C37B,0.2043299596866295
ID_280ED77D5C,0.04053177350403219
ID_B66304CF3F,0.43772439159708715
ID_F37B68AA19,0.24227040777667114
ID_483709C561,0.18507619034217937
ID_540C69E987,0.1276223067489614
ID_FF02253D2A,0.044279237440140326
ID_17163EF9D9,0.06566766950257272
ID_FEAAEE663A,0.19930764894623307
ID_2EB8E24959,0.011566743295635867
ID_B5BD82A17C,0.20098522980850533
ID_D3E8716FFD,0.002
ID_EEAF880320,0.11414258100043585
ID_249ABBFD35,0.0020164104758641625
ID_7F75877F01,0.023166178108978135
ID_334EB80E25,0.30499596268457
ID_B01F394D30,0.7590494000985263
ID_0CF78FBBEA,0.2307903082850166
ID_5E8A0CC524,0.0029156357216173507
ID_C6AEB4E5A3,0.013988744081262366
ID_FC7B30ECC8,0.14805519731851255
ID_6335855505,0.11617369303303177
ID_28DF4A67F7,0.020465644000422948
ID_7ECFD32E84,0.33275337549392237
ID_3646954793,0.02391625412820107
ID_AC90A046D5,0.003445106182041022
ID_3A1DF3CFBC,0.006591778746322104
ID_122B960931,0.10327579388968744
ID_9A26FFA0E3,0.002
ID_68C0C393C0,0.21695956590619106
ID_70DEB8DFDD,0.3678821672218693
ID_0A8EAE06C0,0.006216276612909661
ID_B835010050,0.002
ID_069FB48BC4,0.002
ID_F61282AF96,0.045792509447282706
ID_1AB542D928,0.12116110639010522
ID_030965927E,0.30410744276720586
ID_20A7051D6D,0.023762635205504444
ID_F842CDED98,0.444034136905719
ID_8AE672B53C,0.35764807460861286
ID_E42B07B460,0.08790227388013588
ID_CEF249F4C6,0.006342528460507163
ID_88BC756082,0.006326459679907564
ID_4AFEF8CA8D,0.002
ID_65D90B9105,0.007421539457033655
ID_135AD603CF,0.03635897145874481
ID_377117593E,0.003743822660079648
ID_157A467F2C,0.020296106174112864
ID_6590754CA4,0.018708562671492547
ID_50EFBA030F,0.569487686517409
ID_E9F5121325,0.7080468942611824
ID_EA7346A742,0.016483454587652848
ID_B55826AC4F,0.044904738460199
ID_BC081889E7,0.0535299639265133
ID_97A29C1D39,0.2612027090641851
ID_EA810750B7,0.9052030653237667
ID_698468F4F9,0.005666215100150468
ID_7A3BFFF0A1,0.16180907721589452
ID_242253EB17,0.006986660417341518
ID_5C533B1DA1,0.310790749193958
ID_741D471682,0.3045094695072851
ID_2EAF54E977,0.002
ID_C8FAE5BB1D,0.0814475259266531
ID_2C82B1CE28,0.5920709777251364
ID_6911CE5EBD,0.016775959875974633
ID_083DABB1F3,0.011594304652713251
ID_3D448DAD4E,0.10509285382737871
ID_7F098BF652,0.0035280900108799343
ID_3DF0204CDF,0.0028264167376893076
ID_C3BD8DC90F,0.003390683243303095
ID_4E09E4F761,0.016164421821274755
ID_B7879FC4A5,0.2939106727299362
ID_331267FAB6,0.02675107629202298
ID_2111892878,0.6483173302213976
ID_A287A93CEB,0.42331063373861677
ID_4D1145C236,0.016549297682497157
ID_486760373E,0.482654696748955
ID_47ABE52AEB,0.046445044421059144
ID_3D0CDE0393,0.01260786522135075
ID_E6C83B9A61,0.01655207932940615
ID_8DFCFADF60,0.36082890866699796
ID_FF8432FFDE,0.002
ID_6B4B980D52,0.002
ID_0C54A3A4FA,0.3647466797517385
ID_F749295D5C,0.014291123704848687
ID_8D57BE298D,0.9868331828965398
ID_BEFB7801E0,0.1668460346561051
ID_03D01D76DB,0.686641006531103
ID_8FFA48B3E1,0.9837432544556214
ID_B57A8F6F9D,0.017311912086702793
ID_17D6B7BAAB,0.08564964861048421
ID_FBB63442D6,0.017713257620107177
ID_D8FF8E2375,0.002
ID_705A8E0019,0.007860856593296045
ID_ECF496CA13,0.014372722378406996
ID_B3CF2CEAE2,0.07155007046945443
ID_1B0BC87EF7,0.13456844161649711
ID_A7012273EF,0.04406276874551307
ID_FB731FFED8,0.015388732604353651
ID_D3F3A5E035,0.012375371442596832
ID_CAB326F6DE,0.9899669541364748
ID_9D634A59EE,0.4511064716358534
ID_69FAAB509A,0.002
ID_D6B6AAF070,0.0034487212074601585
ID_064B4A13D0,0.005800081664478777
ID_FC6126D8E4,0.8985218960439223
ID_F7169480E1,0.23821465524439872
ID_5D63BA6CA0,0.027878289851423235
ID_BD359F7FC3,0.002
ID_DE49F1AC32,0.002
ID_AA5C91B7DC,0.002
ID_0A8EAE57B6,0.05683129116117049
ID_EFE8A214FB,0.09857833445807364
ID_E40ED9695C,0.09038621269663075
ID_66A2EEFA22,0.9980072349244025
ID_7F34E89F32,0.014122990896123936
ID_14BA53BC8E,0.995841571558255
ID_6F223BE9E0,0.996335578767326
ID_CBD0996A40,0.0950792556818058
ID_911452D5FE,0.15285241966814012
ID_43376DC64B,0.021587596557395512
ID_11582FD439,0.06323895821790959
ID_2919684D39,0.007930527417295781
ID_E1A8ADE733,0.4170433508170013
ID_C8CE09B771,0.023112142847463647
ID_55123C98F8,0.18198493605443028
ID_544D930105,0.0025788165402448
ID_0572351C96,0.01992482245231222
ID_4BFCD59A65,0.021352086546235795
ID_A72FC97332,0.023429862542385854
ID_EC641DFBF5,0.02160077498079941
ID_33803B2B76,0.023456224409011392
ID_0AA59DAF7F,0.0028421902098443538
ID_3F1FF10C90,0.002
ID_AA9054FD9F,0.028150827724298205
ID_5F5A67FAB0,0.005418445859065478
ID_37A4177311,0.274992358949209
ID_8CA201F2A3,0.07731983301029294
ID_E73876ACAC,0.0026474803208952204
ID_840E4B2BC1,0.13253681559666938
ID_DFEC10A68D,0.0036945108713112764
ID_966C2CEE96,0.04631105256644785
ID_5E8BE87C21,0.5044867407734084
ID_8454A65BDB,0.06950028179143226
ID_F479EBD626,0.4296586210664059
ID_C3A9B9EC76,0.042241696886921386
ID_7CD4CB5C46,0.007908341480700607
ID_ABAB81405E,0.006757135460387749
ID_1234298A94,0.6314726408402968
ID_6BC94F527F,0.013233258389787927
ID_FD4148C41F,0.04661914360723743
ID_798FAD52CC,0.014705332314640508
ID_FA50B04A1E,0.4894883149609865
ID_83D40EAF12,0.009577192815434838
ID_F8F5A0F60A,0.0022107167042223308
ID_FFC7DF234F,0.2652704517994466
ID_8AA4B5A159,0.0067657041180789745
ID_B2E4CFFA80,0.007890903815678285
ID_1CABA01C02,0.02070692029167374
ID_E259130197,0.15607512595354772
ID_2AD04F42EF,0.19641512821601823
ID_FD27C82934,0.2285839915204192
ID_944C361582,0.7810719139093968
ID_57FF0BC022,0.11952824784576159
ID_558570DC95,0.01427556186379478
ID_AEF018ED10,0.020796197164075696
ID_77C97B9BD8,0.06000793661096122
ID_967A516A6E,0.002
ID_8C97D39015,0.019549659556411973
ID_51A64226F8,0.12890761934675674
ID_04326B7833,0.010263926144847437
ID_6E0649C196,0.19430119007708782
ID_90DE3D2A86,0.08884367990061247
ID_5E8395D739,0.03150065555807195
ID_8A983D3A71,0.7797529132889832
ID_B1FC6BB09E,0.011829671247858472
ID_C8DC0AD4C0,0.15534354202638306
ID_89861D0D17,0.7803001316303385
ID_07899E7EF1,0.039394448060515536
ID_612DDF608F,0.020945194458094885
ID_8F59B38CF3,0.09941729381869753
ID_83CFB5DAED,0.04607482953101059
ID_428457C606,0.005606700920673662
ID_C2735E033A,0.002
ID_251BD4902C,0.002
ID_09C95077A0,0.06063238259781621
ID_62ECFDD4F6,0.13536659674673263
ID_AD2E86B08B,0.021148802597466283
ID_6C4456AAE9,0.07901684304083652
ID_1110EE3D2D,0.018674094946352596
ID_970E10CB69,0.9819559842593528
ID_9B00454E25,0.0064587555766739205
ID_36325A15F8,0.2561161245305836
ID_2494B7DAE3,0.0069619067949528895
ID_873107DABB,0.006224006712492242
ID_E20D1DD76B,0.04999033288525327
ID_F8E31889E3,0.5775696306906
ID_2AF707CB2D,0.0064754175263568095
ID_8D16F64C07,0.5087391090099929
ID_8C7245C670,0.3926034097796265
ID_2F90F9EA81,0.0026946062911905764
ID_E6C15ABBEE,0.011017800746316132
ID_2F7E442B88,0.022932689256865757
ID_4F7180695D,0.04333219480715537
ID_34E4897CDE,0.12783600286772415
ID_7AA78A6887,0.014294296545862688
ID_39BB119420,0.017042531340351514
ID_CCF99C7AED,0.7596911131232222
ID_BE2873662F,0.1407705107098467
ID_D03DCCF838,0.013398853562971375
ID_0981BCEC09,0.006664127085620479
ID_78BD9CBAC1,0.00442323467714217
ID_DB2A3FC584,0.0065140441208404775
ID_D03271519D,0.08713483683278876
ID_941C1889B3,0.03905580167750397
ID_69EC480D90,0.07857635589579995
ID_248F98BB02,0.32889233224971304
ID_183B10AB17,0.7453617248638422
ID_3612FE823C,0.6169255803299477
ID_123DE96FAB,0.03617721947352001
ID_27B57D05D3,0.005392918590534357
ID_3D29C52380,0.38740243306789296
ID_FBFB77BD39,0.007806556995927525
ID_2B0C3AD304,0.013259766534460109
ID_9A5C07BD4C,0.03544111762390356
ID_EC65710C3F,0.09033391887968509
ID_47FD66EBBE,0.020352577293777045
ID_D8CCBF5536,0.004709248265825816
ID_0CC47E4CA5,0.4842159789471742
ID_BE59A68A0D,0.0073358637868161285
ID_DD680B8435,0.4195227694789718
ID_5D570CED6A,0.4451530509937857
ID_89463C64DB,0.029410129728193426
ID_3325570CD6,0.00850290736041628
ID_98359FEA55,0.00625398121443818
ID_8C63B5A70D,0.007622630029538517
ID_05FB2EEBA5,0.08999212130294264
ID_D0A59AD359,0.10974209070769109
ID_85CC86EF53,0.012243721205700239
ID_488ECA442F,0.01876126462922981
ID_0E865CEB43,0.854077764778053
ID_A5CA2B64C2,0.6114408338542487
ID_6194F1B2F2,0.01752063824741243
ID_35067D1922,0.18285305441964012
ID_4EF16D532E,0.0038963589199529293
ID_C3F110788E,0.01547715050633216
ID_4586BE3D23,0.002703697765898076
ID_597F7F4010,0.5545678121043872
ID_30E27F5C93,0.004869438573765982
ID_12FE743DE1,0.011356241028900784
ID_D77C489293,0.0646016735850203
ID_85D1876DE2,0.9468508828171343
ID_89A9CF5952,0.21317865585067378
ID_7B9E4749A8,0.06982231009843758
ID_4580CF978F,0.17894875254622838
ID_C117F9429D,0.008156851272048876
ID_194F20E2DE,0.042254488050632144
ID_F0042F4897,0.06456949643265769
ID_F73279789A,0.11961473167481135
ID_E2A1D388F6,0.047887287755715394
ID_1CCAE00DED,0.21008498763702071
ID_2E6F4DB1BD,0.0034950533356396278
ID_613EC98210,0.005294032852789141
ID_AC4665FDA0,0.90709092729043
ID_ABB3297AF6,0.0023076103540486236
ID_CD89C2D199,0.002
ID_EA4EC5DD8A,0.014752287261709499
ID_7E943358C3,0.012172924347164151
ID_13DB7A62DF,0.6200479581181777
ID_4AF66855C4,0.0021092383486879833
ID_B441ACFCAF,0.057607144393503264
ID_64A3EE9BE7,0.015800566486777867
ID_48CC310CB2,0.11619160646538089
ID_C70B2DFD2E,0.08794597478544179
ID_76737B728B,0.011528072080415102
ID_4538EBE37B,0.15651308916364132
ID_498702FB2A,0.5464390082679913
ID_3E2E484831,0.11003218904638147
ID_B5FA620097,0.04642944361763707
ID_E765ECD5C8,0.04447724804170044
ID_2FFDC5322B,0.029381147705232504
ID_5C3483B5E8,0.00276906632525528
ID_82F9F677D6,0.4378042950635921
ID_A1C79801C5,0.02094370375891582
ID_451A5A9D47,0.2976517371553636
ID_C58FA69B51,0.019677938754530694
ID_31A49FEB26,0.024017642473634065
ID_521E74F92F,0.007023815435167346
ID_DAF13DDED5,0.015389055076319514
ID_07F2EE9B31,0.07013125168980604
ID_B1CD6F349A,0.08180251238900745
ID_22B4FA6370,0.002
ID_F6D28EEA3A,0.08176125001723139
ID_A0A5D48922,0.0643347011155144
ID_D28DE96832,0.5394089880260011
ID_DAFE4E7B2A,0.06131638340940367
ID_71A449E880,0.9601444701319726
ID_61DA3866EE,0.04466097095279441
ID_FA812C2328,0.0027872476292281
ID_0D21CBFBB0,0.6594083302933463
ID_3213B6DAA3,0.9960632046915824
ID_6B0C479C38,0.0063069773879464485
ID_BAD7D2AD47,0.2827079181794642
ID_E2E05A0C7F,0.015170435882543541
ID_DC72429428,0.3886988655049059
ID_DDA3E7B7F5,0.5493159364798648
ID_6E1C7BF83A,0.2224641653680722
ID_81798487DD,0.045090225300602985
ID_05BD9C79A8,0.1985747583672669
ID_D24596AEAF,0.32138542845101387
ID_DEF4B1208E,0.1503370563738346
ID_2C1BFEFCF4,0.002733234210579262
ID_F2302DF84E,0.22943763973070808
ID_3EA3437ADD,0.05200192072106995
ID_2F3552F042,0.048675940320910015
ID_435B4285D2,0.030469135484727176
ID_35F2CC3DE9,0.547804877306045
ID_40CA7C4FA5,0.007657942683490588
ID_81C42A3606,0.1423357648699266
ID_A5E4C085C5,0.38303736425481505
ID_7D1FF33F71,0.002889608817754823
ID_59F440185F,0.18247010438392164
ID_85BB1D49D3,0.004585243554398744
ID_DB29103808,0.24987624873621792
ID_B8A77D585B,0.002
ID_2C495DFA4D,0.0035488296401407116
ID_B7422D5C8A,0.23127392902084157
ID_EF74EB6912,0.4794057540359632
ID_B9F207FDD9,0.02128177439295395
ID_533C367AE2,0.00739360822381642
ID_F28816EFFF,0.3819676476874751
ID_EFD472A6CC,0.07752139104001082
ID_52A45D8C2C,0.4879931682523201
ID_6324CFED6D,0.9947303392438542
ID_079369155C,0.0053354819654735566
ID_98422D2C38,0.2588561548612069
ID_2577CC96FC,0.03170030531400441
ID_182BBAE6D6,0.006163761812242815
ID_129842F8ED,0.1403779347916493
ID_5511FB3865,0.01929112176010076
ID_0EE7D48982,0.08717703727543014
ID_A0959354F6,0.013288122928540987
ID_F7E5AD97B2,0.15155150865549352
ID_43CF34E6D2,0.8210919030001926
ID_FC0FE7BF6F,0.006825361624352195
ID_527D20E3EE,0.1947753283540115
ID_504C63AE04,0.043013283184778366
ID_7F41FCBA76,0.1635373234834645
ID_E7A21CD65E,0.5815144452747232
ID_AC804E1261,0.5004322122000819
ID_14A0955505,0.07852710098831804
ID_6263624BA2,0.006851904165213729
ID_50E4A2C591,0.03195395943778231
ID_1295DD4D73,0.014971837728761863
ID_E22A0F10E8,0.00667721076364561
ID_844F7F9DE7,0.05181153557347537
ID_B35FF9C7DE,0.003016457370812109
ID_83080BB568,0.23070998021863257
ID_59A92BFA9E,0.6378311654869082
ID_F83112A9A7,0.10143441099674358
ID_FD6B32920A,0.02367315012661471
ID_F2F0A0B370,0.07476858406602639
ID_037818276F,0.002
ID_11B000B9C1,0.023886502761088255
ID_5ED41EB5D5,0.043086433229000874
ID_6267DBA4EA,0.22496543620440834
ID_CD8A852AA3,0.10256889882893931
ID_7F8C217334,0.019650566728962544
ID_5C13B09C43,0.9845057013100372
ID_3CFC3E32A4,0.9909490060387702
ID_CFC6182E2D,0.2594659412104008
ID_0494D63CBC,0.0202211478654672
ID_FAD3F32692,0.03183666104690487
ID_02FF621D16,0.002126156263168408
ID_C77E8C7B23,0.10640057911033687
ID_DA7D0A5532,0.36359267294871817
ID_C48D2632CF,0.007412413100867189
ID_4DFE572E6F,0.0022026159239026317
ID_3AB76379D6,0.058515393443651656
ID_BEB205F35D,0.006802158926418741
ID_6DDDAB7E42,0.006752171770306359
ID_931E1A0D39,0.026656282209334425
ID_373808060F,0.0064124380468338115
ID_A84FF1CEF4,0.0022563250055071043
ID_DC6B7152D8,0.013787259534947227
ID_5BC15A1A63,0.00886297072226744
ID_FE32635629,0.005055519751364986
ID_DF4DB5704B,0.002
ID_5A105CE08A,0.07784872625201686
ID_73A05357D9,0.13632924368401
ID_0255C9F8A8,0.2682361316619328
ID_AEF714A31D,0.30122466128737235
ID_F45ACBC72C,0.01309783281166095
ID_4925F242AA,0.00516603530027404
ID_31F774A0D6,0.0168154705423431
ID_71B0B10D4C,0.43759189171812346
ID_1EEA3FC177,0.631861712602478
ID_0F53754324,0.003782925922226399
ID_E4B3D6B009,0.07079812234975735
ID_757348971E,0.08831377174313504
ID_2CA3266476,0.016224979922725234
ID_E7F9E76A69,0.21871079576858024
ID_1C67489BA5,0.0037852412857554514
ID_B044851DC7,0.2440053848665739
ID_E6D483C732,0.3926902800805165
ID_0AE784F3A0,0.024593474208886322
ID_6900DC495F,0.03932211389465861
ID_DB030F107B,0.0064029374082213205
ID_AB3A3E35A3,0.006094940380490953
ID_6EBE37A319,0.41450009693574835
ID_C249AFA8BC,0.39119685932885373
ID_A8EF033451,0.002
ID_7DBE8CCCD5,0.0743905693097346
ID_801BE65D5D,0.021089111264810945
ID_4ACF62117F,0.022679741325180476
ID_2E0BA4F139,0.006500310986052717
ID_AEA34D0BDB,0.023743875461685715
ID_F64CF1696F,0.10335633634375499
ID_32D85DFF96,0.0037521440379053223
ID_3501AE4633,0.016498317658082108
ID_2E15A08C7D,0.08627764295584846
ID_FC576E4979,0.013523867599171076
ID_CB2FC9D93A,0.12498169299960854
ID_342FAA14D9,0.007040690814649911
ID_E14C398761,0.09107517473002501
ID_219DBB5D80,0.0927922186786693
ID_91EB990E02,0.002
ID_D6E49266EA,0.156637498443843
ID_E311885CB5,0.002
ID_A39D2ED016,0.09457428992295829
ID_EFC986559C,0.023798920047702503
ID_C601914C21,0.01588930287497905
ID_1C4882CBAB,0.09303611355881074
ID_B2D6C8FCBE,0.1911144312092571
ID_349387A037,0.9125051170119345
ID_BCBB99FB22,0.4009674480812212
ID_C1BE07DAF8,0.008126439314579945
ID_8A21F0F36F,0.06174002004945503
ID_59986069A8,0.014637507019447488
ID_A685A2D651,0.062655207550664
ID_F1D2669714,0.5510592839086698
ID_2F14D7BD4C,0.5287554862497825
ID_0FB13528C6,0.007054479741155592
ID_0A21336BF6,0.09111341168158821
ID_9ECBCB38EF,0.2771680977217553
ID_1AD1848611,0.02290871812405335
ID_EB4449DC27,0.006839649734278633
ID_9BF53DF27A,0.02723791991209916
ID_CFC52D7F5C,0.002
ID_9AE29C1494,0.002
ID_2D6F4D6A30,0.04401708702625707
ID_2C014EDC52,0.16883302665053
ID_71F1F4500F,0.060123383860098
ID_5E0DC46A15,0.007465685545632574
ID_B5E1E20343,0.08489770460562168
ID_2E9947382F,0.021787094787348856
ID_BB0AD0B5B7,0.004712248279266952
ID_A762BE3F0B,0.9609407275096764
ID_E4982680D5,0.0431529801996085
ID_DB664A9EEA,0.08149959903421286
ID_A3EEBD2F04,0.3059689451199762
ID_2F7E676B50,0.04871575464073572
ID_AE2E8D09FF,0.007802293378550113
ID_FECBBD56B0,0.004970647195393729
ID_AF3F7AC71F,0.885439881353705
ID_33A60EC959,0.06866863280619923
ID_6FAF5625BE,0.02041682071794523
ID_E0ED58E869,0.5060801208059481
ID_B041B33F72,0.5392537379129347
ID_1255AE424A,0.017551931566030684
ID_A6643F68AA,0.022148667333036998
ID_D53C433E48,0.21031207847632813
ID_B8003CCE71,0.006066779488391131
ID_B124B24CF1,0.025750475492499245
ID_CE22B99640,0.015781200678919284
ID_2002864798,0.1080302884627626
ID_833C6AA644,0.9862786495549944
ID_BFAF30823A,0.16560905527743003
ID_511CEA4957,0.007106772358757187
ID_CC25674F37,0.3337219221015198
ID_80E0B6350B,0.051299458638669915
ID_ABF3B7B75F,0.007983705709360849
ID_EB345F140F,0.0905550496154055
ID_9B6CC9BB64,0.5320103231535641
ID_3B9E9D3F61,0.08200962966255214
ID_5209155091,0.03279300523336942
ID_CBC54D1256,0.09909174571650227
ID_7204E5331E,0.011201524716635025
ID_BA2A997E9E,0.35726373908786474
ID_1846B93DE2,0.005802013748868916
ID_59B75FEC94,0.21498245791439236
ID_DB0D0D1957,0.3140078204303092
ID_55E823469E,0.25168811976931804
ID_6D13E026B8,0.23030746115064585
ID_C157512177,0.010225574959918857
ID_D571B86F01,0.01648477316650559
ID_BA55704DB5,0.7699826501241114
ID_85FCC2435F,0.0020558138691882588
ID_D934E436B9,0.015469866856736222
ID_BFE612AD76,0.002
ID_926C5C4373,0.06332364819961414
ID_1D1A4329C5,0.09385235044543716
ID_06CD908A31,0.5202638297960912
ID_48FAFFADDF,0.007008773675228167
ID_0D7782B0AF,0.042110683524423737
ID_3213700826,0.9904056451505864
ID_65E8002611,0.21133395782539896
ID_BAC43F6119,0.2698719259875536
ID_D26BE7AC89,0.0573184627750924
ID_59C7C00C06,0.007702485059196299
ID_32EE4D58F6,0.01100612677944254
ID_192DCFC72A,0.14901087284762154
ID_0983F1B487,0.011273106443380117
ID_146AD67CFC,0.006940361676598789
ID_7560EA1AE0,0.042759358142614654
ID_BADDB546CE,0.011388444497569232
ID_DC430215F7,0.007678763690767951
ID_9A8FE268AE,0.0027664933147658103
ID_246C10BFD2,0.011993870152778328
ID_0D9D15000F,0.2548593345524526
ID_33A20FCFBE,0.015018939043156456
ID_04E0070FC6,0.26659198663952816
ID_0D7B454F9F,0.020139765703293355
ID_F1D7A86D08,0.02495771862677344
ID_3D6FD11DF5,0.01344105690709815
ID_F9ABC10DFF,0.360310041940926
ID_3238669517,0.9138884363109583
ID_DFDDF2C8A5,0.002
ID_2C1AE290A2,0.054282569381341184
ID_56D651CBE1,0.006241235356006075
ID_45F38E55CE,0.011346195647317042
ID_2BF09D6A56,0.184120173512874
ID_AD5404B4BC,0.0030045728858716803
ID_8295C036E9,0.002
ID_29C68B7EAC,0.32238127089299373
ID_C748733D70,0.7997800636863923
ID_3726D5A90D,0.8331042007852149
ID_C64C7F4BD7,0.0162635522603263
ID_73D1940D16,0.4277426488245718
ID_66EFA31DEB,0.5945685190595809
ID_8A62051F13,0.46235064514578383
ID_969405EDAD,0.012101422692096755
ID_0F5650A257,0.05705955324068485
ID_A7DE5D1993,0.0251165441777217
ID_22CAE35050,0.006808342205379579
ID_94C58973A8,0.19484818770320395
ID_CD689C8B86,0.006902911890565184
ID_9895B31924,0.04244925843356797
ID_CC5587D193,0.9752066021843956
ID_DD71D5B9C7,0.21430239554137004
ID_4874E9EE11,0.014745993284636154
ID_A3D7EBD787,0.15159168604180556
ID_51C64C977B,0.9239928856558981
ID_F52203063F,0.33407375073355255
ID_F9A7C58FB9,0.004649164087402022
ID_2B6325386E,0.9365411616708936
ID_0DB910B89C,0.01776165247895696
ID_05E3250876,0.026150425657644142
ID_1A03821908,0.002
ID_D4ADF79F6F,0.006833304477544743
ID_4E5D0293D6,0.002
ID_7C3A92C80C,0.012703841485017771
ID_FA1645D48B,0.766228893696155
ID_DFBD655EB8,0.002
ID_DF56D4708D,0.11340842799831703
ID_9D380D32AD,0.01392154274986228
ID_E002BCDA75,0.4601834146609989
ID_AA3AA2E851,0.02946732264566094
ID_0E53F2E2E0,0.021548827502189283
ID_E307AAE371,0.002
ID_8210561AE9,0.0038575216076054564
ID_10A5A4741B,0.14638540155758373
ID_1B3321E1C1,0.0683713089577813
ID_C6A3C0E50A,0.010907172921596533
ID_9FA985DE44,0.002
ID_55DC70CCF0,0.012100601401537943
ID_B99C287BFC,0.006438439434095406
ID_39520D11DC,0.018234517260281788
ID_7AAE0B35CE,0.6965861326542165
ID_40A6C3DA06,0.2225699338495193
ID_81AECF5FA9,0.9910723883827337
ID_509DEA3019,0.002
ID_D589FACA3C,0.004836465229935361
ID_5668B75047,0.011969738988772825
ID_9028FA12F5,0.002
ID_04A6C26823,0.11002411699971106
ID_D9D47C6A5C,0.07156556254529454
ID_85A3C3A986,0.5474926458403417
ID_EFAA34C882,0.0022948506831684144
ID_A68D023904,0.002
ID_63FDBBCF41,0.002
ID_AB3AD8EF9E,0.008488706922498842
ID_DA29FD9349,0.0051694824198628845
ID_295257B748,0.006469260282713386
ID_36C87ED2B1,0.30276631894393546
ID_D3A66EC4FE,0.004781477308087175
ID_D95F6C4043,0.03203954766430839
ID_1801D0399A,0.020545594368010248
ID_609278B40E,0.15777059022986129
ID_EF2003C234,0.4094446809027322
ID_07DC955A4B,0.0990756291333342
ID_91D5BEF1AE,0.0871712917308499
ID_DA452F0423,0.002
ID_BC5ADC0A37,0.040966491583637944
ID_E5A8F614C6,0.36532878039639927
ID_6FBC2987C9,0.12575079992975977
ID_396C12A48E,0.3945309996752763
ID_C8A38FDFEF,0.23001523694519793
ID_DFE995D2C1,0.47716269707804276
ID_1252840ED3,0.04729754865095594
ID_1621FF86E7,0.006181112710592229
ID_E7531041EF,0.09564637819270813
ID_8D86683C4F,0.012658025189858787
ID_E727C0E564,0.055626898981581144
ID_B6F622B3AF,0.002
ID_EC3A03E74E,0.10055259180983706
ID_92D1367AB6,0.5419148081283854
ID_E8C4AFC960,0.2966729003526086
ID_2D3B0C66EA,0.011820588497255076
ID_A4F6222DD6,0.2288356393947699
ID_7BE1556444,0.017705097205940653
ID_9BECF441E0,0.0031186417172427614
ID_F91D783700,0.002
ID_712593B307,0.030228991679508658
ID_82CD0FF5B1,0.01424934359366184
ID_63A273CD9F,0.034735143320961046
ID_38062B2332,0.18359610455581
ID_9C371C8A62,0.39271435930445775
ID_56086C909A,0.0073231746687700385
ID_947DAA753B,0.0022350623342903813
ID_CCAF663616,0.004190671393773596
ID_FF73A3FA04,0.3336019981196669
ID_224F729BEC,0.4475865598135587
ID_FD6FE7086F,0.016334060349441713
ID_11C8D35E4F,0.22107425306016168
ID_B40FCD896B,0.43657619834288625
ID_B02792F954,0.33881851701144494
ID_B6308DDCD4,0.2774551625422547
ID_FAE67CE224,0.024774603434863395
ID_41FDD5E760,0.005850773963083269
ID_17CEFF07C0,0.0020763161261458693
ID_C170C00C0D,0.012092726496969686
ID_A3EBA43649,0.0688592228162069
ID_6CE8319E6C,0.002
ID_46C4DD42C5,0.0064891231761615795
ID_6BA27051D5,0.0021649400156978573
ID_D2FF620565,0.5355496544820363
ID_A1285038B3,0.007414832699944771
ID_B2524C0A97,0.04811972107258627
ID_7CECD05043,0.17136335957105622
ID_30F30EF7B1,0.006363612867944957
ID_77928FC4E7,0.10320553705854198
ID_6F2CEDEB3C,0.14924806661094775
ID_E6D76B1E24,0.9981409726370291
ID_12DFDABCF7,0.0060362748458124725
ID_FDB1DC76FE,0.28130502853168393
ID_0466C490BE,0.04704234293660067
ID_08F5F84D72,0.4502723037502693
ID_A8119913D1,0.07734246053282787
ID_17332E69FE,0.36219751554194224
ID_41F1418E7C,0.08033444244667948
ID_EB20C44C30,0.003871126907964169
ID_38EB8C8BBB,0.01364293491074431
ID_2EFF14D04A,0.1223536080260051
ID_5EBA59A95E,0.011528603211135123
ID_201D140EDB,0.027770888955208947
ID_B928A716CF,0.23602889547920072
ID_4759132FCF,0.02385808802265014
ID_80869649A3,0.10409537484523051
ID_283B0283D0,0.05283129460161809
ID_74C7F2C0A6,0.011238131279957661
ID_F658141048,0.0026515110700322396
ID_779279255F,0.0036695130863562244
ID_DA2B05BCAC,0.23882222412819537
ID_38FE1CE23A,0.5212117906681375
ID_3364DF0566,0.12298552936518725
ID_73F23342DF,0.027665721209060825
ID_8619D21306,0.0131531202473964
ID_A1E6076807,0.006991940411208013
ID_4EBA2D08D5,0.7523387056512266
ID_E0990E836A,0.004733919385147778
ID_BD638B149A,0.0060752657688109115
ID_CB88464734,0.08222266490053426
ID_0C4C660909,0.005953058321440319
ID_DB4A785E11,0.00358216017771315
ID_9E4E57B221,0.12450455139813638
ID_822EC3EEE9,0.04605695492025842
ID_4448A16746,0.024848961741533535
ID_D277D46759,0.02250791155292662
ID_E292F07200,0.14025844250362798
ID_00B98745BE,0.09651063461813811
ID_F2C7457DC1,0.002
ID_62E8B0605D,0.057559388359164715
ID_9FE2C406D1,0.002917062079010244
ID_4CAC353088,0.06632945381001924
ID_AFFEF4E65F,0.328981675994046
ID_9F6CEFE158,0.042378530539144615
ID_5A29A955B4,0.20819089857240766
ID_3BBFC7BF2A,0.012591225061981967
ID_DAAAF3B9C8,0.7750154043263837
ID_6FD9C71B3C,0.5397443872577804
ID_7B9311EDDA,0.06206783917306059
ID_19FCFC3473,0.13087477687882207
ID_25B3E3A052,0.043524033810083185
ID_9780687305,0.04187967477835843
ID_EA339AB18C,0.6950916811599536
ID_0C2C24499D,0.002
ID_97BBBD206E,0.27563973035927475
ID_C6AB4FF410,0.002
ID_14203351C4,0.002
ID_557FF301F9,0.002
ID_BF24D24ACD,0.04006688223428944
ID_2F3C9FCE50,0.25807208406138965
ID_674A9533C8,0.126103697553416
ID_2C9B092A10,0.0480557982440045
ID_AAD5538623,0.09352700778154391
ID_AAF71FA0E3,0.19625482932669783
ID_6FC5F02D28,0.07683057301500062
ID_284C157AB3,0.0611617758104473
ID_1C82502EF7,0.05242406240588417
ID_D09C5F8100,0.025405441484963716
ID_6DE32419B8,0.007969753257315165
ID_E7121EB5C5,0.04789969673741942
ID_4E69053450,0.06301347993131229
ID_B0EF54EA77,0.34816197099427754
ID_F86D3F96BF,0.4551165916344066
ID_FAA2A2F754,0.0059115694665814915
ID_0B079EFCF7,0.07704099875697731
ID_A07B28B240,0.010528623502578294
ID_A30FB87F93,0.002
ID_A59D1561C2,0.11736682256359834
ID_B942A0E2DE,0.006447664203010366
ID_831B8F54DF,0.17604850055120733
ID_F2E05192D9,0.8354618519829502
ID_0398019F63,0.04673048650309951
ID_44977015BD,0.00465427894335792
ID_6F4A6DCD91,0.013840884603779646
ID_EFF0E08EED,0.0632321852098339
ID_C23FA15B36,0.003621561172311402
ID_970F276F3E,0.09982446160302895
ID_6D69BF9497,0.0800723635994379
ID_2AF6D64104,0.011624517353454216
ID_01710E8DFF,0.04741415250338
ID_F7B153FF1B,0.002
ID_108AAB6890,0.007726539432116849
ID_8415FF3B08,0.6570337493880354
ID_FC4C74D689,0.23273077515741777
ID_F2FABF6C2A,0.04898536463581466
ID_7FFCF1762A,0.37102908261036394
ID_456848FFD2,0.002
ID_24A8E6D652,0.9916475883329059
ID_27C1C9EC0C,0.10940191944961877
ID_3F9A5DE16B,0.011993136511003179
ID_BE0571A001,0.002
ID_5D4B0D4871,0.007354686255622929
ID_923FEB0B1E,0.002
ID_4A311B00AB,0.005898047182819395
ID_7303BF3B72,0.016119498521064618
ID_B9B1FB4E9B,0.002054895622550582
ID_BAB11E7759,0.09429635768187135
ID_9114F209D1,0.04339792092833865
ID_E1C18BB55A,0.002
ID_A7A6F45135,0.20551543566591993
ID_D2BF396801,0.01196946115485603
ID_CB688FF6C5,0.022889685688243903
ID_2C1400D879,0.7492279329786952
ID_9B87560B73,0.006293578156940881
ID_EC764B82FD,0.01065006532246748
ID_41DD97D70F,0.8672040214837875
ID_EF6F267B8C,0.013341919576844675
ID_2F1E9CF1FF,0.012008810459372216
ID_4338F36C94,0.09742401754772764
ID_30278B7850,0.24161315724897836
ID_2EB2AEB389,0.019862596778673056
ID_8E85EF41B1,0.04225693965062727
ID_64C52F53AA,0.35921395457033195
ID_0BD150AB2F,0.015097619986620046
ID_99989D108F,0.02867491822618255
ID_210DB50ED2,0.8535404364785883
ID_B75D573AEA,0.01338467553801056
ID_C12EB8B272,0.134638617051382
ID_D3E4B03C68,0.14755900858151402
ID_83453F35BE,0.10191498728888755
ID_0FD918D6A9,0.07399410135141292
ID_66A10C9234,0.22895501932826973
ID_B16F7C22B8,0.022552186867788294
ID_6F01456692,0.004749756135889096
ID_9B0C8E562E,0.01172818476370651
ID_0165779187,0.2673162756726281
ID_2E38CF1B10,0.0072694073184994875
ID_CDBF83578E,0.9767764989569613
ID_0379970339,0.21614708946317285
ID_3175E180F9,0.15137068373717988
ID_D4E2427F1B,0.21764107616815853
ID_D060747D4C,0.023967140868730013
ID_E0934B686E,0.002
ID_FFC00DB990,0.048506443291386744
ID_D9A0F747C6,0.011834329874301872
ID_A538C83954,0.23109199750100992
ID_CDCDA54CC4,0.006880734481862874
ID_93E1CFA5FD,0.05302660416396707
ID_269F0FC650,0.29221565805709493
ID_D70841A03E,0.022010814490991477
ID_DD4F93FE46,0.002
ID_B11EB36C78,0.12081479011774017
ID_DE7253E8A6,0.01285500491894374
ID_050AA3C1BB,0.6237662063957339
ID_5E79E0BD58,0.21426149717968224
ID_E6735A8240,0.3499075991025337
ID_5A233ABEA1,0.0990836563969135
ID_32E5EDDAFB,0.040761450357707035
ID_581E2C06E7,0.7071722979250435
ID_0731903F8F,0.14640380889804513
ID_B7A3CF192C,0.01939402767487655
ID_3F80FF57E3,0.04245284348359708
ID_52407DB937,0.002
ID_B332AC2F1D,0.3516242995323685
ID_D39D7CCAAD,0.2666386004848446
ID_D9BA8F4757,0.2102325151507958
ID_7704644311,0.4042951179038707
ID_8FE5FC1A2A,0.19022379278047788
ID_716F318E1F,0.45399655787374343
ID_42B99943BC,0.025878398781364057
ID_C5D987DF8F,0.04949877133785415
ID_F9CF107493,0.9105895927130785
ID_1A57820078,0.047228614901541933
ID_9BD0EEE11A,0.00926384295559202
ID_49320847E8,0.02713421709331805
ID_575EFA8586,0.017016027590969145
ID_ED4E2ECFA3,0.0175761394409298
ID_EE60FD9EA0,0.852387889251621
ID_D990DFAEFD,0.002
ID_BDBA81FB4F,0.5014496246415345
ID_F97223D247,0.007674672270681922
ID_7BCE51804C,0.9925386194669218
ID_DF59ACA7B1,0.005275204644390518
ID_415F3CDA24,0.08687333413109101
ID_053B05E2D7,0.14126217849886313
ID_7AB7877505,0.002
ID_AF47991950,0.36449027006424334
ID_B9EF278617,0.046947005954587534
ID_36764941D8,0.0248697148706208
ID_4519368C0B,0.00932563969112663
ID_2C22E27FF6,0.06450074033610194
ID_9A251F5DFE,0.006860900892863988
ID_DC019B8C3D,0.01161100528294267
ID_1E970B09E0,0.09638754096107433
ID_3BF3D9AC79,0.10497172393291729
ID_C833E078A9,0.7583759895467294
ID_B072B69B16,0.007065155968276701
ID_C9F042090A,0.014544689131940281
ID_2DA76C62D6,0.00489208189707194
ID_23A7B553EA,0.6584643453224588
ID_CAE8597510,0.002175421382085048
ID_04A4A09091,0.4478095825638191
ID_5F7CBED754,0.012320074300848827
ID_AA941E86A0,0.036772171953812195
ID_F56F31AD18,0.012711317177401378
ID_2BE971AA49,0.06889755427159609
ID_D88BB17E3D,0.07706793905944136
ID_135C234520,0.006004363586973766
ID_E36E8B65A4,0.20181710292562077
ID_05101E8EB5,0.04700068475231528
ID_4E757FA669,0.12450290471623088
ID_649AA37B54,0.006670458549796082
ID_DAEB562D90,0.002
ID_7FCC02038E,0.022111463221594935
ID_52E958B9C0,0.01011426642724548
ID_F17381EB43,0.002776320433214014
ID_F4AD510217,0.1400972214764215
ID_D8BAAA4CC9,0.006553071243855993
ID_BC58F353AA,0.3648210781209192
ID_FE74E234F4,0.25975893559296426
ID_00645341D6,0.027922961338191093
ID_B491C50628,0.22515852858420768
ID_DE0A7847E2,0.05914379335046294
ID_2710625392,0.002
ID_B74F878ABC,0.14610011747589127
ID_722572CB4B,0.0993642440998763
ID_A06C600D05,0.002
ID_F95E81C9F7,0.019742026198538754
ID_3F24907D85,0.016512013281857703
ID_14B2F3BD4C,0.009669980047144167
ID_F27632B298,0.09036355546986712
ID_F3B28761C3,0.038752237682842014
ID_9E2FCE3EEE,0.05113778095514983
ID_24E1DAC2F4,0.006153992870535471
ID_F4BA70EA19,0.012517814271331206
ID_0A07ABDB09,0.6485932276757885
ID_8EED9F6622,0.006401653154072162
ID_ED5BA0A794,0.5372365974247404
ID_7DE2F78194,0.003931450487486165
ID_C44C3C509B,0.022422385829743943
ID_B3737DB52A,0.0318516170963309
ID_C7281FE087,0.02847756114871329
ID_C3FB7CAEA1,0.012556682508843814
ID_ACF8E37D1A,0.007889619369764301
ID_7054E94F08,0.064920058872935
ID_A84F95A9BA,0.00668078913789032
ID_BBAB908307,0.025370763678308747
ID_4996394B69,0.002
ID_9E82419408,0.01927440363034689
ID_0E772B4108,0.18504119097658162
ID_335AC9183C,0.00756810157076152
ID_DFB48A4AFB,0.004922846063492998
ID_4106EB34D0,0.0037780726207810606
ID_CF50DAD766,0.006821592898567921
ID_31C835ABA2,0.002
ID_0317BFB518,0.012062973025295073
ID_444FBC8197,0.0059657606562392
ID_99CB66D32F,0.002982891687790669
ID_4949815AA8,0.5622431067940733
ID_F435268F6D,0.6726084748947431
ID_05041AE35B,0.14611923287981515
ID_0B1D0E60A8,0.9809236556931026
ID_42E3C665A8,0.24694245471294646
ID_EEE5404361,0.06691390824999222
ID_3C92FF1B98,0.002
ID_990398B9F6,0.04078837697700234
ID_B7ED10700C,0.04735775500317969
ID_215387B540,0.002
ID_CE2D0BD6C0,0.002
ID_5E9560FBE6,0.002637028075222427
ID_660F7A1BD1,0.012739474631986393
ID_E149B2F419,0.6976853091377021
ID_7E3E205393,0.07038928933165606
ID_235E8CE08F,0.3015848337120474
ID_EB8904B157,0.99744136851606
ID_38AA2CDB04,0.007495668535476727
ID_97838B27DC,0.18635847407722472
ID_56282E0057,0.025082392469013986
ID_2B5967897B,0.08215514034922441
ID_C4EAB1F2DF,0.9071803946918013
ID_C42264CEEC,0.04591258960905688
ID_16E6C538B2,0.004773131508562951
ID_6E38641A56,0.09483267897605434
ID_6FBE9FED18,0.005971455891315733
ID_EE441994D6,0.11971186735582848
ID_FB032731C2,0.1329806596307885
ID_4C52F440B3,0.8815775387471707
ID_21C8835864,0.04390671112905116
ID_E411713F8B,0.002
ID_74CD7BE89E,0.04050155887761529
ID_4C66D73CC4,0.9819566821261572
ID_908F3C5E61,0.006447842300933383
ID_F664ADF3FE,0.00526202315636535
ID_34A4330707,0.011348300168865351
ID_FB02CBC6CA,0.5530531153235126
ID_6BC606EAE7,0.33853607732472807
ID_0EA0733E26,0.1348463887178387
ID_4CB98825A4,0.002
ID_5DDF48BB06,0.13272553038498588
ID_F64DE1B075,0.005957752362148366
ID_5914C3A988,0.6618272263393223
ID_2490640571,0.022751338520844825
ID_F3C544D0D6,0.10782916430672344
ID_5577900013,0.002
ID_D577FE03E5,0.06595365661238564
ID_F09DC590AF,0.00589370568934458
ID_5A1AB47B9A,0.1395736540049831
ID_3CEFF38248,0.053847561234103655
ID_81DC30D866,0.002
ID_6F87220853,0.30296391024986524
ID_BAC5EF4D51,0.02877739079307816
ID_1DA70AB6C8,0.013845481617081051
ID_5A7C733AE0,0.002173558230240506
ID_2FB1C94B99,0.09391865048922293
ID_E31D3654B1,0.3918136277540809
ID_BC1EC3A83C,0.002769481970106724
ID_2E4E0BE62E,0.028382945338340085
ID_39B4748D2E,0.023563142765253568
ID_5AA91E5A33,0.7751426501619987
ID_804B261BA3,0.11587065422590807
ID_AC4146E7B7,0.005240199352060928
ID_01D4A41450,0.015462915038297692
ID_C6F2EA5221,0.0508957053477315
ID_3432C96348,0.002
ID_CC03818E36,0.04588847542418274
ID_06569DEEEC,0.34452601248685943
ID_95DDF514DD,0.002
ID_560C9CED6B,0.011457837421666279
ID_2451FB923C,0.010037421974403615
ID_5CB77E69B9,0.021148314015352603
ID_BF1DE741A4,0.015292545766669824
ID_F6BCF5D2BF,0.20916714597811345
ID_5C2999A56F,0.002
ID_CE798FC335,0.0068151061542693755
ID_936C934E96,0.13113434668326746
ID_E28370B967,0.4402045098083337
ID_6EC52C616A,0.0479583785466062
ID_22E2F0CA82,0.3745634707677284
ID_9BE89BA247,0.06407592174963268
ID_36CF0F2234,0.011551190884418598
ID_96F4327631,0.011676879111959044
ID_C2D73FF25B,0.0023570080251077894
ID_15D5AF7522,0.0027076600117896163
ID_908C8A1310,0.006201110847582725
ID_A5079E6913,0.0035247394906835253
ID_9A1DDD989C,0.009137601677246322
ID_89322AAFE8,0.002
ID_EEF1F49D30,0.5921961511395538
ID_3A303FB2DC,0.07989002808507978
ID_0FC5DF6BF0,0.016787822278958187
ID_C898696BF4,0.002
ID_40A24419B5,0.013218582966792358
ID_42C09FA8FB,0.9820580983992763
ID_AF76F02703,0.35555920033801097
ID_968D118019,0.19993077322581526
ID_FBB0E7A2CF,0.14282089161973327
ID_9728F6B3A5,0.08127253779289725
ID_7DEDD5C3F8,0.002
ID_38B2B71182,0.011085099443363902
ID_CBF6464C23,0.015198524391120967
ID_FC0DF18E3B,0.31769877297562193
ID_63FBDDBC0E,0.01992146693197305
ID_9281201BAA,0.025418695760297493
ID_539653D373,0.008014644828417064
ID_C7B5EC77C4,0.03975776055484305
ID_5611496E9F,0.2627032686756763
ID_0FA50785DC,0.02118479373817325
ID_C9D58FF66D,0.4742853256274891
ID_6996056B1A,0.003373995673816757
ID_ABFB80FD35,0.7021927935393077
ID_8C3A556246,0.1195449186866181
ID_CD03B395B7,0.12880692656819828
ID_B4A1E2087C,0.03130981974634397
ID_694F657D0F,0.9716064461377059
ID_2B976F0E3C,0.2981370847619118
ID_85723C74E6,0.012730455411674281
ID_D143E24F8B,0.023571078130057977
ID_56B0BF0AB7,0.002
ID_6F60406EEF,0.045585911084782806
ID_4F17A9DE66,0.148391676270531
ID_3442BD3852,0.1512933173952362
ID_3BC1C636CA,0.04241012989774022
ID_99F795C4E7,0.15821485670845317
ID_CE55E2CB7C,0.8842957506129213
ID_9E0A5A3F72,0.015672678575496268
ID_D5FF89C8DA,0.022710136590642395
ID_9935FC8880,0.17469518633713568
ID_15D57C400C,0.002
ID_BD252FC007,0.00227445045992673
ID_1616786C8D,0.5018782728165824
ID_98F7961BF7,0.007118463696123453
ID_2FF885053E,0.0922370935788089
ID_87C6B177E4,0.007605181428543981
ID_4C98FFB6A5,0.011118717004272841
ID_769B8E3177,0.002
ID_B4B25A2168,0.011225176061742564
ID_D093500D33,0.9479811158914393
ID_B67640CB85,0.006715285091313137
ID_05CE2181CF,0.048438240654727426
ID_90CBC00605,0.664681508025029
ID_389A50A35C,0.006748730251600089
ID_09B12CDCCC,0.07016229203587801
ID_64567BB6F6,0.516291371930462
ID_88CD3DA480,0.06680282673754619
ID_E1BE47F0A6,0.022841251803259573
ID_0F8EC2A194,0.02396440616573771
ID_8D67436D36,0.01257753584832724
ID_F00F1694D9,0.08726553984796304
ID_5C51275496,0.13819687647629522
ID_5D379A7CBC,0.04767390850361825
ID_E66C4CD68F,0.09529186062895043
ID_748CA6F011,0.2845222934418831
ID_5028C55065,0.7529517485155909
ID_2DF9240B54,0.02612899392808805
ID_0419764396,0.011787884137486033
ID_631E0FF829,0.2521319057202607
ID_B62FFE2AFE,0.00726816570103413
ID_A74F8225CE,0.7751949952945314
ID_B6E6862998,0.002
ID_F76DDCC1FC,0.31794530909307434
ID_1C7072A436,0.029163629168683886
ID_B0A625852B,0.37002850810148247
ID_00148C5F6D,0.019161276765936267
ID_25CE3A3394,0.006375056718280388
ID_E4FBA9C7B4,0.05369682280049908
ID_DD44E69085,0.6544365925557534
ID_00E24B34C5,0.030938983463214362
ID_35EF5D1CA8,0.886837347731839
ID_58A1F7BE09,0.27574052780927083
ID_4FD80EE95D,0.011227547614823112
ID_1792D64ECC,0.006585238706040855
ID_532F80622C,0.002
ID_92ACB5147D,0.016353361665637417
ID_74A5CCB3F4,0.8897452709585102
ID_74686CF8BD,0.002
ID_9EF7A22F75,0.002
ID_10F4FF6D03,0.05681113443841458
ID_918BF02884,0.012496683491762852
ID_F79E6E0FF1,0.002
ID_6B60733A51,0.002
ID_344D005076,0.0064243946570475855
ID_480B5D8A78,0.01239409839756165
ID_BA1FF1A1EA,0.33751099619386715
ID_0463C59B7A,0.018702702447286768
ID_789609ADA7,0.1328602887290079
ID_DEF313A76D,0.002
ID_EA85986C9C,0.010822955276581609
ID_A28BB39739,0.3762897813107272
ID_70BCB5607C,0.024951637809072277
ID_CB98817BEC,0.35872609345885825
ID_6F80BF1FCF,0.17900575141600789
ID_82AA8003D7,0.06840324062943025
ID_13D5E97F65,0.007494354206484608
ID_BF2E0F7C94,0.2515251559015087
ID_57E94924A4,0.0035617792460065096
ID_A5CDAC3CE2,0.3522248674587318
ID_76209D47F1,0.0068506601764746254
ID_7DDA90FF42,0.0035263664175244802
ID_7BD533ED1A,0.01576535484625513
ID_B476EB1B82,0.011590827358557884
ID_02C2FE932E,0.0205359037523731
ID_86AAF02DC5,0.005781835486193118
ID_98BF59EDAE,0.2320766984969875
ID_6143B01ADF,0.08599267752823737
ID_7A4F43F74B,0.04449261914414951
ID_79E2932F89,0.06668896546557451
ID_797416EAA6,0.139905877488446
ID_0458739676,0.9954606412424464
ID_50A536D6F3,0.0021750306673457014
ID_C7B9A4A8CE,0.48351199393310423
ID_8A3C769D1B,0.01250563532061725
ID_333A0D556A,0.006529882072603839
ID_B85F4B4333,0.002
ID_D63DD272FC,0.013545847637102988
ID_2AFFE28766,0.0045887156019274716
ID_710F46435A,0.1207938513837842
ID_6F84681DA8,0.19210262123646135
ID_234AABF434,0.012623964103907754
ID_5383427CE9,0.08758343957402591
ID_AB0A100AEA,0.046755348410498124
ID_17FE086A9C,0.6512788518133821
ID_494D659DA2,0.002
ID_13E0084404,0.01633865407599774
ID_9FD130212A,0.04792256208475733
ID_C89E450C31,0.002
ID_1EAAA5C185,0.002
ID_76FE3A4890,0.002
ID_79D738174D,0.18591778148921687
ID_05F4339C07,0.8031059982304863
ID_9D4AF233CC,0.006262474488346417
ID_BA538E6354,0.032503552656010654
ID_790E4B380A,0.018134531271334447
ID_7DC8CDE642,0.008103503139180023
ID_4A3E1C93DC,0.04316066437456157
ID_7B11859AD0,0.005864264158697976
ID_3CF8B1660D,0.00504642013208845
ID_7A363537A0,0.01187178410614455
ID_86C17399BF,0.002
ID_9B9D9E296B,0.002
ID_A454025EA4,0.007694101405295371
ID_84920BDEA0,0.014357325747896652
ID_F7E81559BD,0.015332077629587508
ID_658295667E,0.014803343767066232
ID_F25BB27CF5,0.30190357396939754
ID_462D2355FD,0.005256532282601955
ID_B3D63EFB5B,0.002
ID_7FAACF7EB9,0.08168022871031325
ID_956FA8F2DA,0.5345664291073302
ID_0E7FDAB599,0.010427629560717914
ID_6FA26FC295,0.09150012056611143
ID_4F142A7501,0.1305675435168922
ID_9CB1637F2E,0.39294563795764137
ID_0CBCAA188F,0.5248476499298056
ID_40F3F45719,0.9921764722197876
ID_3A5F0A4FA2,0.2958398766523612
ID_A3F72FDFC1,0.006931856814349936
ID_1E691AB65E,0.014971099405223858
ID_3511005D7E,0.038608571796777874
ID_A7505761A6,0.04301761127380822
ID_8704DFC173,0.07345103923598251
ID_A91ECAE73F,0.7466689051949846
ID_F534B93497,0.002
ID_4C4BFCA65F,0.23471858695253228
ID_923C922CCD,0.9687433375928839
ID_6BB67425A9,0.01794609345345461
ID_F2D1B9FBB1,0.019590647184286988
ID_A48862B2C5,0.06535696119678895
ID_FF14F07B6A,0.002
ID_2446A3A1F0,0.05580031380402223
ID_AB67BB12C4,0.002
ID_899F2A4BCE,0.007585361273794727
ID_414122665C,0.002
ID_2A078D4A7E,0.04480385850575978
ID_78C63A25C9,0.2847387900923342
ID_EF214B6E84,0.07783921035676461
ID_858932325A,0.1688041058368914
ID_B544337EAB,0.014271116306126116
ID_B1AB22BFFB,0.2849423665391608
ID_50A770825A,0.012704573798378482
ID_24992678C0,0.7186357616998437
ID_A7BE5CCEA6,0.07359936301878725
ID_5F8C61D072,0.012146578542658703
ID_26458E4BE1,0.0217002046564859
ID_4E706B0672,0.04217191259211364
ID_D8BF368676,0.002
ID_FFC2298CD3,0.6969537908191387
ID_82B3F920D3,0.012786817229795626
ID_1E48F6F096,0.08348296671107353
ID_A4822BB76D,0.2104877075686872
ID_3A5AC9D2B3,0.3853138582046448
ID_A7B8975F46,0.44039089979001844
ID_FE503DA825,0.03550444133297114
ID_C837FE82B6,0.002
ID_3846AFB6D2,0.054379388703224896
ID_3C0383CE09,0.002
ID_4E6560B637,0.002
ID_036D6C78DA,0.05865991579155311
ID_D65C0EFBA0,0.018086042563718825
ID_A8EF598E3A,0.01466481416257951
ID_A7F6DE2003,0.0787647376001523
ID_A1A71EC285,0.023548206266727604
ID_5A28C33795,0.017496693417107922
ID_CCC51C768D,0.019576358523805504
ID_112C23C80D,0.002
ID_DDD4E293B8,0.2020699661863462
ID_53F8093176,0.043924780362864985
ID_4A2EA7B1A9,0.0020624365491634243
ID_4976BDE25F,0.002
ID_1D87C6FB9B,0.7144241834060451
ID_AB68E86D86,0.013831684134810156
ID_AB4D42A094,0.005159518443291373
ID_C2EB67DA25,0.004540858557818558
ID_D860DDC7F5,0.002
ID_86694980BF,0.011354736414512234
ID_C49CE5DD55,0.0038221445498533998
ID_8276D8E817,0.004068845398123306
ID_E27C9D8EA6,0.01969125995397849
ID_784CC8843F,0.019093428012582084
ID_D1C6A3A871,0.39490818636635816
ID_D039C40666,0.29039376191038724
ID_51E0B48603,0.006901315616681793
ID_5297A024A9,0.0028087187238666966
ID_2DC16FA2FD,0.005105542906051311
ID_0830AE8624,0.020393142246901856
ID_E827F99668,0.9969503754630609
ID_9362F34965,0.014882413221613095
ID_77A353CB29,0.011314776212459358
ID_59ED77E42F,0.07052558604139633
ID_36BF9DEC2F,0.002
ID_3FF3234D15,0.006677634065654563
ID_3A9BA332B5,0.07008686126162801
ID_8720951803,0.6200245994524766
ID_8049D1E759,0.04561361447285657
ID_FF05365B9A,0.2916448282413178
ID_0BFB0757F0,0.07573510148395737
ID_F64C393EB1,0.048726716139825876
ID_7BB220A0D0,0.002287254699072871
ID_CB95B47E18,0.4846838160323346
ID_1175069F93,0.08510241341799843
ID_D5EC6CAB01,0.013439385600876586
ID_94D760D3D8,0.588818951989806
ID_58039B8FF4,0.016033470905702056
ID_A6FCC425FB,0.017959989633890606
ID_B3F22C1A9E,0.13698006974618868
ID_1566F00CE2,0.07080567644629313
ID_58778C5DE9,0.7126868622447436
ID_2E2D73EDC1,0.8053033945134148
ID_F09F9380E5,0.9911503984462487
ID_A6FC4E3211,0.024149756027020436
ID_9F887FED6C,0.16205761428381718
ID_BF272E55C0,0.002
ID_238136AB75,0.05053073090795732
ID_665DB8016F,0.002
ID_9A1BA2A0C5,0.1112639957072107
ID_63D0CC13B1,0.23823140351162242
ID_1805F28246,0.04516602713908619
ID_2F2464EC88,0.006597784690955909
ID_A2164A5548,0.2482944717458841
ID_93A185FE29,0.033475722406207546
ID_D6F2A35481,0.12423727251715101
ID_61962B5876,0.02237388207138833
ID_1162079273,0.0022694055537622734
ID_BA2FC8D2C3,0.009137925956946015
ID_82321F252D,0.6857680168859316
ID_6AF3F5BC59,0.007208445578295697
ID_F700924546,0.002
ID_1BD6A9DFE3,0.002
ID_3446E3EE5B,0.9967786300034499
ID_A8C83F7EBD,0.08770886961061758
ID_A5A63B2D1D,0.08924289093468263
ID_CC02B47819,0.012513756346986938
ID_4A586F351C,0.874801740331866
ID_BCC2D4CABA,0.48047192798540483
ID_5F7E5B231E,0.3160553004123238
ID_FECB188C54,0.9969129962006232
ID_B2118A5A59,0.052501463277039556
ID_5C27BB949B,0.44703350108516204
ID_8BCB3B93EE,0.925395300211351
ID_857FA8492F,0.002
ID_907C758425,0.002
ID_BD6601B532,0.3872340927550992
ID_F4EF007B59,0.04878816783583384
ID_337E9A23FD,0.8192516410159002
ID_B04468F8E9,0.0025010284580970965
ID_6FD4562D86,0.01364567611462399
ID_F0CB51B440,0.013999775793366538
ID_50900B5D2A,0.002
ID_62CBB3C314,0.0894355112848449
ID_9BB9FAA350,0.045855857355791604
ID_267E8CD813,0.002910996839232286
ID_E6605E8151,0.0220844550139017
ID_B8123353D3,0.006315081284733103
ID_01E872E54C,0.6601799636526926
ID_B58DCF5A4F,0.661710978169783
ID_0139AE043B,0.002
ID_17A1BF8D87,0.005889094995967534
ID_F2CD2A01E3,0.52975457540631
ID_E7F22382B3,0.002
ID_0DCF415DF4,0.01375019740763332
ID_8C4B15B677,0.002
ID_2E0D73F0C3,0.9978208446903661
ID_B6210452EB,0.002
ID_CA8E8FEBB5,0.006672878207049275
ID_E92EF22E79,0.02739731741739337
ID_68EF85D753,0.3275740581997926
ID_7F57840D7A,0.01088019208414871
ID_D179937DCA,0.014521480421963537
ID_DEC1F70FC5,0.18364142922807242
ID_FAF1C5F687,0.04200258227117549
ID_C710BCDC4F,0.6917158769061518
ID_75CDE5BA54,0.08513755528507924
ID_E9BF93FD42,0.4174860882665527
ID_EB387FF170,0.011751042842862783
ID_2A43ABA201,0.007572293435825793
ID_0DE65FF5F9,0.5005848290566408
ID_57E37CFCD4,0.660957418181554
ID_4182BC77EC,0.022400761238172622
ID_329951440C,0.012015445237822855
ID_0BFE88D6F2,0.04533945022838445
ID_5C345DD870,0.1468962289432731
ID_0A0535D3FC,0.0067499423172690245
ID_1DB163504C,0.09471899067304619
ID_B253861A4E,0.061817381695838884
ID_FC05CE9A27,0.012327435016596056
ID_ACA3C6A844,0.06452779319690262
ID_501DEA986A,0.012165435122021442
ID_810343CF2A,0.8808782907888167
ID_1F6152F64A,0.043227705328130014
ID_6E860A6635,0.5807782775990429
ID_2B7908CA2B,0.6591210063272519
ID_999BE82E12,0.027192217224666925
ID_A05CDD6A74,0.03479156077949616
ID_22F85AF1CD,0.003542745145448208
ID_CE0EAA6AAD,0.5375602711772254
ID_785F7D06AF,0.75174071305744
ID_481F23FE21,0.004951797984887235
ID_6415073E70,0.00894431806610336
ID_EA37576349,0.08857505677849914
ID_EA79818D47,0.002
ID_C2920ADDDF,0.029950070286666654
ID_BDCACAADF9,0.01863938146457651
ID_E5C0075F6C,0.04719605603339696
ID_538D26477A,0.002323514925821838
ID_747A61E115,0.06744266147637507
ID_01FEF3885C,0.006984708388197057
ID_A291156651,0.08638232197606546
ID_9516014213,0.930021052183126
ID_D9E719B612,0.002
ID_296629C24E,0.013725996057613116
ID_DB4D48D52C,0.0025215425436595795
ID_65E5378AE4,0.37039730951459254
ID_5484C92544,0.007900059506199186
ID_7B43F30FFA,0.09641764245977703
ID_7642C9953E,0.002209052205852448
ID_D4FA08B02F,0.31295123779445
ID_8DD0B7F5AD,0.04679261149474107
ID_B01FB5CF88,0.016917301516055538
ID_A7DA0CEDDF,0.0021345900633722684
ID_D8717CBCB3,0.019155225416055254
ID_BDE6578563,0.9669811176344231
ID_E2B2630F52,0.194007588438393
ID_5F6D74616F,0.016268226855958034
ID_AF7D84687A,0.002
ID_ABFED3B5E2,0.002
ID_350CDBF0D5,0.14315208786652747
ID_CC11AA39E1,0.0366524292387072
ID_4CF07C3C7C,0.0051172797543097065
ID_00E05D9A54,0.09278800706322461
ID_DD5B401A86,0.002
ID_EF758C63F7,0.4021224632232758
ID_5472621A52,0.0061088191701132956
ID_77BFE5B247,0.202198192735229
ID_F0A9DA59E2,0.005018301849686688
ID_B727A12CFB,0.30786768382826213
ID_99A4608F8E,0.45383588182817436
ID_FABE111158,0.08583945071724966
ID_F4D75451A2,0.00701233671283169
ID_F2C7CB521B,0.0034302854941203782
ID_9E795393CB,0.027688538775723595
ID_9A2EEA48E2,0.17571253706345405
ID_2DA99FC4D9,0.02069145461896647
ID_443357E72F,0.016998090119605506
ID_4DD182AF91,0.0067898336200263865
ID_3F9FDC0F3F,0.005811053451590799
ID_6100193D26,0.013304158763736718
ID_69893767D8,0.015724254029598966
ID_6025B8DFB8,0.05438900355708804
ID_372BFB643F,0.027506716357823976
ID_927CE2C07F,0.017227559763051865
ID_9600B20897,0.0717731223865674
ID_28DB832620,0.12792809503394956
ID_46310A04D0,0.0020548137741118436
ID_19F814B670,0.008288393350855771
ID_68149B69E0,0.3840689032775893
ID_D57467FE06,0.010236388469750083
ID_FCECD41B4E,0.002
ID_2327D86634,0.7930634777115472
ID_C97801703A,0.05854890050777301
ID_D5F2B3F222,0.15704414762578642
ID_75724C9D8C,0.00398147893598157
ID_4C31244CC6,0.006018392540865701
ID_0EFE43EB27,0.026365886172247173
ID_2C68B1638A,0.9274930154302599
ID_A4761121CC,0.002
ID_0CDC334452,0.054805134751490105
ID_C35B84DD46,0.06530245991304753
ID_DF8EEEC13B,0.005855383459018476
ID_267931F80A,0.02265614439372133
ID_1DA9D6955F,0.6941077905152704
ID_083B4E9920,0.016644439495222357
ID_B887DE8011,0.2873727160636766
ID_8BD4F5242E,0.05872296146895043
ID_5ABADDAC72,0.45324514270090677
ID_925C358A8C,0.05810580455462779
ID_A64BFC6CFF,0.054794978284206534
ID_49FBCD24EC,0.636715217022017
ID_48E36096C5,0.002765323556548068
ID_2CF659F77D,0.018388931883556746
ID_EA65263DBF,0.004661710649492083
ID_AD7ED7B272,0.048263834126437304
ID_3BB05D0EEA,0.04474205137099599
ID_5943645662,0.09383522097823199
ID_39CDF54FB3,0.3322763333222016
ID_D6085D10BD,0.042401349347579595
ID_D0379368E9,0.002
ID_4D0EB91A81,0.007382103409053994
ID_D289E9C688,0.09414488592150237
ID_DF904506CA,0.0022629790134398387
ID_39269CADD8,0.006054523583129777
ID_8335E600A7,0.002
ID_2C9063D855,0.5251955408639273
ID_32643FE235,0.179492741602766
ID_85B0A9148B,0.006319214354314608
ID_2D0DF94C85,0.3195241222794287
ID_013DE399E5,0.012244536096925359
ID_635F428FFA,0.002948484771293542
ID_C1C98F8CFB,0.4146979435947549
ID_5D785CC7F8,0.1375268909341646
ID_927D889AD8,0.024282809153190817
ID_23EF28563C,0.002
ID_5210B49E80,0.007756248361073952
ID_B73BEB0D82,0.1029112544992165
ID_057C4A7FC6,0.002270493593408338
ID_1873C12BE1,0.13601254100559695
ID_DBD3467D65,0.002
ID_7AFC7B73E5,0.07527510375241409
ID_371A0E720E,0.08004506005687637
ID_C8FC713A9A,0.03580619554870883
ID_1A8CE8CDAE,0.002785888668287728
ID_EFB84AAFAB,0.12998748274038777
ID_A108BC67BE,0.006558886043963156
ID_EC8851385A,0.07839974830792762
ID_79553754C3,0.02958585458191439
ID_B1412F955B,0.004091454342176135
ID_3A185DD29A,0.0034070575572491633
ID_86F2285C98,0.004545453086366042
ID_E03EA9868B,0.01191670136409504
ID_C5418EB688,0.002
ID_D35EF95368,0.9809797992318479
ID_FC7F41D0AB,0.07230068767892153
ID_54773A1C7D,0.6391342194348981
ID_1B194A9433,0.9924225765509318
ID_C5728D20FE,0.00454024439785173
ID_4DCA9254D7,0.015645758293218282
ID_27C8E18913,0.2720258530894793
ID_31219ECF0F,0.03052707408994493
ID_D125868786,0.11034618579153739
ID_B8776DEC68,0.9931640224890679
ID_4BD510A32B,0.006885042251314942
ID_F92CBEB4D9,0.019560217751027696
ID_A5310CBC4B,0.08580736605611086
ID_BEC4BC5843,0.0021061173072668147
ID_80CB232172,0.3476140552633637
ID_6B421F179A,0.007675750762769341
ID_89F4FDA7F0,0.09379312387978879
ID_E59DA0D9B8,0.010438948586424981
ID_4305E72661,0.2570093869630674
ID_355A9DB78A,0.002
ID_9AC6F1E9E5,0.017387205397544
ID_F1E923AA1F,0.02179627615405689
ID_BC60727EF3,0.013672699197288156
ID_DFB969E72E,0.01333021054216804
ID_8F793925CA,0.07565822027202337
ID_1E881BF37B,0.9794068010673148
ID_4C3ECC544C,0.023789223584328625
ID_278CF6CB06,0.26627137138918194
ID_3856774AB9,0.6011718622528569
ID_855B247DF3,0.0021466021525538242
ID_AF3820C7DB,0.07010639961069506
ID_1223141142,0.022121194633637042
ID_067C7071E3,0.2273393871970183
ID_5F883D612F,0.9865516272985879
ID_F4325558B1,0.02942706810052666
ID_7B423815B9,0.030822570442770845
ID_FEB564895E,0.01078357395268496
ID_B61223AD94,0.002
ID_2C6AE6BA3C,0.5439256183183958
ID_3274159384,0.7076709956176689
ID_59A8E9939B,0.007951156876118968
ID_A6592C89F1,0.08832990051559071
ID_20FF9A71AC,0.0063036430187335644
ID_2970D1F1E6,0.00625184979753325
ID_7881AB5498,0.015435030228148672
ID_027CAE2248,0.2398461083008663
ID_F2B3F7F0D9,0.06271933165359522
ID_5AAC000BE4,0.07919877017868118
ID_E3D2BFF86C,0.002
ID_C839032514,0.012187672520547805
ID_1DDF6895F0,0.24397167467859554
ID_6E365CCA0E,0.3889507594991229
ID_410800CEBE,0.3204378321774436
ID_8B80CEB4F5,0.0820674809821428
ID_C3D129E150,0.03264586147195178
ID_42CE22E6F8,0.010666141850247784
ID_8A7021AE30,0.026367913065350267
ID_B27E812135,0.10898483028551743
ID_74B86CBA16,0.06556013349751873
ID_C129493472,0.002
ID_8F9006136F,0.08267518413572392
ID_4D580DB116,0.5743244004009178
ID_A3693FAF17,0.0311025527373953
ID_246FF76049,0.05997188198989662
ID_B510989BC2,0.006710044623501685
ID_A44D5851FC,0.003563061544060504
ID_C9346F833B,0.015342044555248482
ID_AEDCDE16A6,0.011666243907168862
ID_1FAAF586CF,0.014124876451603865
ID_DBDD3D58DF,0.8021923247947457
ID_E7D5CDCA62,0.01699967176017923
ID_359B3FCEB9,0.002
ID_7271144B72,0.03437039165453834
ID_8FE616CF58,0.09203843410808328
ID_BD8BB812F3,0.002
ID_4AC95D41AE,0.007897035739804216
ID_14B93B677F,0.6903630568840853
ID_A1BDCC7B9A,0.2403076674051155
ID_76E65613D1,0.02543278137740263
ID_476280E840,0.007276423689365224
ID_14A742F397,0.21045797437012675
ID_6E64368EC8,0.003765742320967364
ID_F570C04925,0.08773431653034455
ID_D26CF5CC5B,0.09429450855435682
ID_9C01F7CA7C,0.032422128991289295
ID_E08C9FFC97,0.4075998276389949
ID_15F8446E53,0.2521261437240924
ID_D52A5048F8,0.22457513721118455
ID_5BC7F6FBB1,0.11609217833334087
ID_B37D3187AA,0.055181400490471585
ID_CE47E27B86,0.3279191967857997
ID_28ADBB04C9,0.04488331802363523
ID_9B2DCFBAA9,0.0026832592418435824
ID_082E18DF2C,0.002
ID_47B935703B,0.07147536206301276
ID_77175A9A1B,0.29412452872142425
ID_EF1A11AE22,0.06947214810336007
ID_FA9D324D35,0.0027447889614322218
ID_3B5E84A040,0.017246938191450994
ID_2F145653D0,0.013109007073604496
ID_92B100A319,0.902326161036013
ID_CE48B78E83,0.5350817461911029
ID_72729DA950,0.004257064650276869
ID_528D575E81,0.01793680237255335
ID_4FD6B878FA,0.004970441478154198
ID_9A297D8D95,0.25544798459557955
ID_EF2079A7F4,0.006913489963478483
ID_49FB863F98,0.022721320993415933
ID_E36FED500B,0.06621510292471268
ID_2FD9C0DA77,0.8731913383478082
ID_FB734F8098,0.1923290761350421
ID_325C42F7C9,0.002
ID_E59802BFCA,0.042367773340951785
ID_4064EC5671,0.8997645452687798
ID_82039756A6,0.0046656247169432905
ID_A5159FA196,0.32545848641489245
ID_DB50747443,0.002
ID_DF7CC7B6D4,0.0839364966054991
ID_4DF45BFA89,0.002
ID_6BEFACAF3C,0.05219317275202803
ID_542A72BB11,0.9846607207381506
ID_663C5A0820,0.3167095144802294
ID_0BD4FD81D5,0.0029164110777938524
ID_AF7F283758,0.004884978163287916
ID_CBB7B02FBC,0.007415322202134266
ID_B4F3AB792A,0.9845072911824926
ID_6DF425BE81,0.21665858685585457
ID_2AD7D638D3,0.12759039988565118
ID_26F8F7B772,0.9563105185521124
ID_6157D1F429,0.15298834074727238
ID_4415292983,0.006777029030341461
ID_89AABF19D9,0.2883436406897411
ID_66684412B7,0.01531121103110787
ID_B9E28A59F4,0.01202031842967839
ID_44D3C96031,0.27518389345145916
ID_D38A64F03A,0.002
ID_7FF0CD4EF8,0.0397074079704372
ID_B5161DF084,0.2213428509529059
ID_347D839EF8,0.42319429461922303
ID_652BF1AABA,0.1061748173788511
ID_A4E796533E,0.021660110107586377
ID_8B7C426DA9,0.04426412115038391
ID_1943BC6967,0.07807169563462069
ID_192D0A6AFE,0.002
ID_730B777712,0.002
ID_803E14F082,0.007978016102056094
ID_B924E534D5,0.0675139746532669
ID_33A785371C,0.002
ID_AD4FD51168,0.020203822144989864
ID_5B52D1BE46,0.003752855927724842
ID_8A28D2CD56,0.32679329911106775
ID_1E2CBCEC12,0.02286936595844808
ID_1C618009D4,0.17570374907882627
ID_1E25F7DC52,0.0951633605557284
ID_5EFA4D4278,0.09148898346967596
ID_8A4FE04927,0.13518925295517228
ID_546541A21E,0.04655307004934627
ID_0BF5327204,0.07885426406788842
ID_4FB48A677F,0.10816503119618993
ID_D99C222D90,0.006903584400004673
ID_7D318A31BF,0.2570990403414222
ID_6206EA9E7E,0.0027511197358015362
ID_77FD0FDCDC,0.7726280404712921
ID_B4D12221C8,0.0060358723446761455
ID_AD2691BC88,0.060301526355068594
ID_D9030D32A6,0.0515598483679944
ID_41340856ED,0.014635505658845789
ID_E9375ECD9C,0.594164138689693
ID_C97C70899D,0.029671653781762997
ID_C571DE2E0E,0.010214859319329516
ID_E0AB461B3A,0.005049432005088873
ID_79672C9CB3,0.020349680017755153
ID_CBB09FD971,0.4747652954479555
ID_4A0D905636,0.002
ID_D02430405D,0.2144269877670146
ID_92D6AD1BDA,0.02182126407282108
ID_D820B07FE6,0.012816095794150651
ID_8D28D57A74,0.0020314765634021404
ID_D6DB804D90,0.11469313720855141
ID_50C54BE00C,0.006155195958492081
ID_1EFC12F4E9,0.1326229274491753
ID_41D2B7903F,0.002
ID_1F0AD25DA1,0.005899949190068524
ID_9315C289B0,0.2612337180226408
ID_B0A0B830FF,0.0046783720709754695
ID_CA8D8C0170,0.006271744632591617
ID_25F6FED7E9,0.0938237591600453
ID_07AD696348,0.02283398055642133
ID_5BA358B54E,0.00442070876475145
ID_C08DE0320A,0.9964294516770653
ID_B2D9EAFF79,0.007125278953887701
ID_43DE0690A1,0.006787634171413508
ID_B49EC79AD0,0.002
ID_54AFDEA3FC,0.016190162596467172
ID_C0BC4F7AD8,0.0240074847439531
ID_B8641FC389,0.002
ID_BB2A41D5B6,0.11244450989512665
ID_4CFCE78949,0.38532481064566015
ID_6AE1D0B4F4,0.015945667101313548
ID_AA3B9229BD,0.024196697892149725
ID_B709D8D02C,0.02406652903115343
ID_E97A236CEB,0.0403607621110008
ID_772B74EAE8,0.058178959416085516
ID_E43930AFE3,0.013572788208913552
ID_850F38299D,0.007069788139056007
ID_ADA9AA7B1E,0.0025341579732949086
ID_9422D5D8B6,0.1278630984945983
ID_352FE84A29,0.007446492616111042
ID_87B187A6EE,0.0060407153363406406
ID_32DF875D05,0.45401329926364453
ID_05C0D65B7B,0.13521909680590263
ID_9047215F86,0.02053364947990499
ID_BE047D40EE,0.006134337423918335
ID_07152E31D7,0.03395146035559396
ID_53A4EC10ED,0.0025916940054125114
ID_66574684B6,0.02842336843981086
ID_4337174C68,0.20018380410417716
ID_839D0FD476,0.02464446511029517
ID_5757549A90,0.9944072080899635
ID_F047EA4B38,0.8090401068546631
ID_286F4DBE20,0.0732142012506288
ID_16E90C8458,0.006860273788639471
ID_E8ED79CF53,0.0932110260581126
ID_720D7BF855,0.00358962247605492
ID_E29611C0E2,0.007523095106149651
ID_003FAE2763,0.09627821221646837
ID_2DAC6C4C5D,0.005061868033083358
ID_BD6CF60654,0.008155232766576396
ID_F6298996D2,0.08272329417366028
ID_D9089908E5,0.06873960200464486
ID_420FD00DC6,0.021840850775720313
ID_3896971030,0.2797474693842672
ID_8071129583,0.0026273914537322373
ID_20288E41D1,0.04769169716016687
ID_FCE049FA20,0.02814351793282797
ID_35BBD6EB4F,0.9973964726570032
ID_246F8D7758,0.9647526478396355
ID_54E5F92895,0.42708150822805685
ID_914464A9DC,0.022428742605012743
ID_2F7B3ECDF0,0.12375855446287946
ID_0935F63106,0.07625575748285711
ID_9BCAE14B83,0.39318861486362466
ID_503B180D33,0.002
ID_2E5980AD5B,0.8429625109645518
ID_C4BFBC32CC,0.002
ID_563361EDCA,0.2544927552248309
ID_AF17D17AFF,0.4178498769025357
ID_5B43C5E0B5,0.022752085803547067
ID_9DE107E8FB,0.005569554163618273
ID_FFFD657A4E,0.006348976350735567
ID_47CD1D013A,0.007571613051285828
ID_AA283B57E1,0.10139369467207143
ID_872810C688,0.11576760367841142
ID_B6BDA697AA,0.45421845823862567
ID_024B9C2E66,0.14089034151805416
ID_14B431B5CB,0.012086128943083264
ID_669F4D188F,0.6186936794915656
ID_5187B50951,0.8705959150782703
ID_A537B16345,0.034349963915432026
ID_555420583E,0.3686587153405227
ID_E896A33D41,0.04036723353885556
ID_12A6F6457F,0.02848296001284002
ID_31EFD2DC97,0.018217371752505568
ID_740FAB62C2,0.9895857489966408
ID_F955DAC374,0.016568855650716818
ID_60469D389F,0.059921541069993665
ID_5B00240871,0.8819471527279332
ID_A8B5BBF3E2,0.1946566724831984
ID_B2BAF3161B,0.28105334466309984
ID_F7F41399E8,0.18616211660455412
ID_8006DB831F,0.04714146697876867
ID_FE7641E40B,0.4457324569753294
ID_D6F24A215A,0.2566361215515002
ID_E82C89F297,0.011018365126319436
ID_E380553DEF,0.002
ID_0B70103D93,0.0052236379052184
ID_CAE3E10AE8,0.2114865932141173
ID_8E7E1AA4B2,0.08422492842325606
ID_D28AB20F03,0.050577648514924876
ID_362F740281,0.01582232719496639
ID_00A4AA3911,0.06050520745678353
ID_7D593FAB00,0.01315273386505652
ID_DD507F6BDF,0.14511149383902436
ID_1954617238,0.002194751929966103
ID_B834032AC7,0.023934175159713106
ID_545FD8FAEF,0.007200937812596733
ID_B1F42C39C4,0.09917665813617975
ID_893BE0EBBF,0.002
ID_A9FC58B195,0.013358501392685723
ID_E348C497DC,0.002
ID_4F1068C68C,0.002
ID_7C644AFD1F,0.0048759138494483155
ID_A094FC28AA,0.06528767566755127
ID_C347A24B5C,0.3239301148468117
ID_599111186F,0.19898071619168164
ID_64AFD64784,0.0022194096079276734
ID_102E8A6A3C,0.011666749335673323
ID_C066345D5F,0.22378040808282784
ID_26FC2CDCDD,0.052512467569582055
ID_ABFB70575E,0.011707616309448608
ID_8FD5F20278,0.28461831799163706
ID_0BCF5AF88D,0.005274374325331329
ID_900218ADA0,0.30987492538192135
ID_B869085EF8,0.01617835647724928
ID_31AE7A5872,0.9312689961660716
ID_6E659CF1BB,0.002340990540667742
ID_AC9A190B75,0.010199138321944835
ID_E8FFA4D894,0.6908351152634968
ID_77E9977597,0.10826331551935764
ID_2C427BA3F7,0.13773516276925804
ID_87A4C160DD,0.0060510562789840025
ID_9639973730,0.06276618411365921
ID_E3EE43C337,0.4585401185142826
ID_25A2C32CE3,0.08884436059190251
ID_34E999487A,0.011730646030306054
ID_BAD03531EF,0.15896709216177338
ID_D519D8B98C,0.9600008874875056
ID_CAE0DCD560,0.11062556639827734
ID_B973A0FEA2,0.1687779823875896
ID_7F3659B0E0,0.007515025347470663
ID_04F9161C09,0.35199490933301053
ID_490B48B402,0.017827814413032893
ID_2046150E2B,0.012008202745751177
ID_D8F8D49F02,0.006562180983280239
ID_0FEFE56CCD,0.5911683872308469
ID_81524246F6,0.06529238602835462
ID_BBBB934450,0.002
ID_0510AB0AE6,0.1555115409494087
ID_9D55352CF3,0.015504351433786801
ID_E62352026E,0.011827508107769178
ID_A2586EC489,0.002
ID_7DF590A0B2,0.3126911374132843
ID_75546FC503,0.014670386020125666
ID_0B79926C93,0.015177806555618983
ID_3EFC0BE40C,0.01353653891161064
ID_A76E792AC4,0.04676056069828032
ID_8A7F08B68F,0.0206881937906083
ID_C8A80B4B30,0.05017280417704955
ID_570EFB3939,0.002
ID_79DC38E521,0.008222337323958308
ID_F8F8A64306,0.2860647269588152
ID_6B6704D5CD,0.0027927584664896774
ID_D594E3B595,0.002
ID_6A90D3B406,0.051215184774788244
ID_E8BB420DDC,0.002
ID_38EFC1B09D,0.01044036963742682
ID_19BE968400,0.06787408055925367
ID_28362FAA1B,0.006302292127559135
ID_BAEA2345C9,0.5445662547609276
ID_F104455C43,0.0449332697190573
ID_674F895035,0.0028294515293708676
ID_37EAECD035,0.011392073240237683
ID_A43A3E6EFF,0.3657313279737393
ID_A3A743C70E,0.004388303907654444
ID_15C08B772A,0.8961180388673581
ID_F76BDB7281,0.6194324201273292
ID_9A2A2F0E4C,0.002
ID_E3FFDDFB4E,0.0825299973861094
ID_3B15647388,0.13456507991541192
ID_4B9F99C60C,0.025832884455447954
ID_2A3C285CF4,0.007092748382284718
ID_CBCEA15834,0.06074361971211612
ID_9AF722F847,0.06313820905594394
ID_94D7A2F2DF,0.004065840083074313
ID_28A2F9EC4F,0.023010561245633217
ID_7BA40A1704,0.8235622599649773
ID_AFF63E16A2,0.01793310542253934
ID_7910F034B5,0.01628270596965603
ID_804BD23B1F,0.018006449524704933
ID_0206343FD7,0.00712717059895364
ID_0C08FC0076,0.025749953075875572
ID_08D9E84AC2,0.31706005722521924
ID_47B6EBE550,0.002
ID_33C4FCAC97,0.04412913878245057
ID_09504D8496,0.057465959330002606
ID_55FA63B8B5,0.3304075549902692
ID_8616F741E4,0.012901817440837685
ID_C6FF14817B,0.020793135721642843
ID_D1EF688B62,0.20267761689916375
ID_239A7B793B,0.016858324632739508
ID_447F2499FB,0.012200731910263815
ID_268CE99C85,0.9922568109478234
ID_6471C36333,0.29791012498245145
ID_3CBA508097,0.005243743251349726
ID_1F34D6B6F3,0.015349295814932787
ID_22E3E3BF23,0.0719664290337689
ID_BEE6DD784D,0.005223902972094526
ID_96DDD1E68B,0.6837776349046744
ID_F3E41C5835,0.12206837855935077
ID_A860337459,0.0021378578312448186
ID_2C8B5BF7C9,0.002
ID_F92DBB5706,0.007251551989534498
ID_B236BB6A7B,0.002
ID_488AE2E55D,0.0022508367344285093
ID_3B85AC39F4,0.002
ID_506D029F03,0.004760304908077687
ID_05D7B9BC5D,0.2227928825797655
ID_1AB6911981,0.05660804808285627
ID_54B666D551,0.08710158858419971
ID_1F89E5AD09,0.026175799260273892
ID_07F9C063A9,0.022942746581650988
ID_34BD6E5E95,0.08365355864021438
ID_BB4EA87B85,0.00998214853991109
ID_A77816B04A,0.07848180618011945
ID_E002DA7062,0.11895372493257887
ID_C574737AF2,0.04865632866285694
ID_A3807A2D10,0.5918943014720673
ID_7821943F12,0.006266249898634733
ID_433846BE1D,0.08167631685592108
ID_C1972DB286,0.29421249738574146
ID_E1C75B663B,0.02073684894541833
ID_9DF4E0622C,0.12337688631210146
ID_9B59B831EA,0.013149535754684109
ID_ABF8E97E1B,0.39152595162760206
ID_32660D01A4,0.0026469481748808456
ID_D8A9553743,0.09515639441017416
ID_787D5DBBD3,0.005820335773274823
ID_350D075766,0.002
ID_840DB95FA9,0.006344695772630179
ID_DCB0F4D1B9,0.04998942233873376
ID_E2ADF5C544,0.0067439909774353055
ID_5BBAAE2E49,0.015307282609706103
ID_7EBC24EFCA,0.050945780910258594
ID_2D803AAC62,0.3715531184517584
ID_0DA0D03187,0.004563593553930635
ID_8480E89E69,0.007020260978077751
ID_DA338F302D,0.7697053370430715
ID_D345D23BCD,0.07643543449305382
ID_8D8F32B410,0.1092897435920926
ID_84A868D8C6,0.031220335393996733
ID_A8C52D97C6,0.04209497077415664
ID_75A46AC096,0.007168950156376257
ID_691A54C318,0.16091714187893666
ID_C0B31D9278,0.011017800232112294
ID_3F292D1DFA,0.055944094023378334
ID_4B1E713743,0.052362461408244146
ID_A0C9DD0AFE,0.14516847928788792
ID_1D45761611,0.16377208911049881
ID_87CE80972D,0.051050931093697724
ID_09911AC6C0,0.0024612377049947403
ID_34466E7B42,0.04958841867743369
ID_6D6C196B4A,0.033137992847189816
ID_8EDA8D2929,0.011549813390377132
ID_C81ADD554C,0.049893815188535175
ID_553CD51E5E,0.6181625393069502
ID_D7A666D5A2,0.002
ID_59832DBC7D,0.002
ID_AAD46EE359,0.002
ID_A15395DAC7,0.16851191463042978
ID_317B79612A,0.01080900750733496
ID_1DFE517931,0.002
ID_8986A513EB,0.42597161357724495
ID_2B175B8EE1,0.5152110569589042
ID_7733A6C0D9,0.006744889019097796
ID_95A60AF982,0.003143268359358503
ID_FC47F6CFD0,0.3297739514012246
ID_7A7AD1C366,0.002
ID_731B2C4CE8,0.002145596348665977
ID_B6ECB4113F,0.002
ID_26956AAEEC,0.930446756592831
ID_02A5595B55,0.0045500845741110124
ID_6A56A9F549,0.16840570225168824
ID_4E200F01B6,0.10361384239762984
ID_73F64626FD,0.2123927617328755
ID_25926B9062,0.05938740781493625
ID_1CDBE1F504,0.6443087286563837
ID_3FB6D169B2,0.022601304180567324
ID_3E14E3A15B,0.09171964487494365
ID_CD576609EB,0.0034534408975209503
ID_052846C0BF,0.07844655516975008
ID_3DF8210FAC,0.002
ID_67085F9B23,0.29638508730438645
ID_33F2EE8EB1,0.040768215758329465
ID_64AA1F0497,0.03331228283439395
ID_899C4A27B7,0.5348387891146752
ID_A84B10154A,0.11110250964878661
ID_3A2B90ECD3,0.008366673307817398
ID_6C18EE3173,0.002
ID_06045EB6F8,0.0028864162392746454
ID_964544E952,0.06869656928518904
ID_7DF4F9BF73,0.016214775115545803
ID_A8AFD868C2,0.002
ID_DC3B4514BA,0.013820587844053045
ID_4BED89C087,0.002
ID_89C6ED2E33,0.045196703514473635
ID_94503BFD48,0.14563913724638233
ID_8B614BB609,0.07638790450561361
ID_00EEC539D6,0.5089069442419923
ID_098B36B5E7,0.038877330458322215
ID_AC8E7F8F0B,0.7568748424896493
ID_D30F176FF0,0.4379765761305156
ID_2103657306,0.05227042832331046
ID_9A5517A493,0.05242412078455159
ID_A32679117A,0.2210454392049651
ID_7A12EECFB1,0.002
ID_CE0742B2CF,0.01751908881802759
ID_0910F42602,0.01763979032981001
ID_009765E05C,0.0027719557771334804
ID_3C7D833E5E,0.5264513795466158
ID_457315A70B,0.6785460532848161
ID_480812042F,0.008326239600635471
ID_EEC3F9FCFD,0.019318689684798173
ID_DAD6D95C4F,0.007957093473038558
ID_6FF2E0884B,0.03096388839025644
ID_DF221EE87A,0.3166821604278614
ID_1ACDE2877C,0.02762601628226738
ID_ED0EDD4F13,0.04093354301690488
ID_FAF85DBB27,0.0020833720522765165
ID_DB271CFB51,0.002
ID_02E30DC451,0.10674063631109199
ID_CE703B2987,0.07240468666876432
ID_D1E599E9F4,0.0038103116916685465
ID_425D30A59D,0.0023612569996326644
ID_8DDD47485C,0.006745258147855192
ID_C0DE53A544,0.0020289570189027093
ID_4F8EDECC4B,0.012619539174224828
ID_A173A7C5A7,0.01946183788830943
ID_B96B4EDE71,0.013012653463579132
ID_D54FBDD595,0.0021205328275839866
ID_DF266671AB,0.9951782354822706
ID_3AFC58CDF4,0.006319190795927698
ID_F20739778C,0.8939611045032451
ID_67456156C7,0.010124289277231328
ID_F4953AA379,0.002
ID_5EAC1068E0,0.02515225173384251
ID_AE7B9759E4,0.004623761488276324
ID_A2161E85D3,0.010648659170032923
ID_BC75D623FA,0.002
ID_40AA0A17F1,0.9038557047928597
ID_D2CAA96CB5,0.013484176941877419
ID_AD9AAA2FEF,0.25304254280799154
ID_A67A50C41C,0.002
ID_026EFC67AA,0.5113254603666433
ID_18891C878A,0.012358616597087535
ID_E651FA1AC5,0.10337024392752518
ID_974918A119,0.4600503405472741
ID_C77FF41219,0.01958273142193692
ID_3E936EF175,0.8501015369534913
ID_B63B5A0701,0.006599968513611598
ID_8CCB67F7B1,0.0925891287029443
ID_E9EA5546FB,0.19503060072821718
ID_E9C1023FF0,0.0038153611472262596
ID_9B90A7B4EA,0.06466753875661335
ID_2262F07F85,0.9326457734146296
ID_66AA2B624D,0.007141524180582965
ID_E242F11B60,0.6017140620820353
ID_EBCE8D8FFB,0.12877960746405545
ID_D311BCB057,0.11463024400083113
ID_0388FA8C2F,0.012094039063290365
ID_4AFEFA0C6A,0.0104296563737739
ID_0FDCB28120,0.5647844338422188
ID_BD289228AC,0.028679973103116655
ID_CA109BDA5B,0.17611636408708647
ID_C1B7D29602,0.025738316671602052
ID_02671BA061,0.0965175425864905
ID_AF7CC3F4A2,0.22515385036571908
ID_C8F8B97B4E,0.022473128294494486
ID_5464B92B94,0.6657465650011778
ID_7C9F53DE22,0.0056076438537535555
ID_EE15D891D7,0.006824241897787655
ID_8F47554119,0.019941110187471987
ID_6FA32F9F5F,0.04325044514640307
ID_CFC6529F3A,0.38075151619224623
ID_0488B76AFC,0.14564990116746027
ID_1602AADCC9,0.02265380953686522
ID_4789A78D31,0.2530115082374547
ID_23C1165F5D,0.26882544078198783
ID_5554AF425C,0.45539239538114706
ID_B2CC5A437F,0.989342980553969
ID_6D39152768,0.2679398848907025
ID_76830F5154,0.025299710783158996
ID_5018C7403C,0.005277474090118139
ID_F29A7D2FD2,0.006225197132653872
ID_E4BA075F1F,0.06444118742999402
ID_290553B739,0.1465948707853415
ID_CCEA2815B9,0.15042448018426574
ID_AE4399F2BA,0.004025368679167371
ID_B82BDEC8B8,0.015862808579015703
ID_2657C41BA5,0.5993230501704504
ID_1C40FBEC2F,0.8245083115816589
ID_9A08777BE5,0.006607848575819476
ID_3AEA623E3E,0.4914383332451038
ID_CC7BBD9C1B,0.012337477060126816
ID_D88C4ABFB9,0.11519894969589378
ID_C7A709E852,0.6528847574660972
ID_86E850B3C6,0.7363544364972499
ID_31079916CF,0.11445357243248006
ID_D2B384369C,0.09336764389660214
ID_45AE6D51E3,0.15836667006623925
ID_5D6A76D56F,0.00517738556939212
ID_5142D8D4DB,0.002
ID_8AC82D8E47,0.051517563231464295
ID_895B1F8DF6,0.011236195752105
ID_C44558946F,0.020503799854620624
ID_8E97EC8893,0.016861089669606092
ID_0D04630AE6,0.0023061487013952674
ID_F039631CC1,0.7511267940497856
ID_255CAA6323,0.3522647283995942
ID_EC0232AAB6,0.044622926688533494
ID_EF82AF1B36,0.007121137880263835
ID_A19B549229,0.008164892991966629
ID_8CF18DF292,0.02621934232053091
ID_F6854AB4BD,0.44510919347323635
ID_3802D2C0BF,0.03194965714943729
ID_C23D6571AE,0.0883453765732688
ID_3126C79C21,0.03096652595122338
ID_327B791BA4,0.022461294451212768
ID_3E155D69AA,0.6715926280753687
ID_85CFEA962C,0.02414733840595754
ID_9D1549C70D,0.04746448452012921
ID_C966435BCD,0.022664939796189876
ID_62A36726C6,0.03295405546196588
ID_F2B02668BF,0.003114340648536431
ID_E9BDF1B549,0.012705161716612108
ID_45C77599EF,0.14461993224920555
ID_98A8C5C61A,0.8405784373410122
ID_9613190D6E,0.35003180367111153
ID_D8404DE008,0.0026029710945322374
ID_BF6DD0258A,0.023159580445034182
ID_292C1AAD7A,0.02325274764599885
ID_C0B04E4A5E,0.06939200992034796
ID_12018CD5A5,0.054479658853919075
ID_43FD21D785,0.4587599501550105
ID_831D49AFDC,0.011133241601850198
ID_6AF59B474B,0.006434654756199499
ID_3C93CD69B3,0.005664061704707858
ID_70076D993A,0.026821991602787785
ID_3D9F53324E,0.002
ID_B67FA84B69,0.04291456366682326
ID_F3E3B6214A,0.15123500363906925
ID_0C932ACC62,0.45759653539238254
ID_9FD7B66C95,0.002
ID_7787792C7D,0.006763795378977971
ID_DD0E4C3461,0.06928965743626651
ID_5E3B3DDE0E,0.002
ID_B4FB1EBF97,0.6316179334616009
ID_2D305FEC62,0.7158153063203694
ID_0522E71720,0.05994784574083973
ID_28CCAEE2E4,0.0116378596445155
ID_D0115A4954,0.4565175241779793
ID_7D8F60B191,0.9018332089325043
ID_90ED583659,0.9904469364339131
ID_C68E9CD333,0.05281619968192618
ID_48C9DBA1BE,0.004412155071237414
ID_B4F0CFCA71,0.022851408550636294
ID_E5FBB4359A,0.3254349947112301
ID_B1EC5B1A02,0.002
ID_F310F25407,0.02719928103815905
ID_6BC2B10727,0.00676583091082992
ID_0017E9F236,0.028786405142451624
ID_CA1EEC915E,0.007481277021767475
ID_38ED1BD6A2,0.7598411656680465
ID_24E3B0094A,0.006956369708884049
ID_8C784EA778,0.015476031160165535
ID_A2718479E0,0.010030830733098501
ID_BB287A301E,0.1699825112227879
ID_A743C7AB37,0.0024284159605676
ID_8E44EC7B30,0.21818947645501335
ID_15F5C36CB7,0.004040939118204593
ID_FC74F65545,0.06236428638835881
ID_FCCB05DAD2,0.002
ID_0C4F6A6F64,0.09941215911477176
ID_4278913B70,0.00728718324001842
ID_9BCBD2BF80,0.065657047817575
ID_6EF0B55EA1,0.04620919881789205
ID_E06229A71A,0.05520704660610747
ID_716612F873,0.025870233108851847
ID_8657243A74,0.2414849627268367
ID_A7C37F2EA3,0.02164020985209834
ID_81D6E31B44,0.4462862449306462
ID_98CF9EB7E3,0.39528230829776406
ID_7A20749A3A,0.010398577867824842
ID_68046769E3,0.29373136661779947
ID_AF6D547AEE,0.01398469190238133
ID_546284D116,0.09030970996258202
ID_B6EF9510F0,0.07436067220649302
ID_9F52E7D814,0.05445624742974885
ID_5E42534A08,0.0214192690946469
ID_0F79B1D05F,0.09964679100753103
ID_60794D6B7F,0.5620446799003515
ID_8396074B86,0.007577029894600576
ID_B115068BFC,0.029285420581131184
ID_6BE6979BEA,0.20607455389222964
ID_97FB68351F,0.018296633375108604
ID_99BE8BA945,0.002
ID_EE1B490969,0.09481186104650877
ID_8B8D520279,0.002
ID_CC1E778640,0.003165302400440994
ID_AD22692E88,0.30998913428369546
ID_0D0E9F7982,0.14084820008886584
ID_B97EACE897,0.011514421766938374
ID_CFF284D6AA,0.13404869621193868
ID_D4D455E1EE,0.0654606780704389
ID_5D5D101753,0.008970051721837104
ID_0A51BF37A0,0.01254349457914927
ID_A9C3E84971,0.46031528298015645
ID_35CEACEFDA,0.31969298796531836
ID_D325711CC3,0.04574611579246346
ID_B4DEA65BCD,0.09188254641590032
ID_8C6D9C8EA5,0.017117414120062523
ID_F8668F3AC8,0.022623197233214286
ID_A2946AB9DB,0.002
ID_66CE05CFBD,0.0038247928009320204
ID_797F6F40BC,0.0209035689900104
ID_A442ACB186,0.9925717114178235
ID_F076AE9CBE,0.04771583084577583
ID_E567ADFAF1,0.04213029729494845
ID_67E1554067,0.019054534437916888
ID_C1D9BE71A8,0.4300266381372803
ID_882D5D1C72,0.5164043786823816
ID_895D1A81E8,0.006739421443032359
ID_2526A31600,0.011940235191298245
ID_47C0D2A847,0.002
ID_8D85EDAF2E,0.45794285124397927
ID_27C6D81A7D,0.18518574221612405
ID_110BA7EDBF,0.0023069093238172493
ID_5F3DC87EAC,0.0027014008248370416
ID_2232E0BF59,0.9808489512325195
ID_511946AC7E,0.027725663396409476
ID_4AD9482F08,0.015778085918235547
ID_D75FB37D77,0.0664806357087336
ID_6B40DDB5F8,0.009831390475683788
ID_86E7D7B6E1,0.020964294194436454
ID_D081916011,0.0070729990571998975
ID_5A674F0E96,0.04714289199100173
ID_573E924269,0.0037203892236887456
ID_DC0A7A7BFA,0.12568267599572028
ID_642D7FF6E7,0.012296512612166017
ID_6DD797FA2C,0.21338174957014225
ID_C1FFE48254,0.6505725190839419
ID_8124A45BEB,0.07630547423679072
ID_95A07EF252,0.6679504182363403
ID_FBF54AE45F,0.038564913053852796
ID_ECD34ECE7C,0.238671540159027
ID_CACF3DA4BC,0.002
ID_1A4D810CAE,0.5095512809428234
ID_1A8CD59629,0.06347030256680397
ID_DBAB1EC888,0.0026186053272315383
ID_F716142970,0.30358256414628587
ID_B529E6D9BB,0.5167746379547816
ID_76A09D8EA5,0.01517293286937296
ID_49AD599A3A,0.006091152307738728
ID_F13F08DA75,0.005291627565271904
ID_8F3D514C34,0.09259294145479079
ID_ED50CDE79F,0.002
ID_86816351B5,0.10458480725724568
ID_863B6A2A79,0.32173634316347455
ID_F7CD2C7A70,0.013949971815218346
ID_7C8357D0E7,0.9924593968434982
ID_B8FA5FDDC8,0.30289285381983583
ID_474C961CB3,0.814784706396999
ID_3E1698ABB4,0.08098103481840645
ID_B16B4BA1A7,0.22230255315025638
ID_5B5EF9C6D0,0.18381277909370403
ID_92E04AFFAC,0.13363457567848755
ID_6580C0018A,0.370161785245853
ID_7A9772CFD7,0.7722531424481192
ID_33EF45DDDF,0.17680916275719133
ID_E35BF3BF67,0.19834686941148533
ID_AF2D8F41F1,0.0028224586686314643
ID_2FE869222E,0.024272341175193606
ID_9A44DB05EE,0.1395771449339486
ID_3E8DE89A19,0.0022291998770181615
ID_2E77689EB2,0.005783879943643132
ID_4775D90665,0.026858099105894612
ID_437348E744,0.16625707441882376
ID_22897F2CD2,0.0025305207269691833
ID_0987C51CF5,0.22905505776448368
ID_EF432FA808,0.14987952226199755
ID_1CC16E6F51,0.015253333856597865
ID_20C93428CD,0.01599587509015115
ID_ADE3B6BE9E,0.7839917003690723
ID_F2C00F96AE,0.02059927799099044
ID_AA14DD3D6D,0.002
ID_B6B3C7BD56,0.08735879706355888
ID_2CE1763856,0.31589479480605975
ID_D04A6BC554,0.002
ID_A818C4248F,0.7287210662640577
ID_6EBA79D880,0.024330952909160684
ID_D88FC56B44,0.006447975963328924
ID_FAA27C0F34,0.36457552476773536
ID_FB29133A69,0.0020464173966792806
ID_A465FBE913,0.01247817893022375
ID_5392117861,0.007275548255007838
ID_B8922EC936,0.11466280344328501
ID_62CAEA1DAE,0.00601196634216613
ID_47E5F55F40,0.09949627261028764
ID_1CD4BA75E4,0.5109108415604091
ID_9DBF4D3DFE,0.006927268990239727
ID_E7B2E87618,0.023875107559478838
ID_72CDE5142C,0.4485350261806394
ID_F5FECD4667,0.284717524865485
ID_C980FADB43,0.12045912157493648
ID_4F4F66B4A8,0.011261047957147417
ID_0E39885124,0.019789658546377
ID_719DBCF209,0.005355289130590887
ID_7F8145E5E9,0.0638935516409618
ID_47FF1F280B,0.002
ID_8190157073,0.002672501682312452
ID_37274CF6B0,0.042895054243549634
ID_F8C6432405,0.022421121003456373
ID_CEAF9416A7,0.005666258115010843
ID_D0C8170705,0.009417457009846239
ID_A70B86D313,0.0021567519234807356
ID_3924DF68CB,0.08588761621870392
ID_EE4EF742EB,0.007682547065364095
ID_E5117EBAB2,0.0027280112771225044
ID_DF61CF19B7,0.007010086615345163
ID_A5647CAC38,0.00751675852140894
ID_A7C870A550,0.10772741022325284
ID_4A93E2BBEE,0.18537422944379814
ID_7126354496,0.07206036701772481
ID_C735B7AD00,0.019562276565232573
ID_4D209775ED,0.002
ID_6119DFD8EB,0.028574237040042447
ID_8F4BE1D47B,0.5807495468200816
ID_77823DC2E7,0.647002203898663
ID_39E305D19F,0.01397797564959393
ID_F873354B3A,0.2708823163038358
ID_9191A35120,0.24226648820060898
ID_529F8F29F6,0.003295110932333873
ID_3F8ECAB4D4,0.005738329331707398
ID_F9AD1CB7D6,0.002
ID_C6B6BB3D98,0.010557598676256826
ID_DC169B6F99,0.05338565883422717
ID_7C7FA01BDB,0.0034214149694008437
ID_6B11789643,0.007933162106168781
ID_70E5F70DF8,0.048077005574509446
ID_B5140C617C,0.016237230571663912
ID_2BD16E7CCC,0.006476997084838909
ID_79B8B9E5BB,0.002
ID_5CC8927381,0.2946442697382618
ID_65C92319BC,0.1022376111150546
ID_5F71D760C7,0.19641673428242912
ID_20A623C1FB,0.14500644857386172
ID_F6D352C9CE,0.023185097249173756
ID_640238C0FF,0.022645625196472875
ID_2893025739,0.9969982088693509
ID_963A5ED1EC,0.4324943015895977
ID_79E18BD79B,0.005919228590396888
ID_60F4F4FCAD,0.04701478232469723
ID_92411BFC22,0.166679470920586
ID_E984A2135D,0.002
ID_40FA1BB2F6,0.006614041467086732
ID_4E62ACA663,0.01960816302768039
ID_D61E5431D1,0.9218800414033927
ID_97269E3763,0.006714968696585405
ID_B11F186134,0.3726686987323224
ID_468D278F73,0.9881694347617829
ID_186778A035,0.03896454350856729
ID_A4E1AC6AB2,0.003469573803730473
ID_1F1E54524F,0.006279817159510208
ID_7758EBFAFF,0.7214772751683276
ID_2B995C4ECD,0.002
ID_577BAA1F36,0.39026675272183037
ID_E7B532AEEC,0.2393121411041471
ID_CF7819D593,0.10291461739756701
ID_C677EFED1F,0.13964499885684392
ID_FFCF7F9F60,0.05122078884032284
ID_5E079FA9A6,0.02044118680787006
ID_3A92B99C99,0.0596455333560495
ID_B5214AA1D8,0.00511828069696264
ID_9B93A008E5,0.024713176889662226
ID_B0DCF3C513,0.9887222998004315
ID_64D9CFC7CF,0.4384145722108774
ID_BD83B5A9C1,0.12105178964088455
ID_65D7622B06,0.3799883476789205
ID_F5FDD26C06,0.002
ID_D2B3571B9B,0.08153072827321899
ID_B9CB0C4C24,0.013920730518169585
ID_BBF39F5CF8,0.021757392974611448
ID_CD5D004712,0.012907538825438939
ID_2776FEDCAD,0.9843305183617466
ID_72CB38F9B3,0.1246163642439101
ID_DE7A3683CF,0.034940124191379825
ID_4317B1067B,0.010913615017670313
ID_268FB2B96D,0.055122569709825944
ID_8FAD943775,0.018061094327342486
ID_015474C3B0,0.002
ID_EC0D3A9A80,0.15031505290319003
ID_1DB3B42880,0.002187300579825346
ID_C2CA25D43A,0.002101561974209494
ID_A725DA3426,0.6372659767492661
ID_86D3A7EC8C,0.09532117283181192
ID_9AAE6DB018,0.002
ID_747DC3A549,0.9878319891969232
ID_3C767126AD,0.47127556242949703
ID_8032F9F89E,0.030713808310718436
ID_840361BF31,0.13894821712532415
ID_BC7871F5D4,0.024044422717534392
ID_19B5D1BBAF,0.006998125497955021
ID_DAA5E9241A,0.09694335075304523
ID_1F3A9FE852,0.0064702234285533905
ID_6E83ADC7E9,0.024300925085319013
ID_43DEA48776,0.13724165495683782
ID_074D951E56,0.015115066858724373
ID_0C31E1C019,0.1362142299364916
ID_1CD3DF17ED,0.005695421472428222
ID_2CCB305BA4,0.06458581544219594
ID_E949365353,0.022042924053523337
ID_9212C813AD,0.09437896860834073
ID_350F06CBFE,0.007591037496161877
ID_4D1D49F05A,0.566189457293558
ID_45910C6605,0.07154683752542425
ID_F9B926C0E0,0.25745377607201153
ID_D0E3D683F1,0.21384665470440292
ID_6EBDBD70B0,0.010254676452639345
ID_B58188960D,0.19201015104333538
ID_CDB652D630,0.002
ID_AD5A394CAB,0.25818236108545556
ID_B79224A662,0.013020086893575903
ID_F62E18A8AB,0.002
ID_B7E03AC9E4,0.002
ID_168085C71F,0.15234867275945727
ID_62DB7ED0C0,0.011359530753708338
ID_8A089DD228,0.002
ID_E9BA9B285B,0.041745352923403554
ID_02AF2D303B,0.023577623429587895
ID_2369067386,0.024565744440989704
ID_6111C9F578,0.0746411904265376
ID_3BFF67563F,0.12313536195864454
ID_7CEECB24A0,0.11913228440824615
ID_77B8FB8B31,0.006922265422714942
ID_3FA535D06C,0.021563363444570403
ID_DB3FB698A1,0.10139324195841215
ID_43132A1B74,0.18227357112912393
ID_FB6BA7149E,0.022591826777374875
ID_CE191783D0,0.004049050061942129
ID_EFC69B8AB2,0.023686778205756456
ID_5FA0C6E868,0.002
ID_E60632C56A,0.160457386737997
ID_6AC7A10A9C,0.00479011405521494
ID_3F9F8C368C,0.9132685949000964
ID_F092338883,0.027636486055064916
ID_EE70D86A08,0.02156605957017076
ID_EC0D887E88,0.059526739593027005
ID_A6895FC485,0.017861892007181107
ID_FE537AFC18,0.002
ID_D63F0AF9DB,0.05824377272116347
ID_A58F3F67FC,0.9057467103862494
ID_A0ECC5FEEB,0.005858836285741256
ID_7A6F369ECC,0.2677194468939113
ID_6168E8E080,0.7061341731509673
ID_25C3AFF4DF,0.04662947124585217
ID_02339B520A,0.8727016848436621
ID_C61A1E233B,0.23710845263025854
ID_1FA4962FF4,0.22426808371819212
ID_730F8CF312,0.002905959567156554
ID_3ECE30C14A,0.018066318350606646
ID_AC9F83BF68,0.22746583758679975
ID_16592ADB7E,0.41930515820835973
ID_3B5D1C6927,0.04208192022078883
ID_22EA5F60A9,0.44875302634737424
ID_173A5E7487,0.2970615602511832
ID_2A3D7CF30C,0.02752028684171289
ID_C88E984740,0.002
ID_6A1CDAC489,0.1304994982041839
ID_8AC2BDE279,0.016975852873296768
ID_0A7352A79C,0.002
ID_5FD6BFDD0E,0.002
ID_56C37FB0A5,0.40738441217413945
ID_DF34F68FE8,0.007546066275465386
ID_463A7C8FAD,0.37136701278609174
ID_E07DB5B79F,0.364147604469201
ID_74703C516D,0.0054945695163468
ID_AC149F1438,0.05381213281293676
ID_EDC76C7684,0.10434790788253563
ID_C69AFBE531,0.009925572363212742
ID_A0D3417D39,0.002
ID_4A1A73BBD5,0.002
ID_9A0F78D177,0.0027643188781437773
ID_4B20C44B7B,0.0723535905331127
ID_EE07765A38,0.0866581765989426
ID_0C7754F59E,0.03025830109294519
ID_0C56C9189F,0.002
ID_F8691CEA7D,0.01616789962607262
ID_F54DEE2B5A,0.008404292352517544
ID_A9A4649610,0.04399287515918081
ID_C01254CEB1,0.0526828673476401
ID_793FD41FCB,0.06689831962055058
ID_82DA1D4A72,0.018864539233735007
ID_5D0AE1B517,0.055257801830387795
ID_B2DB06922A,0.29557669771250816
ID_B2D9AD85D0,0.16487024341990764
ID_FA49615102,0.00702729620473678
ID_7CE8C588E3,0.002
ID_DA7DEC19B2,0.6711801386978051
ID_1EE4AAE038,0.02399828793693151
ID_4F5453B96E,0.002
ID_72EA5072C3,0.533206201091192
ID_A6E1982DBD,0.1929227422256822
ID_46C1504C2A,0.0754108075829126
ID_58F155A03C,0.0158258838030024
ID_B303EC39E2,0.008179607799281365
ID_4575266226,0.0031972793371897513
ID_D07535D4EF,0.0020988285950170596
ID_24CFCAAD94,0.1253131312290923
ID_BAD071D7FE,0.006466423380166689
ID_7FB5DF9FD8,0.04273358107868558
ID_D3526D88C3,0.20573791919739537
ID_10740CB58E,0.09126327348313534
ID_8D32A9A44B,0.045701336752827844
ID_84DD5C52D3,0.2877822895621095
ID_9E37CD5C3E,0.043142740213084084
ID_270C629DFA,0.002689983953661538
ID_295C3153FF,0.22552038358768917
ID_A53C823110,0.010690126693547198
ID_02AD2880BB,0.970340437532136
ID_01D4E77404,0.0162105114225332
ID_A6D235CA4C,0.09704424020514414
ID_97958B7B48,0.2523465524405583
ID_73AA3B646E,0.28484261185360077
ID_22A00945A8,0.11747618364755451
ID_ED3EA81D7E,0.9608155922060937
ID_0657F2BD79,0.0028650663205606343
ID_73D590B1F6,0.6382403002751013
ID_AA903FE1F1,0.002
ID_61BC6BA24E,0.009456186906068708
ID_96D82EE716,0.0060704281499375555
ID_CE0E8A135D,0.21262534722752868
ID_27DEF94338,0.09072291919190625
ID_25E627C3D6,0.04829169329943329
ID_CAC40A75EC,0.0028394412090355864
ID_2A04C4F2BB,0.0033288647336852484
ID_314B4B661B,0.03924058300619412
ID_1C52E41601,0.07123300398275091
ID_0C46576628,0.01190829061795275
ID_F6AA0062BD,0.20319860190251177
ID_557FC4A8CB,0.002
ID_01F4A8EF5F,0.24768068251496916
ID_B67AADCD40,0.08261942112589064
ID_10CC255E9F,0.31541827166947545
ID_DE5B22313C,0.13818838274615244
ID_063DE5143F,0.006743942020284302
ID_89ECABAD6E,0.002
ID_7B663EAB28,0.0033494251844388566
ID_6268864A2F,0.26078412619565805
ID_AAD2753923,0.09267220219062111
ID_9E42DD3256,0.012756805949419981
ID_8BA33CABA2,0.7451238557825248
ID_88D8371E44,0.5411471636547261
ID_BEBEAA3F87,0.6774157357767331
ID_FE2B535194,0.02590452495894771
ID_20B74AD27A,0.006992478219729514
ID_A0ADF65617,0.02121438727692209
ID_3DB5728511,0.23481627536929217
ID_57794F076C,0.022837576473376094
ID_EAB1B24BFB,0.2229865563802142
ID_197D64AEC4,0.002
ID_2BE6C0D25E,0.03766865770715264
ID_96F7449ABA,0.03632924517846398
ID_EC3DEC974F,0.02147236997379149
ID_39AA171C48,0.0033705015290812386
ID_E72D4CAA81,0.009227448712818697
ID_AC7E7388B2,0.002
ID_802E755C04,0.07168828596461141
ID_E7EA2F919F,0.005897933677313458
ID_C1F9ED83BB,0.007698372944384437
ID_1B472FB415,0.032949086774611766
ID_069DE16F02,0.0730927227124895
ID_D103AC47D6,0.8929373731817771
ID_85D06B26F7,0.418139699889335
ID_AD89A02AEC,0.02031345566211098
ID_3E58CBC711,0.006233052843743076
ID_75A26DF4A4,0.002
ID_8809678A9B,0.051915703258759244
ID_5438A4926E,0.9001902306452205
ID_97FC81D3DD,0.07928737553121698
ID_DFE9830E06,0.010268240299934344
ID_06635D5486,0.13994426646278926
ID_90B859D9CC,0.0062596852681564286
ID_D9116C85A4,0.002
ID_6FE11DAF33,0.02448683677188439
ID_AA70151A91,0.11044652584193826
ID_3DD683127B,0.1173102191346013
ID_EE7583E165,0.013565780804945091
ID_A4B1076A77,0.002798549064492434
ID_3DC35A06E0,0.2778745880262177
ID_BE49BBAB3A,0.007231512262040825
ID_AA7B05EBC9,0.04487041384984679
ID_20FD86B408,0.9915006741730944
ID_9930755470,0.03321256260256416
ID_50D9887BFC,0.05305748876277273
ID_2C20892358,0.692529592498806
ID_62BCEEDA5D,0.002
ID_B80176E05F,0.01979311575695183
ID_4C2A317E17,0.013653232342613042
ID_41C303347A,0.006069941829559862
ID_27BE727E69,0.22719586918384754
ID_5605ECE9A7,0.2873917168429641
ID_5662914B22,0.997658189229669
ID_17C3BB2ABA,0.006150224433007271
ID_397DD36940,0.09698722357592962
ID_10F3F7F7CD,0.01194987032687374
ID_9AF6358D43,0.0036115715179766404
ID_05DCEC622B,0.055076467264371
ID_8AF60B6827,0.002
ID_7FE9DB386B,0.02742669553507724
ID_7C8D3B79B6,0.002
ID_D895E957D5,0.02770751365470726
ID_FE8A3FD4EA,0.0067937124412633925
ID_EED434FA63,0.011793527463627275
ID_BEB2BF599D,0.9888007041924582
ID_442D0093B7,0.047051082498783856
ID_3493DE3E1C,0.004443571864269286
ID_E0B66A6106,0.0027402348127441023
ID_546ED3905A,0.008442930576734162
ID_5A93D64EC9,0.004714916029721378
ID_2690B0CEED,0.011923615549655554
ID_3D85EBF8A8,0.23479929648155384
ID_3CA4792E37,0.4265038191269651
ID_A1D705335D,0.024562715091462024
ID_17B4924D1A,0.021444026398167493
ID_E2DE22D5F1,0.05959069538323868
ID_D555293C4C,0.002
ID_B67D6AE9A7,0.018278771622451933
ID_E5DE584C3A,0.013725994933316934
ID_A440E526AC,0.06941237345319412
ID_3302A579C4,0.011962138153122992
ID_3487F5D5D2,0.002
ID_7953A9E394,0.24270237455779559
ID_F8A00E2EEB,0.25591681583454884
ID_55CBBEA4D7,0.004841430869594315
ID_072943A9D5,0.006491939408333506
ID_65868D0D74,0.002
ID_3B70870E79,0.13877019329353735
ID_83E1E6577F,0.5571137722496616
ID_2B0F53C065,0.20299388047621914
ID_9044DCBE55,0.9904423361531799
ID_C39B3113D9,0.29846208413014974
ID_7406D85AFE,0.322552913902811
ID_E747BAEC0C,0.021358056731499212
ID_4E28328CC4,0.16625814221843338
ID_85AF37D119,0.12439309595228024
ID_2D82003515,0.26873027374546804
ID_97DDB966DB,0.10224908001356324
ID_DDEB7716B3,0.9966046245798337
ID_686DB81D18,0.06992016934967792
ID_A1D9D04B32,0.01260860502797845
ID_57D43EF502,0.021551580987034684
ID_3BE93FD164,0.06411949200009048
ID_18C8484F98,0.002
ID_8C6465CD74,0.002
ID_007D904220,0.004519847635784209
ID_36450DDF31,0.3920933805432741
ID_1B687259A2,0.009987023612016343
ID_AF67F0672B,0.05088090855324742
ID_6657DA1B1A,0.012277414561825104
ID_87A772E0B0,0.2361399696847006
ID_3C10B5FECC,0.002
ID_43FCBD6635,0.005034778945132638
ID_A0ECA6150A,0.7477268287719233
ID_5A3BFA4C5E,0.002
ID_45B4D410F9,0.149431575256543
ID_C1F67B2B55,0.14219862962106714
ID_1665B6F25A,0.022052661149002558
ID_EF31C80DC3,0.8273444221628984
ID_31FE098598,0.9920416682834371
ID_1CA900F7FC,0.007369507830159455
ID_36AC1C03F9,0.34146116280017125
ID_CC5BEDA0A3,0.005783310114738746
ID_5C941330A8,0.08311334445208207
ID_D6C871533A,0.021548275190601023
ID_941CB5E9F1,0.020658158049238307
ID_68B47E8BBB,0.0556930384548022
ID_0DC8538303,0.005151171093187559
ID_85D4539798,0.3215964860507044
ID_C8DC2F3CED,0.006732475645494034
ID_984710342D,0.1510719620498644
ID_F556480D9D,0.06513362662934492
ID_0819C1353B,0.002
ID_B47FE27076,0.17222047652440858
ID_BADB9C6497,0.05707930416846954
ID_C517F68E4A,0.4639440729264577
ID_9A454F67AC,0.09298946752368238
ID_022C72E44F,0.15066185708253868
ID_3CF1ED1842,0.018326002045130674
ID_B8938695F3,0.0066350312330616034
ID_82074F5EB0,0.6953202406934489
ID_690D045063,0.007046901085677563
ID_E9787FDC7B,0.013081810870069335
ID_4696E967DF,0.004849086428029725
ID_B2CB22D8D5,0.3482260480492504
ID_C3ABF43374,0.0022813190242415926
ID_AC7294BD23,0.081010226429019
ID_44EB034AFA,0.6264987136503875
ID_130036FACB,0.8480550549705841
ID_686B4299A6,0.8758553805564128
ID_DC07FD3458,0.00468852664755658
ID_9EF9F06115,0.21633434772431323
ID_2B11D81FD2,0.06881318463637465
ID_75205D58C6,0.5204319156824049
ID_74372CA93E,0.022566040783815654
ID_3A3990C126,0.006396555877825722
ID_CF8F681BA0,0.05279659061053069
ID_C081628296,0.012771976310039717
ID_5AF9400EE3,0.002
ID_B60C71831D,0.01937767387212378
ID_F8C1FA0A77,0.5375701018309132
ID_D2FF292740,0.8847251700514419
ID_989E6A010A,0.15001619497415603
ID_48A804F294,0.06465769231856329
ID_B499AD37DE,0.07826228250114652
ID_B152A37A1D,0.08498749053657688
ID_B90D19419D,0.23884272377105228
ID_8F7593FAA1,0.012429926496792419
ID_0C86B8C619,0.6465985119801161
ID_D2B546ADED,0.006231863790722424
ID_ABB0CD4441,0.13948535080335367
ID_8B383EF94F,0.0033734318664023575
ID_319BEC2A64,0.007531302694772125
ID_333D01ECBE,0.002
ID_10B3A6FC71,0.002
ID_35762BA7FB,0.012670076706988718
ID_980658CE36,0.09140271066154233
ID_CF69D97560,0.797860706566296
ID_43DF0C66EF,0.2757451664407244
ID_6182003A63,0.36972692094488113
ID_2EDD93300C,0.29354179742038633
ID_7ED26984B0,0.24507443648762023
ID_03B488B9BD,0.2696999317970447
ID_4BE7BF2E3E,0.002
ID_2EC6D71850,0.003645930606921399
ID_3FA7FDED9A,0.1469066419346875
ID_D0AE8F3F87,0.009447545933899272
ID_7910C0BCFB,0.10688644310846365
ID_620620FABD,0.12429887179971846
ID_0EF2708D74,0.002
ID_A91C0D9C00,0.00845659413222637
ID_859D1C0695,0.11258580748210159
ID_60C5849000,0.0070304863974779966
ID_473FB3D462,0.12564516903641745
ID_11945504B3,0.386440774670757
ID_3BEFC9A729,0.9975824667438392
ID_58D4A8E527,0.014309261310860018
ID_EDE2DBFBAD,0.007570298025833804
ID_560B1B54E0,0.09329730988748712
ID_9C7CAA83A3,0.006082797652063212
ID_41F9F2D72C,0.3106275269565081
ID_1FC457B8EF,0.002
ID_9C551CE2DA,0.3040045065311794
ID_032F215E1F,0.005885078093214941
ID_40E04C39C8,0.9970417704268135
ID_33308A0313,0.04228004628233348
ID_D1C614EFD7,0.1662669886842632
ID_CE3FC6424F,0.002
ID_64526970DB,0.130876907578878
ID_BE8537A354,0.17843955443532328
ID_8E9BF1A01F,0.02069799165546697
ID_E0CAD02CE5,0.010408885893415196
ID_47E8D893F3,0.002
ID_E4CDE4B773,0.02326699297545443
ID_AFC6A4B02E,0.1409584410670393
ID_8B048D2700,0.6198466771443755
ID_FC5E96D8C8,0.006361772331192248
ID_DB1D9FBDBE,0.07887309476255702
ID_BEA1D764B4,0.0045962891092109276
ID_63377A4CD6,0.002
ID_4365578F13,0.02547432859051689
ID_CA01511786,0.02372037730520285
ID_CE7D8D56DC,0.004788437763451441
ID_27AB4C3983,0.04287062779057927
ID_78F7F22CE8,0.003898886378106851
ID_13C9C60299,0.023663983784346563
ID_195725EB51,0.22092220111417837
ID_E9F3C9D680,0.9408148343101989
ID_8EAF4AD5DE,0.21995908934657038
ID_4F4147A180,0.03947542641547018
ID_F57AD5049C,0.2191778348561383
ID_D749C85779,0.011734820716856482
ID_1130A161DF,0.050129185611327974
ID_A591F26A84,0.008212186091485496
ID_FE34CA4D98,0.3736352414781964
ID_12EE3181BD,0.02937327289474266
ID_C931015DC5,0.12349237103178555
ID_D3FFAA75E9,0.0037905285394985873
ID_13447BEC08,0.01424165955878921
ID_7704FF43F4,0.002
ID_66646A86C2,0.05187151583315859
ID_8393017799,0.007623971600686354
ID_DDCDA84677,0.09224498470036983
ID_1895A54302,0.289391312670136
ID_C2ACA55178,0.297010768282346
ID_1CBE0EAEAB,0.36590698553134526
ID_B2ABB54416,0.2855753971121387
ID_F796F1022E,0.2345813634903885
ID_9C30268C73,0.4090071735090394
ID_F9BB4C10F6,0.3268921964534654
ID_490A7C9F2D,0.08383689652944974
ID_244A032C51,0.05939078019392805
ID_3AB1E18859,0.3770884439526453
ID_46A8925550,0.006503138118248032
ID_8A483EC635,0.49405505978325914
ID_1D2E422ECF,0.013395067167534455
ID_1329C977B0,0.002
ID_F4E1935EE7,0.07089550590793879
ID_3428D8FECA,0.18550245054575584
ID_58777202D0,0.4418296820089411
ID_ED3399EA1F,0.007152950153931566
ID_3130969D90,0.015666386978502537
ID_6815BDDDA4,0.01848117395786089
ID_5FBBB4F05E,0.19230565101587732
ID_D1A6864D62,0.006297187360436708
ID_0F5F818A7D,0.005447529717129991
ID_CA80D88147,0.007720163053032808
ID_B18747F477,0.006386711857495658
ID_9042F2AE51,0.0074543893124443435
ID_F84732362C,0.02787157898932869
ID_85D73A48CC,0.006360913973294945
ID_352EC618EF,0.002
ID_04E34CDA06,0.0033430316005488322
ID_DE7D1A46C3,0.04889081898635324
ID_C60D66030C,0.9839667424227315
ID_E329506077,0.04512715002477319
ID_E1537C94F4,0.01765398762011355
ID_649ED88388,0.03773574380816539
ID_1C42801E17,0.9659747938076836
ID_F990FC3225,0.5208335246412916
ID_17FDFFE5B6,0.12079872164957642
ID_340D429D40,0.002
ID_B707ECA4A1,0.06647950606548922
ID_E488FDEDB0,0.002241026109470489
ID_FC8F015C68,0.46670832111267657
ID_0F7D2B5422,0.1472079549167328
ID_2801A9DB9A,0.002
ID_336475544D,0.021374798489701544
ID_80E7190DD6,0.9968661233584201
ID_88161D2CBF,0.06178265455461438
ID_71D7E4697E,0.08390465861228992
ID_4602B2B2F0,0.006841928757282304
ID_72F6393A73,0.2771026049555199
ID_C8A1455C68,0.11902418004544585
ID_A7113B7D97,0.015563531843277804
ID_04C0A57784,0.002
ID_83CBB90A23,0.08894944326449762
ID_9D89632FF2,0.04491017293297035
ID_359BE9C9B3,0.3815348644927856
ID_E21A7B436C,0.002
ID_BA3630F9E8,0.013375419297977567
ID_547F5BFC7A,0.022831545498715328
ID_5FCC369759,0.0020604548026684766
ID_2C7F93F29C,0.007312878785630928
ID_95DDC56355,0.04028541916822491
ID_25D5BEF570,0.5163215507041813
ID_0F3B38CFC6,0.09679675938131939
ID_09FDDD33AC,0.7866106352220965
ID_5F9A629EBA,0.43672846025734263
ID_10E7944B06,0.00572664921293225
ID_3BA801BDA7,0.002
ID_8DA10C434E,0.9424137679252688
ID_38A0B9472F,0.03993445131081809
ID_EA2AF4EB80,0.023414588520887708
ID_9459ACEB54,0.00726903822583744
ID_0274B355F3,0.014111779161418751
ID_C34CD0EEF9,0.21873097376014441
ID_71FB7A4144,0.04471607009185097
ID_A87BF47A0D,0.21383644531599924
ID_4F9A14BEF2,0.5273184030533067
ID_49158222A4,0.12912035685443982
ID_8CF62B2A35,0.010927859415561129
ID_139FB0AA10,0.0028178681512100287
ID_243A5EC629,0.12750019630147266
ID_07ED1DE038,0.1607495603178716
ID_7F6CDC734C,0.002
ID_79325B56F3,0.004802136197645114
ID_12E5D007A6,0.010614662539380858
ID_87E6761036,0.15063498606071266
ID_8077D06C25,0.0070350603193097645
ID_46895B330F,0.002
ID_820950E606,0.002
ID_EE38CCCDC8,0.0077304417461549115
ID_5AD95ACD8D,0.05192615416171321
ID_18AEC6097D,0.02511537336666796
ID_B56079C223,0.00396329392616518
ID_33F13238D1,0.008448990965506078
ID_02EDAAC898,0.012399490373207612
ID_BB3CD556E8,0.0022407810546500413
ID_597D52E801,0.04771813154547696
ID_99F9BDAAC8,0.047730346325376004
ID_4B7FABBB5C,0.03441161168830562
ID_3E896AC3D2,0.07176747598990457
ID_435B0C7D0D,0.02323643039536406
ID_FC167F3E24,0.024486996933307997
ID_494E42933B,0.021280340042456446
ID_C9F108B3DE,0.007033965287726545
ID_A39D0A4A5C,0.026587085223923303
ID_EE6E3509ED,0.987999014334342
ID_575A93C80A,0.6356269354343953
ID_B01097C60A,0.14508592225717779
ID_E4D2CB1803,0.15870231903885343
ID_BDA29589EC,0.002
ID_930A48B65F,0.11465122644509672
ID_69CDCE4293,0.009267192948047601
ID_08564E25DC,0.011704528269248409
ID_5B482C003E,0.03084708710261954
ID_BEC469F17C,0.002
ID_103455E202,0.002
ID_801C4B4BD0,0.21975283675002988
ID_B5685CA074,0.21288855373932072
ID_19603E29FE,0.011933756600755371
ID_4DBD7DA8F5,0.002
ID_F1A1ADA15F,0.2943197868392215
ID_BC74808389,0.6756104209115659
ID_AB3D85E6E6,0.8581093214731801
ID_7551C76A63,0.8121137971364205
ID_D1B1E42435,0.002
ID_1E09192A36,0.0447166476875819
ID_58DD95CA38,0.2983338643205257
ID_80BA49DCB3,0.06720813567942807
ID_7B834D1810,0.08905560885459639
ID_8A1E379B52,0.9878898759048824
ID_ABB2F38CEC,0.7185024526065867
ID_F103C2D804,0.4269167582482926
ID_AA004A66AE,0.011919790334662821
ID_8DD4799E6E,0.8111267781102625
ID_A4B253AF1B,0.011671012776611592
ID_259E836403,0.0892735205997153
ID_B8C7B42812,0.002
ID_F9837B1F6C,0.0368809917092504
ID_30F5A5B7CD,0.04342681572538114
ID_4F9E72FF49,0.002
ID_5D237A57A5,0.578939410157521
ID_E7D16D30DF,0.15872074941562486
ID_E661171277,0.0153014870226472
ID_A223B1F714,0.09178685382589015
ID_36BFC1C90E,0.002
ID_A18481264A,0.046914463370523324
ID_98536B0F25,0.021811680850272096
ID_DD71CB6E18,0.2890310031311806
ID_7B15A0528C,0.0033169788129568853
ID_72B9A1C41A,0.2575904829247493
ID_310C0F8EB1,0.02016207490881186
ID_ECE541B513,0.005512259332211009
ID_BA9FB94DF7,0.029575188262370457
ID_320A6840E2,0.13864393777509884
ID_EB5B8C83FA,0.2212805966169527
ID_B390E86DF3,0.996075494885309
ID_8C925AA98D,0.013113607285187373
ID_FDBD25C263,0.002
ID_537D98129F,0.002
ID_8F63190B25,0.12628289492123654
ID_7E6DFC02EB,0.019793101766958955
ID_AFB7DFB627,0.0437911003079633
ID_5485FC340C,0.7632403130687445
ID_8887A4F9DE,0.0075146688006474975
ID_60823905EC,0.842955184777424
ID_E5E3618B05,0.4787086098522307
ID_2634CA2D27,0.08017672835244667
ID_08485DB943,0.02239233017468857
ID_3952DC4D94,0.09085754738902357
ID_D72648023A,0.038073627423115625
ID_CA03D5F9E6,0.2249488128014151
ID_DB37ACB9F4,0.13347054240365092
ID_341DEAD906,0.04101557327122392
ID_4B282296E5,0.008544542085942278
ID_43891B3FBC,0.002
ID_E209A54280,0.07034848526838504
ID_BFBC98A00C,0.04723422850002947
ID_C0DD98F903,0.002
ID_FD6D57C218,0.006330414287806186
ID_7BFFEDA54A,0.8647927702309827
ID_44A1C8BEE3,0.23356182784540003
ID_FCAC9C5B42,0.9904826652536692
ID_5DBBF8B112,0.006745267028749797
ID_2164B85646,0.2374024970185889
ID_A851E44DF5,0.016698960269871322
ID_0D1F318B99,0.23777667436239613
ID_B101AA2FA0,0.25999522597502983
ID_DCD1FAF039,0.09073306539699484
ID_A671FAC1B6,0.2618868934134086
ID_C34BEDA2B7,0.10183594537239177
ID_F045E4C83F,0.04553658220674321
ID_78E904FABB,0.17003999070746564
ID_5557289272,0.014372289287853078
ID_7398AAF8E8,0.014565083685142925
ID_DE128CBAC4,0.028198337802928904
ID_C3083E4913,0.01614532305610908
ID_211BF165FB,0.08542744411666021
ID_39808BFAB5,0.007626425658593498
ID_1C91C2EFE8,0.1779951452122336
ID_8140783600,0.01735083736187715
ID_50DA34BCA9,0.2961892567775237
ID_2CC76A9B2C,0.002070124830768111
ID_8188150131,0.004780719095759001
ID_01EE1FE748,0.025714002469461934
ID_65E14810A2,0.002
ID_4CC1AD89E0,0.02953356877037892
ID_9D65354535,0.11847194205463896
ID_ED39B2C5B4,0.002
ID_D14FD58981,0.1597480291494678
ID_FF71B060FC,0.27090704338338417
ID_428F79178A,0.007546360220587066
ID_04A36581B0,0.010088240551966141
ID_1148D32E83,0.04524256777481484
ID_4BDE8E5C46,0.9714407067209792
ID_596681AA45,0.08709778037831108
ID_89A93C9684,0.01125883117811478
ID_5D9C67092D,0.002538832482325805
ID_2632E5E22D,0.005981789671103475
ID_2ED5E6FFA3,0.012183635342097732
ID_E3F2302B21,0.002
ID_60D070AF5F,0.35336713781622914
ID_21E26FEC9F,0.09297651678317669
ID_BA8E35BEE7,0.02332129079260851
ID_CC76482231,0.013641955398055227
ID_45C5EEEC74,0.5479200961377573
ID_A347EA11CA,0.002
ID_2CCBB95DCC,0.36357438316661006
ID_94E29E68E7,0.04798542237838549
ID_6AFF28261F,0.002733668806434735
ID_04BA07F5F2,0.9974538026131834
ID_99C764200F,0.020115950622841293
ID_AF1C21A6C8,0.018422535592722448
ID_B2FC404443,0.004739927669304772
ID_09806A87B3,0.002
ID_4CE04C5D3C,0.15385212899217737
ID_8E3950C052,0.005445788822325494
ID_E318F49644,0.08705996309968349
ID_AC479A912A,0.025951076741709277
ID_8517A58065,0.002
ID_410EFA4903,0.45969692037436827
ID_C55AF1A779,0.027355378586654
ID_91D4FB3C5E,0.09511580499608074
ID_92F9146876,0.2911721113779998
ID_89C3A07DB8,0.008396350490372554
ID_92F9BD2964,0.30437524808346367
ID_B643A9B0DC,0.23531853397564462
ID_016B377A61,0.01103421107225047
ID_599C75A372,0.5581953792412748
ID_515178AE14,0.006850490068581903
ID_66249F7BE3,0.005239577847570645
ID_1F14EF7B16,0.9871622838584136
ID_E8970149EC,0.002
ID_0B33AC88D4,0.2033633688939412
ID_6D0E12A443,0.007403053083026044
ID_2CE1F0AB25,0.05282764472254676
ID_21A0F3F98B,0.007551322173860362
ID_3A8460138C,0.8363336039796273
ID_32AB5C784B,0.7557483317081424
ID_A29AFA950D,0.018406239883080464
ID_67EF2268A2,0.060278815967917024
ID_0534966BB4,0.014851123324755001
ID_9C94819E43,0.002
ID_6D2A568ED6,0.012983743388850328
ID_051C081548,0.0022189357420296664
ID_8B71E018DD,0.23110977451893375
ID_E89FD8210A,0.002246983223240774
ID_E974ABBE86,0.012083053781406854
ID_9E9B04516B,0.008349335151139602
ID_9180A43959,0.14981759575829937
ID_6D878D230E,0.021412142021079023
ID_9290E96C07,0.5136551986439212
ID_75E9C1EBCA,0.10662150529790218
ID_EA82E5BB7F,0.0310910602138051
ID_DD1BE137D3,0.020282018321952016
ID_00AF590EC4,0.002
ID_5EB1404518,0.006247057989989588
ID_EF50AEC3E1,0.012112495597544235
ID_E058EC0627,0.26475164546471563
ID_F35E509AC1,0.007256545525154175
ID_D60DE75ED0,0.8152533192216118
ID_6EC67132EF,0.9629576971811875
ID_D2755B43D4,0.005972037996143362
ID_74237EDF3B,0.0069428441635618525
ID_0326E715AF,0.9925787328963609
ID_F7210364A1,0.12554441584285156
ID_CD167B85AA,0.002695151389161773
ID_2BE09D7EFF,0.07608253276952473
ID_03757D558F,0.4157281023046413
ID_F444CF54FE,0.020247752257293257
ID_A2AF7CD5D6,0.07714270098371806
ID_300671122B,0.020550798407357896
ID_82496FBB9D,0.018776553881317763
ID_D91094A057,0.4250617229062817
ID_9FC5F9827F,0.6214761931085055
ID_B20F5543C5,0.017930748012685647
ID_0FE76F04E1,0.8265696676158404
ID_5C349ABB8B,0.003439608507299392
ID_249ADECA74,0.11201307486199971
ID_F2A10EA6B9,0.4275476898168102
ID_5FFEDAC26F,0.007132368466297494
ID_1F7F7FD693,0.04662307630103067
ID_FCC0FCCE2C,0.09531206280725961
ID_F6E94AA597,0.4254981866974503
ID_19E533CAD3,0.04287916185904956
ID_EE730539EA,0.1370108742420558
ID_87833D44DC,0.2177172343913337
ID_2AE3ABF75E,0.47230741845518326
ID_DF2018F5D6,0.025394041100737362
ID_C0067EE079,0.005889375224360682
ID_718A96100A,0.14758479489584042
ID_3D96E628BC,0.002
ID_7982ECD3E7,0.05209297444560072
ID_F0F71892E3,0.026079555402389473
ID_FC0D70E8D2,0.011550038813957993
ID_6357576724,0.14311983063967532
ID_120DAA24D4,0.002
ID_1864B44E64,0.012820635590230355
ID_E2282C27D1,0.0020477272980016933
ID_8A8A780C67,0.002
ID_1BD8B214A9,0.007951103993088737
ID_B7E8D0A21C,0.314421614331567
ID_A3BB39AD79,0.006852107013545989
ID_48FC9A0156,0.45436379270489596
ID_A9A89BC3A3,0.14580762192800678
ID_5F1AA26461,0.2077660942911422
ID_0B6E69903F,0.14974980455293355
ID_40D0E89845,0.9619151873504181
ID_E03AFD5528,0.41632898217645725
ID_38CF21C4B0,0.0036606354091310933
ID_DD4BD4F9E8,0.13530981116498944
ID_FA7DF909B8,0.44688967856544387
ID_3D3EDC9810,0.9288549284505756
ID_0373E4D387,0.04527995880654037
ID_1316E660AD,0.006185557549773201
ID_2A60F4A902,0.09739596487571048
ID_8870CF2394,0.9964964410479157
ID_BD33C8BB92,0.002704685681608626
ID_2EA158FC12,0.007214386895058355
ID_E89295FAEB,0.47296173065003166
ID_605B567E93,0.11146560135373818
ID_2F67A719A1,0.002733066556121482
ID_BC899C2E84,0.0494140100923201
ID_C4CCD4467F,0.0022596715692111496
ID_2AF22558CF,0.06795082064904655
ID_A31DADC19B,0.0605465944126124
ID_7220AB10B9,0.04580626046554508
ID_148E60B825,0.026095552068011143
ID_0942407790,0.021116388841248824
ID_4F243BF5B3,0.01066964022415748
ID_26BE297789,0.006757783217602075
ID_B3217ED103,0.0027843399845543706
ID_D50BBAEBE8,0.004918704764909326
ID_768FC8831C,0.018507782398457247
ID_B568A158D3,0.15574762061410702
ID_44879F8B17,0.0938442644858004
ID_315F05242C,0.01728186019637632
ID_90E0D6AFB3,0.20051692666847146
ID_A6017C01D4,0.006562985481466427
ID_4448F4BC52,0.011382163954945294
ID_1351609D2C,0.98678089434632
ID_DBE27DF317,0.021438903122217717
ID_5E7F1DA7A7,0.007067218021515139
ID_C809BB6F02,0.011082634839775977
ID_64D2E1F050,0.3398540276502907
ID_33AD997085,0.01170630531007669
ID_C1457FB5ED,0.2332641569173074
ID_270D0B8A0B,0.005800533824508206
ID_9984F3B580,0.12555741481445726
ID_D04636B8D4,0.13743066242663826
ID_21E7BE9A8C,0.04353414988634977
ID_EC87AF22D0,0.29774274544712254
ID_8D56440AFC,0.005931630682211859
ID_183F4396A5,0.00250841882515301
ID_F281E3FF8D,0.01375151535232551
ID_477A18D9CC,0.028338887952324535
ID_5A9ECBB0FB,0.1930268288682325
ID_EFBF8E6D11,0.023690782506297768
ID_C0A243010D,0.24258874556843027
ID_001D4C77F5,0.01364357574713107
ID_51CB7B686E,0.06295610748866362
ID_5E501539C1,0.06623947575704729
ID_F8AC0DD148,0.0650159946733023
ID_259DADC4E7,0.037477478363684036
ID_8837C98AEA,0.11972393898805359
ID_5E7C6C9331,0.014030856245586833
ID_F844747293,0.08827385571036246
ID_DAE7297F0E,0.013171161305063963
ID_9E7E3A0B92,0.006539075960560101
ID_A7A9FEEA04,0.6723553632191253
ID_4144E17137,0.14983537353737936
ID_428902C47E,0.004665068602589963
ID_4FE130C66D,0.06288837114462122
ID_2CAA3A7FFA,0.004996467784456094
ID_0E0B2EB3F3,0.26027449222780225
ID_19CD64ED25,0.07774971219167565
ID_C6D602475D,0.002932637900626591
ID_3FA1FAF316,0.5305115038734564
ID_44F2185FA9,0.31454802571316487
ID_7A5276F02F,0.06377450516103303
ID_3AE2DD184A,0.002
ID_DC46DD9182,0.010480012325044271
ID_E1CC910AA3,0.6475896295371021
ID_2607F0426F,0.003660842486590056
ID_E7653F3064,0.002
ID_0F104D2129,0.013360896388251973
ID_A44AAAF145,0.09251091916421457
ID_7D5A37B1C9,0.017646323293645374
ID_D86CA65DB6,0.002
ID_43AFE33632,0.025183181570795025
ID_A2813E571D,0.03166919744595709
ID_AE8A9F6188,0.011985687118586167
ID_D247BBA75E,0.021622556270901074
ID_D188CCA472,0.013210872735758541
ID_0AF18AED1B,0.015093342568237448
ID_84F603E5FA,0.06600769551698672
ID_B65351796E,0.002
ID_61EB0A93C0,0.051298944245406174
ID_237852F439,0.3401095863821339
ID_AC1BA4674E,0.08949137995361481
ID_B06FDECDA6,0.23113735032686056
ID_E4CD94393F,0.14725659259363527
ID_D50983A7E2,0.00617773061281858
ID_670F000649,0.24954763665656965
ID_65B4D7EBA4,0.002
ID_BFC9376BDD,0.07208125283508177
ID_5F19BB889C,0.04168312241881521
ID_DA96B5A8D4,0.2696507456004195
ID_5D4BFAC74F,0.5774324045775211
ID_B51E749AFA,0.006135076265938566
ID_3582EC26FF,0.2829667345812863
ID_E1E50B83EE,0.17335557228067708
ID_9C1300C13A,0.024947948775146247
ID_2976026EA8,0.11482916684780914
ID_3A24B25DCE,0.022945292073668393
ID_7564E229C5,0.26520441652721605
ID_CAA03E6E0F,0.0069041586340825925
ID_C24939CCD8,0.0071219493056849685
ID_2758E75E83,0.01890276049489677
ID_728716A2E0,0.03889405346751592
ID_A475D96ECC,0.43637973007614383
ID_633AA30062,0.044912045092638166
ID_681A9A91CF,0.036513936835667116
ID_2ECAF15056,0.14943871444146084
ID_FDC9F7E434,0.022950140141783405
ID_EE623EBFB7,0.0068096289356072495
ID_DC441BADDB,0.002
ID_E4AF01A39B,0.08465274110125243
ID_70CA99CCEC,0.006903681913003948
ID_1F1EB77DCA,0.014324081434906905
ID_CD6A5DB14E,0.0641907105277095
ID_8A9E4EC37A,0.01244807730271628
ID_72478B8468,0.017654642932408718
ID_25EDCDBF02,0.002
ID_A9592534FF,0.06038427080078927
ID_09E7EC1615,0.002
ID_C0034CF12F,0.013378667370723763
ID_541EE5A0E2,0.10504211356768112
ID_75135C358A,0.5000687251784416
ID_DF375BE54D,0.03832654697545704
ID_49E02BECCB,0.24546832490962586
ID_5C50E3DAE2,0.023480117595894714
ID_6D9F1418B9,0.003983849690337624
ID_913461DAC9,0.989884267268834
ID_820B89BE82,0.04342179656440065
ID_B410EFE85F,0.26223401365962207
ID_B848ED54B8,0.9034011778825811
ID_2A736967EF,0.15152077059931388
ID_3C8585470C,0.003232964093562319
ID_6B0DDF1DEC,0.026916892460663307
ID_DCDD751962,0.02412477033947804
ID_908E7C3EBF,0.3687588577649672
ID_ECF7A47EB5,0.041127114200873276
ID_206702524C,0.026608778990226917
ID_F0993FCFA1,0.030128946752215047
ID_46230D8EF4,0.07470115561648984
ID_51940153EA,0.1288336047897952
ID_31ABB0354C,0.954034886283513
ID_87F11E8249,0.9713084892265876
ID_CEFD41EAFB,0.002
ID_ECA4D6B703,0.027200467136413446
ID_6430148C91,0.9938004782228892
ID_183F86EB93,0.05247619322590455
ID_8A65C9F15F,0.0035579250806177087
ID_ABDF229531,0.8330716341329032
ID_86B6F75751,0.036137778384916525
ID_749DBAB1FF,0.013667658500849257
ID_6CCCE97950,0.20369230084888645
ID_5BD7A3DDFF,0.8116034031648516
ID_AE974239CF,0.011674613021361531
ID_380A6E97A6,0.19832125854430568
ID_096625FC83,0.002
ID_EF1BF43B8E,0.06418265666063314
ID_379EF63A62,0.019391891651955716
ID_C40CA8A6FA,0.04747431614689433
ID_15CBAE7821,0.025342428448088494
ID_0EC6FD321B,0.39151566831150864
ID_6C0C572553,0.008778152872083401
ID_52757BF266,0.02059249323969723
ID_D768FC3266,0.2977433849818903
ID_E195302612,0.12919576841861102
ID_099C56969D,0.023462337527768034
ID_61568D8621,0.08233472096705141
ID_2812FC240C,0.39027564689249467
ID_B82DFC1DC9,0.6563563106976678
ID_53FA56942B,0.9107686318293382
ID_E1D91710C1,0.017224262640091147
ID_B565740566,0.002715248061579895
ID_0EDA8B26C8,0.0029862608737348823
ID_7FC24A8567,0.302092417274384
ID_38A662B5E3,0.009347667345557947
ID_AA00D4B9D0,0.03009297703406919
ID_B109E26919,0.10031009157033878
ID_90E9C5A200,0.013796959142431437
ID_66F594C854,0.2347557013194403
ID_856736D82A,0.04603585068152191
ID_94033D7881,0.3412879186823525
ID_81BC7F486E,0.005257877588523843
ID_834FD9F76B,0.4983320990034169
ID_7B3A0A9D7C,0.8034000880906418
ID_558299A6F9,0.042712020504140434
ID_734C09F33B,0.21608074214364562
ID_BFB117B5A5,0.01448432694785624
ID_9881B97C2A,0.0035383507916098953
ID_33F8A67658,0.06038304119318927
ID_482C30F6E8,0.3868269773019311
ID_B27BFB83A8,0.002
ID_FEC8711C05,0.028696139749618467
ID_706CEFFBAD,0.0034093918208550344
ID_EAEDFC624C,0.002398851254179874
ID_6DE8D28566,0.006501937280652074
ID_4F15F19970,0.16966905556799017
ID_A62B168FA7,0.002
ID_67A4456300,0.4912330054599182
ID_53A296B06F,0.0124985574807742
ID_F0792A13C7,0.4708027280985335
ID_F760195923,0.006191000030039487
ID_FC46D8981E,0.011989442402125367
ID_DC98918B51,0.0037599300257019643
ID_3217159153,0.002
ID_5EC470B978,0.0038720761105836866
ID_D52B9A5243,0.012371032196039279
ID_F6E2578B64,0.006887835974251647
ID_BDF3DAF6CD,0.3654456479242016
ID_7BE3DF9464,0.023436495575372626
ID_DA510607C1,0.005438990026521016
ID_9E178EEFDF,0.0198401578705273
ID_CAFFFAAE9B,0.002
ID_5D31485503,0.9964171685427603
ID_5363FFA9CE,0.002835374667328661
ID_BE619D7F8E,0.022651945063554804
ID_E6E4BA9443,0.05050007845354921
ID_CE152EDBC7,0.017751232425678356
ID_B8C759C625,0.007588317147091
ID_5A140D16B8,0.06840599741846351
ID_6E3FB1B469,0.06631156906967593
ID_091910169C,0.014616789352532656
ID_8699AC6052,0.006287563559264245
ID_8B37B8B6D5,0.0027011836731476724
ID_D39A6E8310,0.00754676699470068
ID_387EF0E63D,0.005959552607754158
ID_F5B624EB43,0.22868528853761358
ID_570C7351ED,0.006940117015296902
ID_262030525F,0.05436615998627773
ID_8F1B8E15D6,0.13301764256808446
ID_ACCE4CEF80,0.006337281145771332
ID_DD33106A5C,0.4007065419631618
ID_09526F3C10,0.00660668237134002
ID_EE6D159143,0.005762025872958981
ID_2C49C706E5,0.06085298873638378
ID_DB77B54E80,0.02256974220566051
ID_9F62D02FCB,0.023435905111806172
ID_78EA98F1A5,0.002
ID_07972B25DE,0.004859416086331613
ID_A334D93D20,0.002395945265836705
ID_F46FAB66D0,0.045998569907894984
ID_4E224F73D1,0.002
ID_C6E6508D76,0.01655971643524748
ID_E73F16E0AE,0.04952986713187828
ID_064D19A69B,0.1285461994636058
ID_0B8AF6A3B7,0.0040238159105310655
ID_637112ECA5,0.18963398324488545
ID_10C7C8570D,0.04153784606481748
ID_93EF87FC92,0.045430061436655324
ID_2959D38716,0.14266475686560656
ID_FEAC6203D2,0.006694271086110154
ID_25BD50708B,0.01604186087648482
ID_DA5990F8F0,0.5290425675965906
ID_0F3C1A353C,0.09636295404686845
ID_7767504BB9,0.05067591724045699
ID_82CE326B03,0.002
ID_92575FF83E,0.023029338678066388
ID_9580772281,0.1247947579524957
ID_FB8E1E5E14,0.02700712839925011
ID_69D5DD1697,0.01967104414279555
ID_A5F232EDC0,0.030423078845678304
ID_3514278F28,0.016145280066727354
ID_68794F5348,0.012445448624847484
ID_C3D99B2BB7,0.1634950958819758
ID_8E36C64ECF,0.002344621777826317
ID_FBF46B8EA7,0.09492515815381097
ID_D4772AB85C,0.010656761101659721
ID_B5C10B18C5,0.7049039972675611
ID_B5F9B8E92D,0.002
ID_DEB9094935,0.10946038203921624
ID_D8AAF2843F,0.0029480030742754576
ID_059FD20608,0.06294983747896717
ID_CEA59552DF,0.02304486965256514
ID_AAD88EC1D2,0.027121212334251698
ID_43F4129A19,0.005160188759067773
ID_F6B84B7B3A,0.021736354493996357
ID_C4AFB47315,0.012353550227259246
ID_8F0C273D8E,0.477827665104325
ID_2251DFFDCC,0.06355372763662198
ID_7CB6F3EBFF,0.05376659061517274
ID_30D2ACDE16,0.07020301116867797
ID_12CA8FB734,0.048645514109804465
ID_C3DEF0E980,0.011158146586989003
ID_B9FDA9BEBE,0.2810283366410232
ID_DAA86A94A4,0.6064814530712204
ID_A2DB850C3C,0.0756557125634287
ID_2A9BF62517,0.04948988976629419
ID_E843C40EB1,0.013202061022798096
ID_ABDD9AFF58,0.0301131346221504
ID_5F709D1D61,0.006534814592078696
ID_22E16F7311,0.002
ID_436456FCE5,0.021486039399968675
ID_6E83178494,0.6542605265580167
ID_488BB08E3B,0.9738028651416749
ID_01330FC77F,0.18899368690344315
ID_1F6AAC5B72,0.00614304890824247
ID_0B0A4102C5,0.15674528143637845
ID_5D039C707C,0.08774899711495984
ID_EC79F2E7B5,0.0527689809189745
ID_1B63844D16,0.0026323137389410818
ID_D74C0EF1E2,0.2006002500434811
ID_0482F462A0,0.02263207864999382
ID_B09422A845,0.9919309891173952
ID_D3E25A7C66,0.8926924679758834
ID_A416750F06,0.10822758684590554
ID_C599E5D232,0.014896211650350651
ID_A3700DA5D6,0.00711644474881063
ID_B291051DAB,0.016322167091456577
ID_68403B19D9,0.6667602268765608
ID_457185F4F4,0.6239199987996211
ID_E18C236D02,0.011558941342606342
ID_9EE1528E69,0.9614469677745018
ID_3F93F83BE0,0.10899875348597442
ID_48D42F8796,0.8234278138124284
ID_9995ACA9AF,0.004250819179668459
ID_0CF36761ED,0.19064096679626105
ID_719D311723,0.011508135793658735
ID_283104DCCC,0.007829951625613682
ID_B2D39DF33F,0.002
ID_B2B0962B30,0.21989217483100093
ID_B593D7BFEB,0.5770380858855202
ID_E04C4CF18E,0.9248899380352685
ID_2462723BF9,0.007068359951764138
ID_282134FAB2,0.011195059840959934
ID_167993B846,0.00816241889432747
ID_A1BC9E4D90,0.019968530842797733
ID_D21818B581,0.5518245484570402
ID_727677C6C2,0.5251687647899604
ID_59B8D678C7,0.05602663617746318
ID_E106EFA38A,0.66508490912362
ID_E0D3031B25,0.14089035384226414
ID_578FC77209,0.5610642883589563
ID_F34CF76F16,0.002
ID_4ADD914BEE,0.085940579010495
ID_927A98814D,0.22357032660940396
ID_645E7474B6,0.0059336552380315
ID_C56B6AFDA8,0.981488014074894
ID_D5151CB01D,0.07670561163347157
ID_710C7F6694,0.09784798631986229
ID_AF7DAD63D5,0.07465597333957599
ID_C256DD6150,0.012079888302671496
ID_2230F542DE,0.05339259314194958
ID_986B4D61AF,0.005603812180063783
ID_2620A97ADF,0.03971018968037856
ID_9BD053EA7C,0.014815845098376327
ID_6C16B0EBC6,0.02429780433037743
ID_4798F1CF22,0.039100681563442395
ID_6D9E718AEB,0.009458028925024108
ID_728EA79C0A,0.011409184251026648
ID_64CAE8F8ED,0.08539865819920335
ID_63514D06E5,0.002
ID_587D92FA80,0.005615439663136339
ID_E075719EB8,0.012308427761958176
ID_E3B09418B4,0.009784617185160155
ID_3827D3C368,0.22263645296535908
ID_9E6054587F,0.0036511562489962165
ID_E912493460,0.06533892321643296
ID_FD70416BB2,0.05027780708229253
ID_B72D920542,0.003020108172075645
ID_80B29EF48C,0.8699940462258259
ID_629B7C97FC,0.00989279562799173
ID_224C9ECAF2,0.012105357097921968
ID_76993BA74E,0.04389447664807425
ID_08E13F8E57,0.03254194647375359
ID_51275941C5,0.12928090246034182
ID_888009BDD6,0.002
ID_292595020C,0.10160707276777463
ID_A48529E3DF,0.7543600586718048
ID_E61305F766,0.010820716699177163
ID_B52AE78ABC,0.002
ID_F0D925BAAF,0.18353764247729557
ID_DA6C872F69,0.012139147864586058
ID_B573AA8DC0,0.01571347820144904
ID_BC079E5FD6,0.017359529177748127
ID_4C5606E44F,0.022920416249596776
ID_4C88131D60,0.09844354228214379
ID_CC8B892855,0.2093631184028428
ID_6F5F5DE426,0.5867578356215905
ID_3E62D93500,0.002
ID_87DDC8AFA6,0.007417865957270798
ID_3EEB217171,0.21359260734876176
ID_4F3A646EC1,0.005067796660752105
ID_B37A8A4EE4,0.014518187878259843
ID_A371BED305,0.02183887137767935
ID_6C846C8495,0.045944535903681825
ID_8F61D136C5,0.1221083449137546
ID_898F0EE39A,0.20844650644995855
ID_87D534A1A8,0.002
ID_D60CBC9B84,0.0069520002748599975
ID_333855508D,0.2734505929365445
ID_E2FB6B97B3,0.4092254548519177
ID_FADD734007,0.002
ID_A44277C030,0.019831798770865213
ID_5CE216F259,0.791685617374073
ID_4E875E481E,0.02388267090138103
ID_DBBF353D21,0.06028362774967383
ID_5D487AAA97,0.02038613573615929
ID_864B0AE389,0.0071214277288664815
ID_E332259890,0.28428081688759455
ID_714F8FAFCF,0.017151546621443404
ID_D73A7AA8FC,0.1869086646174003
ID_D5D4FA0737,0.006298817754607857
ID_F4140588A4,0.2315371705532837
ID_9F6A29330A,0.7391937642006625
ID_9D06E6FBAC,0.006357216066733451
ID_00453BE0B7,0.4481415885603511
ID_D1C0766D8A,0.007161805815306117
ID_2932B627AC,0.042736077587353594
ID_F66997A853,0.10230746714284751
ID_48C5191D63,0.006550727293848932
ID_834CBF9A49,0.02161341832190286
ID_729C967136,0.2313937539919959
ID_C0BFD28355,0.004914250193738217
ID_369ED8AE66,0.43921361538670667
ID_7B32F2E3D8,0.028973789748017967
ID_5C926B8041,0.0026056009576501294
ID_4ABF960B48,0.6875076160983489
ID_D50C97ECF2,0.7865897070816636
ID_A6396651D0,0.0117661097971264
ID_B955AC496A,0.002
ID_232FD0639E,0.10070421486576264
ID_54B1590848,0.06559906331386571
ID_D8AFB220A0,0.007368253064719879
ID_7A465E1AAF,0.24144845480506974
ID_1ED5F8D346,0.08110950246558549
ID_3D14128A19,0.4556678043824721
ID_B862A7ED01,0.008608581953119433
ID_A352E5C85D,0.12330677854501816
ID_9E49F406F1,0.0687054787523215
ID_9841839EE7,0.6484581667998115
ID_76653FCE57,0.058770736805509365
ID_CA45F52D24,0.006696858993275637
ID_6054542168,0.0037762570090185245
ID_FBF2D4FC7D,0.002
ID_1EEA121604,0.024484178055262453
ID_0407F2AC74,0.12936031712101292
ID_582748484E,0.005877068736428227
ID_9158009A38,0.0033668341756012406
ID_0AEFB1F120,0.002
ID_1562E77B86,0.6732219654573978
ID_C5B059E225,0.3099082062992551
ID_0CB33230C9,0.1613113855197077
ID_39B58369DC,0.41561985000813545
ID_1C6AB45EBA,0.007009157874870367
ID_1AFB2A69D6,0.010901562235789239
ID_8138C8F9FB,0.2852570481680831
ID_A97A08ABC1,0.002
ID_5B5E8BC3EB,0.003225744811759716
ID_7E18FE8966,0.025107441411313956
ID_01184FA6E0,0.00909451062550206
ID_AA9AEFD513,0.17648383411290716
ID_D084F24BC5,0.01540012795202288
ID_8E002B9E14,0.13214805030940124
ID_104894FD03,0.07226719725629534
ID_93F1A7A002,0.013198926906303006
ID_F9B396CB82,0.8603842361668775
ID_BA486835B6,0.20617430248954555
ID_BCB2B47286,0.006353224131282528
ID_A40C1E66BD,0.01487853092511677
ID_72553A4FEB,0.7080784277452836
ID_5ECAF6F96D,0.5092680916527729
ID_8BA7A262B9,0.6685535976066398
ID_38A88D92D8,0.006146694668916797
ID_4176A1167C,0.002
ID_B056D6B9A1,0.002
ID_9213F06021,0.017888397481786174
ID_D32CF190D3,0.006861398222600071
ID_597ADC1A14,0.06623259979366963
ID_C853EA2872,0.0976080102795461
ID_B97ED814C5,0.5900292527395176
ID_CB413A265A,0.1172926560185833
ID_5A20A8195B,0.3525077652761048
ID_DEF683509F,0.26216223883665896
ID_86FCB4392C,0.002
ID_0742B50BAD,0.003848235506901148
ID_517DDFD73C,0.23029806001124706
ID_36C9C910D9,0.35973032818030304
ID_AEEA659328,0.9974881590460164
ID_5DC118EF4C,0.006113094932649489
ID_E27BAABDC2,0.08975006088706089
ID_43D3098223,0.5589980194708684
ID_C5DFCCA01F,0.044813565737210063
ID_6B7C63618E,0.011878355281147444
ID_F9EFAD64EE,0.006364740031139596
ID_0CB1AFEABA,0.4495509317063505
ID_95B8B7ADFF,0.011018795157404565
ID_6F1CBA9CAC,0.00417237007236772
ID_0D9FF59946,0.2528099736156153
ID_24E48D6C20,0.00782502612412685
ID_25EC70FA09,0.002
ID_07955C6073,0.7130405431729032
ID_E02C98D643,0.008687319194276833
ID_868C6FC0A6,0.984200941919241
ID_F60C307D7E,0.0981882273977156
ID_934C5C6FFF,0.2508385895811925
ID_6A7FB1C4E4,0.32261240316544926
ID_6EC3B06990,0.01571572971920061
ID_DED49ACE99,0.49900585895749644
ID_E6A4642A22,0.0036293754050147394
ID_5FD9A8AB24,0.020838305439619325
ID_DC8E385DCE,0.014822552869279084
ID_21C24C2C73,0.017396777053801233
ID_CCE14FF62D,0.059824384004679904
ID_0E374E370F,0.44075468807953316
ID_EBB9CC36B5,0.02099527597532911
ID_186B9D7A52,0.4265425268727994
ID_AA1B7B2BCB,0.045585049707797344
ID_029A470F93,0.002
ID_6E673A4663,0.002
ID_E90DA27D17,0.027446273918539592
ID_466320D905,0.002
ID_0ED3EE8155,0.041395381604058264
ID_1EE0305536,0.08931394265690416
ID_A8DEDE734D,0.019005340584443874
ID_0CD72FB7C5,0.2895602078634082
ID_C4A3947E2A,0.002
ID_67A6F6D511,0.022196802350390697
ID_1784081E8A,0.005317549816708785
ID_73A3911855,0.06071479565192036
ID_480F569573,0.02095568431080727
ID_5A978D8766,0.1607313679616314
ID_5B85A7B541,0.49778370638840386
ID_010B6850A5,0.6633655861671195
ID_7AA061B15F,0.0060613029489214
ID_EB575E00BB,0.01782249072163324
ID_34EFB19FF7,0.21342321391026056
ID_4AC64A661E,0.5272793385891005
ID_952FB5E45A,0.2260095133656035
ID_C926EBE1CC,0.1655367593378734
ID_3BDE682995,0.009368079249465675
ID_1D6E8EED3F,0.0827385377691047
ID_57A1CFD4A6,0.03174725942371402
ID_B9B4C19BEF,0.0070003144963041155
ID_910930391F,0.9920655225098385
ID_C14C5504AC,0.771747515266352
ID_DDBDCAB833,0.9017494248717911
ID_2BE09FF4B3,0.2666439458384671
ID_60ED6AB1E8,0.3008613834612975
ID_4DEADE3E92,0.006234034698712456
ID_40EC8D0391,0.006564726513763875
ID_CEC409D812,0.006252232517952975
ID_B95E1A3981,0.006334639122518071
ID_E71D701DC1,0.17381365342953503
ID_A420A87591,0.013136880605175276
ID_F759E07078,0.04561091706400641
ID_6EC21D1B66,0.002
ID_48CA7FF59D,0.002
ID_3C8FDAA982,0.012070231817282668
ID_026DB95C26,0.01575965175087873
ID_AAA546B9BF,0.002
ID_870208DEE9,0.2090247092419848
ID_0C8ABF0F8A,0.002
ID_88FED98B57,0.4361330767615508
ID_8C624221CC,0.006585758738423939
ID_6E8F1EA584,0.014829416410673054
ID_8AE7322317,0.2702026073195164
ID_9D3DBFA0B0,0.0026771212335928033
ID_0E9E5B7E38,0.02055835132294096
ID_17D53C9147,0.7642002532425531
ID_D857A3BE4E,0.0043145802342356085
ID_D6A0D075F6,0.011441326690724323
ID_D6CD5B99E9,0.002711090186209212
ID_A1DDFAEDD3,0.01189917713552383
ID_80D056295B,0.004586015982748957
ID_BB9B3E388F,0.9901671344952717
ID_E699C0CC58,0.209156910988505
ID_4ABDE0E1DE,0.21809684098342846
ID_C0A7FAE030,0.14244291981509713
ID_EE9F5D92E7,0.15849555879949392
ID_5C57CEFEC0,0.2512879990603062
ID_E56E851C72,0.002
ID_514BE7063F,0.05379642357157457
ID_94B51DB1A3,0.11392530547684056
ID_FCD2D4087C,0.09682530275592176
ID_0ACB3E3D86,0.002
ID_15FEA75B4F,0.12198925911253071
ID_3A70B9E819,0.2687157240461693
ID_57F213547A,0.5240070795674437
ID_70E7B23389,0.002
ID_F98BDF9ED7,0.0027422428725929577
ID_52AE39FDE1,0.002
ID_89DC1B4B10,0.0921458075488989
ID_B274DB4E62,0.38252233969562505
ID_7230E65D6C,0.15773437199594906
ID_FA7810A874,0.83529667914736
ID_64EB5868D0,0.5001233353298467
ID_C6C2F62747,0.0240147254924392
ID_B6FDFF8278,0.006000730488283123
ID_B38BC1343E,0.002321693049857979
ID_0B209106BD,0.6044882193597411
ID_C94FD09A9F,0.006937088119709371
ID_F67517AB2D,0.006117288084967638
ID_7D1292AFFD,0.005088181220050898
ID_7177B8B2CB,0.596882089967395
ID_C8EBAA03D6,0.00277772348845855
ID_363A339419,0.0518015421420588
ID_D8A8F8892C,0.004432468645172008
ID_A57F16486D,0.06601683460394435
ID_B5AA87EE25,0.002654154761234571
ID_5DCCE665DE,0.016289204077267295
ID_BCA37B1441,0.006959115376172348
ID_D86C245387,0.2656398078279423
ID_CA469406B8,0.04282137303262003
ID_42EEA21A52,0.07660117857133412
ID_75379C109A,0.07785036188953995
ID_7ADEC881B3,0.0404365800874885
ID_5F5EA36013,0.08857030588161989
ID_0F9B8652AA,0.8867111424019362
ID_E803505247,0.03010379108977035
ID_FBACD612D0,0.007588426821507075
ID_86AC80B420,0.9021408523908914
ID_99AD55C250,0.005294934066154449
ID_9330A9044F,0.22550198822598388
ID_3F19AC566F,0.02037718651798146
ID_D2D6827AEB,0.05801691945545164
ID_4F9A27F27E,0.009814722320191302
ID_27572509EB,0.9736529410093772
ID_F457B48881,0.006718058879701925
ID_16A6F55B9A,0.0027188519750130976
ID_128AAA01FA,0.9979148212459481
ID_BF5DAE7004,0.011300878049250444
ID_B6C8F594D0,0.006225191185944472
ID_6B788FC6B1,0.0049271059891722625
ID_53A492411E,0.021331618912276005
ID_4D4291B20E,0.4673594604038936
ID_1296BE7F72,0.0035364162776097513
ID_C60C770558,0.31282016510671956
ID_60209C2AF6,0.00722342071848073
ID_11D65AF74D,0.0020394518903352624
ID_3D7F4870A5,0.002
ID_338BAC31A9,0.09078647842279944
ID_878AD6B2DC,0.6909483908831566
ID_978CF69139,0.019938723078517198
ID_CF7F0D4184,0.011523464235926463
ID_69BE89362B,0.014356035556575053
ID_419540E2C7,0.10636400501820531
ID_054FEC1080,0.08700861715813506
ID_D8BEAD971B,0.002
ID_47B731D96F,0.020258547352298987
ID_5F36EE9DBE,0.12224479864875162
ID_C8A6EF7648,0.9919367734470862
ID_1C1B369CE2,0.015083308860854813
ID_71086D3CA8,0.0966777010478526
ID_116DD6DD96,0.5293876611691124
ID_938CB133F8,0.026233569523394267
ID_375B93F9BA,0.01778156204459565
ID_80412162CD,0.002
ID_811187A849,0.002
ID_D34696E2E3,0.012634270708929423
ID_B54E4FCFB0,0.0063890188971578755
ID_EF0E8E3C40,0.2219523345403725
ID_67BF05E2F8,0.006772460904223373
ID_942CB66C7F,0.01423679595319494
ID_F8180E9F4A,0.9965219511270745
ID_AC03DE4F59,0.010591015019043639
ID_EB9ED36FA1,0.3614148148538761
ID_CC7BC9D62B,0.05892500646272981
ID_0FEC401A94,0.08669687879122902
ID_24F16C5DC7,0.016883701535980015
ID_81D2D82FC3,0.04500946768955198
ID_B2EC1E953A,0.9970324341486114
ID_C241D4EAB9,0.002766201743024093
ID_9BBB2173AD,0.002
ID_7D30BEBD32,0.058195502023559435
ID_C9C0587412,0.007390047063653962
ID_61CE0F92E9,0.01091884072772694
ID_EACD188BD0,0.002
ID_7D6F792F19,0.1479827244562953
ID_5532DBB738,0.04757467034558535
ID_BAF68C91D0,0.0639674440270275
ID_FF6A9C8CBC,0.015421691168534304
ID_A496F6200C,0.0918061135225987
ID_15BD0525B7,0.0023119026507245825
ID_33E197C10B,0.0027884380655649613
ID_222C312C84,0.006073145764068962
ID_C300C6275C,0.004769842924554992
ID_92751DCFDA,0.0026919052808118222
ID_87C43B8604,0.24906154699644645
ID_D2AD2D7C79,0.020983934425287752
ID_0D299BEF65,0.25173319450166964
ID_6DE0D7B61B,0.14460166830596569
ID_790D6A7C61,0.00238714688894657
ID_95D4DD54EC,0.2302504503176788
ID_8C5D77EB48,0.163704995350443
ID_F4F7D0095D,0.007498090514778707
ID_DDF7021899,0.022949743090652536
ID_F95BA0F380,0.006601575398983903
ID_3BD0F16780,0.011475484517295109
ID_9E966EA0F1,0.019511402373660405
ID_9AA34CE83C,0.11073715552560037
ID_8321E35074,0.2591411696032063
ID_61EA1D9008,0.10059370885329619
ID_797437FA46,0.002
ID_6F3EB3468E,0.02717784499609354
ID_85930D268F,0.9896962013729687
ID_0C7E0D6315,0.9961800467110952
ID_A84FCB6459,0.675998841114182
ID_67CDAF1531,0.011940090352233973
ID_020EACFD30,0.002
ID_7252BBAF75,0.17893779469097496
ID_238BAB2A20,0.013931336840332454
ID_BB7A6070FC,0.48506618900608023
ID_D84BAAEEF1,0.31221896296891366
ID_3EA58BC5BA,0.18300492889135114
ID_DF888D06E1,0.013763472031240839
ID_6F2F16F808,0.03029603352336414
ID_C63CDBBDE7,0.014160215211238237
ID_4932A9C1D3,0.04379274106652741
ID_12EF01C7C6,0.004810775451907041
ID_6344646C35,0.002
ID_B58C10B5C5,0.004648322544155383
ID_3487069946,0.40555583175647175
ID_E476D21D84,0.39060793637353425
ID_5B7250BCAF,0.024819269558700195
ID_CBCCB5624A,0.2751662735310769
ID_854752CE89,0.12393735127121384
ID_B9F261756C,0.006158574243218767
ID_25F12700D4,0.04981233435294309
ID_F31AD176E3,0.2548494977490358
ID_7773DBF0F9,0.22896630450154673
ID_0BFD274EA0,0.0568889473379579
ID_B061CD4CB6,0.0073771029831842345
ID_FA81B732F1,0.007102055306940659
ID_35BAE7EB3C,0.002
ID_99B4F188AA,0.02349226390480191
ID_4B8DF64430,0.14764383017782742
ID_61DEB44F32,0.00680752895588031
ID_D8EA1165D4,0.29638483612977906
ID_2D9FCFA8D6,0.0028051116075151817
ID_1054C29109,0.6454548897017397
ID_2270E4872A,0.02733169383443474
ID_D9D6A5E47E,0.37817219864583823
ID_3EA1B486E7,0.006603973219848833
ID_44434FA4A5,0.002
ID_464E474CAB,0.015073034940685544
ID_DFB3C097FD,0.06473593660107974
ID_C59BA86300,0.10229093677529758
ID_639734F4C6,0.002
ID_25AD9A489D,0.9893148302707655
ID_EB240281FE,0.012195099457473954
ID_B489AAFADD,0.31688674557168145
ID_8B5F63CDE3,0.43331588901026724
ID_836A4206B1,0.0025514247035823808
ID_92A19F33B0,0.007628849248560709
ID_E76CB6F966,0.019057431980398627
ID_1D5F6961C6,0.2215647709622375
ID_D2A3086162,0.09482142267207466
ID_14DFE5574E,0.07776371220880703
ID_F6597671D0,0.08838655489111404
ID_FD1D68C7FA,0.006344442042084592
ID_773A9D3F9D,0.16762759662616186
ID_9FB5F0067A,0.01845720433028702
ID_C8231614E7,0.004942240771308329
ID_AAE650BBD8,0.0032170276347250086
ID_49FFEA01BC,0.05316945544568206
ID_123F99E2FA,0.011369113226407934
ID_5EB5FE3F3A,0.010691105419728295
ID_90D394755A,0.6887823848826817
ID_BC6749EDB1,0.06668747529784501
ID_15F167F515,0.006373944829105335
ID_55B173DD9A,0.010654160726015154
ID_62B6345722,0.002
ID_B38270968F,0.46902322482240816
ID_F2D6E121AC,0.004003620233008779
ID_E1A9068F83,0.002
ID_08A9AA08FF,0.04632152698779913
ID_A303A93A2F,0.019111490918101038
ID_32940CD9FF,0.04828817640149551
ID_B966670BA0,0.006065148861712154
ID_ADA8C0F1B5,0.0061400327849494025
ID_9C72960964,0.11854960676381114
ID_D8BF7EC295,0.00223593205105219
ID_458DC0DBC3,0.011662106537407934
ID_1D9FC4C2FC,0.014544753685475772
ID_165BD22AA0,0.04031825473423504
ID_A905AB66B7,0.8112921361463779
ID_E92A5C0A05,0.03919773340201373
ID_4719AE76FE,0.22955772596634405
ID_8E771C4D73,0.7689936400690909
ID_064AE6441B,0.06197745004355381
ID_05D2FB3EA4,0.3066789275997179
ID_A72582A17A,0.08613610132906067
ID_31A926F2B9,0.8628884248504595
ID_0828682870,0.03985282633326208
ID_4A24045ABF,0.7623675811473041
ID_1442CC745D,0.047326008995844784
ID_902FDE0B44,0.002
ID_08F91DCE43,0.0027097345785893306
ID_836FE4C93D,0.002
ID_981DB1EF92,0.04785026288413773
ID_A194CE7E7C,0.0038662774420856936
ID_6955B55502,0.06955223096537708
ID_2C242FA989,0.002
ID_D0CDD6B891,0.0022490538610560255
ID_5DF5526E9C,0.002897607732320414
ID_9E06675BED,0.002
ID_F66FDDC84F,0.08866377883236742
ID_4216B1556E,0.22115859555137576
ID_17A45661B1,0.059959302803019136
ID_2D2D4CE911,0.0051700065112902675
ID_92C693A4DD,0.00733991005235126
ID_FB4F58B1C7,0.002
ID_4C453DB30E,0.06924434122271507
ID_FDADE66A17,0.009467111682493746
ID_6977411C84,0.21286403963216569
ID_1536B29B83,0.007587356969535847
ID_6D1DF1C5A4,0.1127352802129198
ID_3501999504,0.3251255324996407
ID_7CEFB1621F,0.6301181236084561
ID_94A3F667C9,0.024543503822013275
ID_ACA5FB468B,0.1487200610054378
ID_31F42FCBE9,0.020945959912501973
ID_1B0854177B,0.06527739795938178
ID_7DC51F759B,0.4351705469732136
ID_C7FFC372BE,0.45540969681107774
ID_E1365FBAC9,0.09719957551533404
ID_CA6CA9EF14,0.02737545573261521
ID_48C14991A7,0.012290721450757982
ID_775BC9498D,0.002064531425469459
ID_DECF930F9A,0.01987683416522244
ID_9A2735C096,0.07027471249634698
ID_A5DBFAE64F,0.002
ID_04543BE021,0.012240125484660677
ID_CA185589F0,0.002
ID_E1BD6FFC87,0.002
ID_91CB5D7ED2,0.00793414369273718
ID_59BDEFE816,0.3509222364634612
ID_7CEE2CF332,0.02372423866877242
ID_DF7B037FD9,0.019827267106867694
ID_A8712E8E54,0.003405106004697917
ID_6D6A9A9E3E,0.08848848538316206
ID_819C33BF4B,0.02152197887199448
ID_57882B01EA,0.2768154249927493
ID_EF5A0868DA,0.012323761235818046
ID_D0483CF208,0.0023143240448309766
ID_CF33AD433C,0.048796127117142485
ID_293109B820,0.1873874034210742
ID_76E1B03E8C,0.09750466373613076
ID_B08730D695,0.004114000720371332
ID_762D944A36,0.037720785343131835
ID_B0102EE760,0.5165450141524435
ID_D36E753630,0.002
ID_B6705A9799,0.01337502225993967
ID_502F8A55D4,0.08194373945031681
ID_0AB1508AFB,0.21909852464255716
ID_25F037808D,0.40139920005807567
ID_D42A29834A,0.7039708031136612
ID_2E824DA095,0.002
ID_51E7C530FC,0.0065624293411397335
ID_0DB3C8E7B4,0.002
ID_2F7F7568B8,0.1355674129769313
ID_D869A0157B,0.02193326991146019
ID_3761AD8ACB,0.017459595662417084
ID_A127CA664E,0.006682031209298792
ID_66E0516029,0.006646402008608515
ID_F558293CF4,0.0576486754151709
ID_1DAB1D52E4,0.008657176953113948
ID_31A070D66B,0.1541833719323484
ID_1C26E4972C,0.06871336167527092
ID_A804FD984D,0.160788629364797
ID_9971E7588F,0.09288007325912029
ID_4E518C0F12,0.8533960320466015
ID_D8391CBE3F,0.1344429931912195
ID_6DC5E2487B,0.020610496670812987
ID_CDD25B1A4E,0.005791764289773715
ID_C17E09246D,0.016879535301445734
ID_79879E0F5C,0.015175496799228227
ID_73923DB75C,0.01792897776394843
ID_34595103DC,0.0034643154286871708
ID_5BEDF4D148,0.002
ID_720B34DAE1,0.002
ID_8CC077F758,0.022634990974398948
ID_28680F7D4A,0.00218362183610311
ID_EA7B946DA4,0.04850402573039968
ID_AD27952FCD,0.01261470978250075
ID_77C9627D79,0.8241147295944611
ID_A58837A6DB,0.10547824729263257
ID_BFDBA98959,0.043105404253141195
ID_3B3997A70D,0.002
ID_BC77308D23,0.014942174268292424
ID_561DD1718F,0.058274334501102656
ID_51C0050460,0.016490415247487924
ID_9B5F14FD2C,0.00787432302270995
ID_D652F8C017,0.019630462003299324
ID_D86D260634,0.025535690455500817
ID_171F433D93,0.1338097355901043
ID_036856B8F0,0.47887748050734963
ID_1FD0CD9435,0.021287206054761476
ID_1EDA1E9A38,0.002
ID_D28D525DB4,0.4439005548283292
ID_F11CEA498D,0.6982363671006064
ID_5E1F05D370,0.007573206536638349
ID_C1DEC6D219,0.8157765456683577
ID_372C624916,0.008722174768057957
ID_BF0A160FBF,0.027480037303046684
ID_51E8B21A06,0.0020440572928427294
ID_0CAC6C2902,0.10687552619493702
ID_EB853DF97C,0.15578715729997525
ID_0A6831D2E5,0.008121093078117102
ID_DC346C68EE,0.7719694020666734
ID_08F0CAE90F,0.02601839819288433
ID_B31E890F4D,0.27534424947739555
ID_025B15E15E,0.07391782491060184
ID_74D8BC3DB9,0.002
ID_4724BEB856,0.003528724298735794
ID_BACB8B36F6,0.9658923257076736
ID_CDA9B6C3BF,0.01751886197516049
ID_C14A1F6961,0.2956606068278421
ID_2370AFAABF,0.007286511394403798
ID_20BC08EB0E,0.020359156044347723
ID_85E1E1F1DD,0.02897494986265939
ID_766CADC276,0.01102044030962763
ID_E5CC4F8B88,0.06134665724977992
ID_05E21B2BDF,0.015872406005179987
ID_41CED4A1D9,0.2024318241849732
ID_990F9B771C,0.0539624673659995
ID_DA7B8347C8,0.9295914560504701
ID_C75EF6C0E6,0.008045737075541242
ID_FBDDFF3D46,0.3138747822836835
ID_6A7CFBF98D,0.10250971675883477
ID_2FEF4D0017,0.012202955528209313
ID_F2A72B2BB6,0.9631775573565629
ID_A7EEE3FFEA,0.013509671295233023
ID_57385B2BE5,0.013100195796776385
ID_E8AADA7560,0.2095365865110342
ID_207FDD8B4A,0.011947644299710685
ID_B2F4950B19,0.0023708302059145194
ID_E7502CF42B,0.052189367820407104
ID_9A2EB022FA,0.18204440152260518
ID_E88024FBFF,0.327373298836163
ID_98D5B5225B,0.002
ID_4381731B49,0.007376533411666468
ID_C1CACDD448,0.007022685289944707
ID_3219D6ECD0,0.006325106762250458
ID_835734110E,0.0023538415029091832
ID_4AA5B5303C,0.02500532111593498
ID_5A20D701BE,0.002
ID_B7354FA88F,0.3037934413883729
ID_33248111AC,0.0606954127367974
ID_4D23009522,0.002
ID_B3D84C998F,0.13285012928932874
ID_08045E3440,0.16885143463815908
ID_5C22BAEE90,0.016579624571358233
ID_13EDFEA33E,0.28125173031768297
ID_001B59BD5B,0.006015489101426696
ID_55DA5DA1C8,0.14984133336793787
ID_DF1A0F40D3,0.005974931690750559
ID_2625D5DBB5,0.1450934311503277
ID_E76A8E1C6C,0.22305227308592304
ID_71537F8D4E,0.002
ID_AD7EEA3F36,0.051109198206154435
ID_715C2CE46F,0.002
ID_C9B56B5CE3,0.009672793665825092
ID_9762F69369,0.15125225196560454
ID_C3FFEE106B,0.002
ID_CEF8D13B74,0.27044434226405517
ID_EC44978410,0.014914963647407032
ID_245500AA14,0.1943627509847707
ID_86D776A64C,0.0050488313612008385
ID_0011C70C96,0.22436891838798542
ID_668F767D6F,0.3530859989771709
ID_28580AC593,0.047013321851971934
ID_A92AF0D7B4,0.06498946913026264
ID_7FEB1F034E,0.09559405626185465
ID_90396F7760,0.0069250969097428006
ID_8D8BDC749F,0.0020742523856845875
ID_005834AA31,0.009888074790206458
ID_37C9436B19,0.37733665723718784
ID_0F41A52338,0.01948159278158665
ID_7D1F92885A,0.008791385746734368
ID_37289683A8,0.003514735822441914
ID_EAC7BD112C,0.023503027281844165
ID_9F28CDECB6,0.4327872247899499
ID_C55B2F9CD1,0.06075099076225018
ID_969B10D1CC,0.36391587532193076
ID_F094EE2A03,0.02833498126509746
ID_388C5E4FD3,0.002
ID_76609AA50A,0.002
ID_EDBC3053C9,0.9912225432672221
ID_0B328A4CBB,0.6416973221501968
ID_A44FC5859C,0.020818135565030316
ID_094E2282FE,0.2788666428535048
ID_89467DEFD0,0.007168710573578242
ID_0401424C10,0.10117343375424305
ID_031625501D,0.2894209962562701
ID_A1F775DF0A,0.01868557903968785
ID_C1F494691A,0.2706030780334208
ID_43088D59C4,0.008473452107904407
ID_5D5C71FFC6,0.011830877821097508
ID_6C8739DD44,0.022833181115153273
ID_7F5068FD5A,0.0478719578697686
ID_5D3306FDE8,0.27451569025390965
ID_B1223C043B,0.33583342308158154
ID_AFE11C6614,0.01960741693774363
ID_45E4313E5B,0.002
ID_7ABE6656FA,0.00586246844045579
ID_8933BBF5DB,0.0069979585005237885
ID_54023770CE,0.06743939430755702
ID_FAA7D7D5A6,0.07494716777481848
ID_31DC2F0EE0,0.013669600101425051
ID_F81E5F8557,0.022901868750999962
ID_E96EC977C3,0.002
ID_0C0CE3547D,0.013872183364430486
ID_2BF21E7A05,0.002728453183693362
ID_6253B1C691,0.45843549403356804
ID_A45AE3C56F,0.6911615362846435
ID_1D21F0495E,0.006578483425438561
ID_5125D09342,0.01581374721205126
ID_53D54EC28F,0.002
ID_7888E7AE0E,0.01120049441376753
ID_D17D795195,0.073506253881285
ID_75DD15DA89,0.0021517215038920658
ID_E34D1588AC,0.12760728816953304
ID_CA1603B68D,0.16099013821818384
ID_2DE75C7C21,0.07743572319395943
ID_E83FE94244,0.07362502034034957
ID_E66468D871,0.9977052984508751
ID_67A5C43AB0,0.9335187364844463
ID_1A832E151E,0.0032521096589442264
ID_06487A054F,0.011128105070814678
ID_AE611A7049,0.1033934242624209
ID_F7FD6A15A5,0.5562543550551503
ID_4FBB478997,0.7039093394155698
ID_5F9918B03F,0.05090276295451655
ID_3AEE527EB4,0.005976938565697007
ID_8307BC041E,0.6796166716258968
ID_457B5B1DC6,0.007847524716220928
ID_E89A2D49D8,0.0025751578636071574
ID_999EEE5A54,0.48705488918774964
ID_D8E6B41EB0,0.17323867499932077
ID_9388810A2C,0.18708357163437334
ID_31A7AA9E09,0.27907529080768223
ID_8589C7D2EF,0.7379681080265036
ID_0558BFA806,0.00665943385276772
ID_E3B0804C87,0.0035784737602946566
ID_FBE26D9091,0.11472947929061623
ID_9008918BFC,0.02424050065312333
ID_5B72502499,0.024556276030964434
ID_7F3DE1F870,0.14212959612455234
ID_D2E414EDDE,0.028393780164254173
ID_03A65521B0,0.006391699723181135
ID_855EDC63A2,0.22490218942134738
ID_489F834EFA,0.03615656103374777
ID_8683F703A5,0.09752433672568481
ID_A96951B26F,0.052215529622632706
ID_B47BF5FBD8,0.002056631289183688
ID_CC05434E07,0.003961407130001091
ID_0487D7B3A5,0.2611172384706106
ID_0C6751F483,0.07502652212603282
ID_AFF07D8097,0.0037670196452723494
ID_DA6894C8A9,0.002
ID_9362FD8CFB,0.05727577619761262
ID_3190ED14E0,0.21823248247908794
ID_D842C649BD,0.013435431351288345
ID_496F8000D5,0.008783044312175463
ID_D6BB3F68BF,0.047144991552331844
ID_16650B0A29,0.2421323182054929
ID_C084A63820,0.04482293365450131
ID_C2413C490A,0.6987128593199227
ID_9B9D4FF441,0.03904864312560919
ID_44A6FF7BD7,0.04561294279622199
ID_5EEC6D15C1,0.07250207859127761
ID_F327692DA0,0.002
ID_C8021AA89E,0.11270700691706753
ID_FBB6A52115,0.30688892415333735
ID_F77B5901F6,0.06492391703644339
ID_877A011B31,0.009699400920239168
ID_64431C37CE,0.00832754021756442
ID_BC4409DC79,0.13816007598943467
ID_68DF86D9D4,0.006675239816546113
ID_5EA403BDF6,0.9106396490346793
ID_4E7D4B1737,0.3636187388096463
ID_8C51D51CF9,0.1411858004326662
ID_A3A70F34D9,0.0036257100148536533
ID_14EC83FEA5,0.09338332534567559
ID_9459ADF898,0.024327408097812683
ID_2A066EE96F,0.45186370427496614
ID_ED6D09F8A7,0.1900130264409966
ID_1109B80C35,0.2711845062634005
ID_3A77327731,0.01976062691773733
ID_CE69CF59EE,0.0169563848773724
ID_4B174452D4,0.01195265526301456
ID_ADBD749244,0.030083923479828075
ID_A1FEB2A752,0.379181473201313
ID_0A518F5EC9,0.05386263056170087
ID_62CE2DE8CD,0.21065906165372197
ID_DB2BF908E4,0.9231093601629584
ID_367916B052,0.01648494400938928
ID_9035F4B486,0.5628629656406379
ID_E16DBE6A75,0.34656225329251256
ID_ACC3C4BD72,0.11890268345955743
ID_12C2680CD6,0.022452463944788528
ID_552EE11245,0.016946739701450556
ID_447C731FFB,0.026647150783871403
ID_055230125A,0.30127971441753015
ID_1314F3400B,0.04531181610292812
ID_76B434CEBC,0.1703113014355259
ID_E11794308D,0.9643517419953468
ID_A91714D494,0.0252080265354381
ID_58CAF1E387,0.7870433121409607
ID_FFAB7177CE,0.2832089454997708
ID_408ABB2348,0.005919631719859267
ID_3983ABB1E4,0.046281675800535285
ID_AE329E8FA5,0.0056241339571882045
ID_4050A96FCA,0.047191425376916174
ID_4C4DB7FA90,0.002
ID_488D178104,0.7563041559121205
ID_2B5BA98552,0.005398538433737437
ID_F15178CE48,0.01231697586729334
ID_84DA457393,0.04479922269242794
ID_5A6AB9BDD0,0.8749491795669306
ID_56EF400F0C,0.04720199594005437
ID_ED2636E841,0.47276653495262483
ID_CDF71FDE1D,0.016602883292579793
ID_0E291EC2C7,0.07015237907612565
ID_60272009E2,0.3081357370365427
ID_80B34C6FB2,0.02034206518692956
ID_88E5C78E26,0.17805203981032305
ID_A015F75776,0.002
ID_3CD3FE3114,0.3764037512741578
ID_8C97861251,0.7243621510965191
ID_DEAC11D9D1,0.043952725169201436
ID_940028C77D,0.20264582038616485
ID_7FF890FEC0,0.002976738109861953
ID_668DB4BF98,0.002
ID_2723009A07,0.09161965882801036
ID_B0C6F58B80,0.23800867578419493
ID_4414CBB35A,0.008684646288449498
ID_4C71F9B82F,0.23216228059662633
ID_DE6DBB0BA1,0.002
ID_7E607F12BC,0.3401439230936137
ID_9E7DF68010,0.3997013262848916
ID_3403B014A3,0.002
ID_49E711C980,0.5132311327037021
ID_61F88C4389,0.22090699211012974
ID_FC49535732,0.2557895489336551
ID_4A8011075D,0.0038152657728921717
ID_E9CDA25C82,0.8094062260583057
ID_A58F79F395,0.002
ID_020EF45FFC,0.010757780362266859
ID_57F36AD345,0.02169002598048236
ID_E3C9784AF0,0.06963270509132795
ID_CDE00EA176,0.7549567991897351
ID_51125FC129,0.018276791070346594
ID_B908957964,0.013478388741723779
ID_E57E0DE72A,0.4929913962672083
ID_FAA79D7A3D,0.007184775094014936
ID_792601514F,0.002552002161598602
ID_C647AFD624,0.21118465224298683
ID_CC20844C80,0.023218054074051416
ID_E8ADAF74A8,0.06598339447366683
ID_AA1E175B73,0.002431212262650726
ID_38923F1EBD,0.9690373819958144
ID_667D5C77D1,0.002
ID_76F15B4D9A,0.00518243480203888
ID_D4B5AE5D37,0.002
ID_F31F1F1329,0.002
ID_4E5E3430FB,0.24661420621867639
ID_5DF2173762,0.002240408035287449
ID_7D81325D74,0.007464549438369312
ID_5F0A2A5DA3,0.0672537532319521
ID_CCB6F6E655,0.13194022323151405
ID_EE896DECD8,0.2704345956714755
ID_37B6003353,0.9973700025232711
ID_8135A81F56,0.02572581900858256
ID_7333C1E547,0.006417200725623241
ID_265E47304B,0.01833473620708776
ID_32FB6E919B,0.9846501654298716
ID_F21CC55C62,0.004435251162373475
ID_CA263DE6C3,0.09091713894319901
ID_B9EEF051A9,0.5429041500919817
ID_958A1DBDC8,0.9961136843435134
ID_60459BD7CC,0.3065808462879197
ID_9438511580,0.002
ID_9442125B51,0.008431378888639063
ID_CA67BAEB63,0.027594426002989364
ID_B9922D2359,0.09414341671428492
ID_EA8E026BA9,0.01881998171856785
ID_47B4DB9EF1,0.002
ID_A90ECD2C01,0.08105539349863698
ID_E9A05D2E05,0.02581118596748299
ID_F3E52DE54F,0.16136396145771736
ID_B22379F33D,0.011056460105985969
ID_4C535BD8FB,0.9556163598867934
ID_5B3ECAC2DB,0.0063188799519387495
ID_7442517099,0.06731471494565258
ID_F88BD73319,0.021787423478735423
ID_2AEB54DF89,0.009058736765969301
ID_AEABB2F37B,0.016603819547323522
ID_7260A2AF04,0.0182399464654692
ID_89131BE200,0.9905398802145794
ID_486A7E64EB,0.002
ID_82DD6B547A,0.006035318514467368
ID_52B56F27C2,0.5410214570320114
ID_CE08A32421,0.12781758703835416
ID_9D84D3155D,0.21379163759752146
ID_A4040C56AB,0.758985755883319
ID_438E99E606,0.06308610431850889
ID_35A85AB99A,0.2932314855909813
ID_E3BD9862A7,0.013010168864837815
ID_CF88B6A6FD,0.002
ID_24421328EC,0.0047210812662842475
ID_0396F11DA7,0.002
ID_B8D4F9E2E4,0.6609831725571262
ID_926DD49C8C,0.03236605457897966
ID_0B4C66BA8F,0.007851783787143178
ID_8D781B8EBB,0.011961454162327934
ID_65C787829E,0.0034885404409000466
ID_8A84802D25,0.42660807393784755
ID_5B5BB67033,0.011265583421348181
ID_96F252C86C,0.002
ID_6F9AA3FDBA,0.017196007375721186
ID_673B6CBE7C,0.05540811188509303
ID_E9BBF75932,0.26382218402146396
ID_2154056F10,0.3117047965805425
ID_65EBEDC5D4,0.002
ID_A4A2737F18,0.00623903637524899
ID_DC46E7744D,0.2797202418157682
ID_7D6C30DFC0,0.36764814211629837
ID_BCDA1A1C65,0.06579979893970442
ID_C6238CBC7E,0.0073317946859026055
ID_31722DCAC6,0.6515323954796324
ID_2F21B7E305,0.14422793998056407
ID_9D9DBB9362,0.02091295505472389
ID_5D6CC41B31,0.03465515891442446
ID_199BAF171B,0.010445699976609822
ID_3A1DF33EB5,0.050300602968652665
ID_10A425E65B,0.1980574096947223
ID_F0B4B8E734,0.1621015277663204
ID_6D6A9F4BD7,0.472740705240715
ID_2F8CA15959,0.13069784223333353
ID_51389EA88A,0.016043464033991314
ID_CF9FE62501,0.161840580584816
ID_6F4BB81C60,0.8345576118743092
ID_F42C34B40F,0.016588955534908564
ID_EF1BE190AC,0.05204807254114561
ID_F651C2714E,0.565894794285712
ID_B5902F477C,0.045778271857041135
ID_02C1995B27,0.9978350435809131
ID_5BD43B6DE0,0.14887135543601726
ID_229FC9FEDD,0.0066795079676178195
ID_869DB27AE3,0.0028328885040005787
ID_0F65336942,0.09648771948351663
ID_9BC3D85752,0.01826308253573618
ID_D38B94F52E,0.0025694322262086395
ID_E72576A282,0.19570306052061853
ID_053E566B33,0.014741922314608882
ID_71F21B28E5,0.21734189844775711
ID_E33DDC5252,0.002
ID_351BA2E586,0.013685260617984342
ID_705753B536,0.002724461794967384
ID_F555D2F26D,0.04843921572962304
ID_8590A8DDE6,0.002
ID_49E80716C6,0.012641950285800027
ID_1A14358CBE,0.05872796636372763
ID_A8B5F9C74C,0.2220310544426787
ID_7404E32DDC,0.012500954073492096
ID_8BB8E57FDF,0.07480606651890406
ID_88D3F73C65,0.20009895243399078
ID_CEE5F79E03,0.01644820560097185
ID_C5C75C06CB,0.8753329247149966
ID_C24AD4E558,0.44269316556420435
ID_8067691950,0.04339860560683718
ID_387512C4D0,0.04554996964949542
ID_82540F0F53,0.8708570242489524
ID_DC0DD0B9CB,0.4290057208512769
ID_D53BE1DDA2,0.02263396400602748
ID_64B8674C4D,0.003386471255051866
ID_19CB520043,0.06177575615870034
ID_7B9C2FF7C9,0.013933688455134076
ID_C37B3FEAC4,0.6920350171046001
ID_F6AA86A5C9,0.010300031077356515
ID_258FB97E59,0.004818634032628851
ID_AE1A59AD98,0.4366089626096338
ID_51BDA28544,0.00658066710604119
ID_214F429C85,0.21876544363068814
ID_0D72AB597A,0.3064893571443104
ID_AB66B4406C,0.006204941215057227
ID_70EE5AF696,0.0424634600465337
ID_7FC8AFE91F,0.012560351263755248
ID_72E077E6DE,0.294659157372163
ID_5EA671FA21,0.0033386087787259057
ID_87716D8389,0.4762128848353711
ID_613327474E,0.5601439179544091
ID_D9F424F167,0.025204463001734716
ID_9859174D2E,0.8901905474077133
ID_5211ECB6AA,0.006017432329038715
ID_FDBD556B82,0.6948811182671093
ID_44339E23AF,0.006984166617802674
ID_F6B4B8021D,0.006600874600193108
ID_A538E3E506,0.36566036269516844
ID_0A12A825C2,0.005288179916044099
ID_34E088C50C,0.012933133939731525
ID_FCF30AF437,0.9977787526321037
ID_04FDCF9DFA,0.25646063820907644
ID_D854E24DDD,0.7769970004870415
ID_CBAF8C4B6F,0.19381636064863172
ID_BB81DE13BC,0.028812770965679378
ID_33867C373A,0.49001060887605064
ID_179E1A7449,0.6578556690940459
ID_15FECD6776,0.0029413426074594855
ID_908B9C9374,0.42243380287837623
ID_436C76D1C2,0.004236449336287081
ID_1D06574407,0.09276083251929285
ID_1E2825A619,0.01970044581115921
ID_FB575A1CC6,0.03992588727658467
ID_91265F0229,0.02337493908486945
ID_554581155B,0.05167251783276162
ID_49140BEB1D,0.6137936698878074
ID_09F158FB83,0.04680826573544384
ID_A42B7C4EB2,0.13469769476946405
ID_537C0E9EE6,0.005273601601895954
ID_3A4D351368,0.08200392803413376
ID_5EF23AAA48,0.002152487150385743
ID_7CD38A100A,0.007933788842565449
ID_1EE2FE941C,0.6752052244930142
ID_DA3E1698DC,0.008826458645956709
ID_93F10FF13D,0.2414673735843603
ID_507B42438F,0.09117253793538072
ID_9A96528B06,0.023508169949120375
ID_87383D3E7F,0.050883746774348995
ID_AB4AF194AC,0.07840740340340219
ID_74F9C1D9DD,0.052637878323841314
ID_05430DD834,0.006211773526225126
ID_613D29FCBC,0.002
ID_54942F8FD3,0.011772603990717436
ID_D8BF5A6F54,0.00782772354039786
ID_4C40746444,0.016617474016578784
ID_15A1E0BF14,0.011180075714606922
ID_7EC3C1354F,0.002014712615792879
ID_8F84EAC309,0.09583942348457129
ID_02EBFBB730,0.03919762253279158
ID_E8B4272F68,0.9771778510088199
ID_5AE8777DA7,0.007665113612856752
ID_738E4CFA8B,0.026204045110032458
ID_32DB75DEAA,0.0056123582682894805
ID_CC91B935EC,0.15580024616978844
ID_D2A2F65C2E,0.6252246147926365
ID_D11445DDE7,0.29573665352010464
ID_C087794DB1,0.01786377729688633
ID_5A00C625CD,0.007387637742281145
ID_1D04A12C7B,0.3806581186099384
ID_9A096F1E2E,0.036470116455282926
ID_4C87C5A654,0.00833973554705753
ID_89660BCB14,0.045205016505386796
ID_A76F45F888,0.0021442883478659342
ID_15E10443EC,0.006118162867294511
ID_DAF3C697ED,0.002
ID_19E52A8A2D,0.12349217788932856
ID_C7A83B4480,0.8451016428586544
ID_CC6F097694,0.06730741846267987
ID_1FB76EFDC4,0.09329229641255532
ID_E24E2A3426,0.05371780415553176
ID_A1C7162102,0.2795261354986827
ID_77958125FB,0.030279906472913867
ID_45ACDADD8A,0.11153966460926223
ID_A494291B44,0.043285687719044584
ID_C5277DB26B,0.12271781512439864
ID_E2AF2298CF,0.12654070157739294
ID_7524CB1523,0.02407607188883452
ID_391C5B859F,0.12779739558608758
ID_7AFC806097,0.002
ID_01839AC068,0.04437228975826636
ID_06A2EBB9DA,0.07754213168555373
ID_4794D67B95,0.6375266438465885
ID_7705338477,0.15818829147639324
ID_C7AD383C7F,0.01640433117637132
ID_849C863F7F,0.014347085422113031
ID_97F18CD8BE,0.5442485999725375
ID_965342CAD5,0.03121012387417723
ID_80E87948E8,0.36798084304340994
ID_344B5470B7,0.007684526304721708
ID_1787586E3C,0.4688865439462339
ID_261ED66F28,0.8723294325147863
ID_C02F4CCB87,0.1479331529353902
ID_1EF9E335DB,0.07505139880005769
ID_6D3E10972F,0.16184816241368352
ID_3CFC99E71F,0.02499509213880751
ID_F9EB94D0E6,0.6851714455955253
ID_A799D1E889,0.8646211249426689
ID_B34B521CED,0.030224997691352378
ID_472A51D440,0.002
ID_AD3C1451B4,0.009595424540502018
ID_E8A9C8F46E,0.002
ID_580303795F,0.006558101864514074
ID_AFF5A51D31,0.030358805658797502
ID_6BA47F49AF,0.29564733500283874
ID_7C8C1DE51B,0.550590609563052
ID_94307E700F,0.007361634175983331
ID_AB7F43C7AF,0.0352566105874688
ID_AB10D2EA54,0.011045374129863094
ID_CD3CB8BEA7,0.8735390876725918
ID_985A705F87,0.04710731068130512
ID_1EDA68AF9B,0.2401669918435072
ID_C5119288A4,0.002
ID_0202C4F803,0.08819985505327911
ID_DD63AF6DD1,0.002
ID_15E3F3CE1D,0.020878330649326465
ID_00232113A5,0.018689492339611806
ID_8194EDB38A,0.0118455233673718
ID_89B80C095C,0.002
ID_406ED53779,0.002
ID_A0E23565DD,0.002
ID_34C6E108CB,0.1410250271360156
ID_BB07FA7B83,0.012953133149979099
ID_F2E4056C12,0.0021209815767475023
ID_E74DD0DC37,0.004710818326262358
ID_0E57CA912C,0.45111295906343807
ID_74F5BF24D9,0.017528333358473504
ID_159F674735,0.08604506747678266
ID_BA395D3DCD,0.08165960691983647
ID_DB7F91091B,0.0020430994704339557
ID_190E881FD9,0.09498817008274663
ID_257DA4F7A7,0.0813039658657425
ID_F3DA43EF8D,0.22882499693975344
ID_026C74C2CA,0.7238882060673828
ID_1EF2A503D3,0.012779190804255474
ID_89EE3F502A,0.006481235008363045
ID_0FCC8E66DB,0.0030082544776976077
ID_F7AF8D3249,0.014718535052266736
ID_E8F2E35E88,0.008670690497402543
ID_3206641CE1,0.00302057819953941
ID_81EB3D0A34,0.5348450076824293
ID_E963DC3498,0.006252446013274521
ID_7E7F2211F7,0.006971100579669421
ID_FCEF994241,0.2831578955579036
ID_FE299CE39A,0.002
ID_E7BC8FBB04,0.0045395975784829285
ID_DBE3ED438E,0.006043012498705557
ID_EEE285A3AD,0.002
ID_B904138623,0.4840479737617089
ID_BB63C5EE79,0.034368706267308397
ID_6554F36702,0.003933747525228543
ID_526C995485,0.01879283044686832
ID_15EF4C949E,0.04600724861695261
ID_768F1B929D,0.002
ID_F28C43C2CD,0.22359076373449976
ID_4D65953100,0.0061893686015260865
ID_3CC88E1048,0.004845624525062594
ID_3A8BF7557F,0.014337368025597465
ID_0775E44A31,0.5471148296213155
ID_873F538E55,0.2914799293974219
ID_49603773F2,0.12546682132757464
ID_05356DF5FB,0.04423820122027545
ID_1EEDC40B64,0.007224175092191521
ID_4AE21DB42B,0.0041197925346935635
ID_E05F0869CC,0.4062181499021449
ID_41E11391B1,0.2660380211394041
ID_CB271C9BAA,0.2691405041148955
ID_2E6CA2BAEC,0.002
ID_44758833AC,0.002
ID_059B229863,0.11415977567795975
ID_2E7EC03E29,0.0026525789198342847
ID_9D99CD3414,0.006656849349396851
ID_A811B3E3A6,0.09172396204960437
ID_A425EE7C37,0.13753084217682993
ID_5915AA9B2C,0.7460281074521512
ID_5F3A502448,0.8124336189115355
ID_6E28106B02,0.03682010812967537
ID_8C665F63F7,0.7072379231940172
ID_6C3024507A,0.24936922675656506
ID_1FD03BE8D7,0.002
ID_E4D6435DED,0.7411778760692941
ID_C669B415BA,0.873120023512492
ID_40777C5DE4,0.25526542659905155
ID_7C161A4870,0.01664886845658645
ID_75E10DC825,0.5206229374118286
ID_367A34DC14,0.8195821463397768
ID_4C57640701,0.006081950954772572
ID_C028AF22BC,0.1493951650728522
ID_24DBE6D101,0.4252662287818744
ID_5E95064A91,0.02034815452441953
ID_D4BFE2661F,0.0032988691156095196
ID_76C598DD51,0.007877932207808042
ID_761A9C8DF4,0.013264659173482213
ID_C25430AD84,0.0039405307945295865
ID_EE54116CD1,0.07874921588832597
ID_05D5BC87A6,0.014635831372550182
ID_E292CDC48C,0.09457012390749309
ID_619FCE0BD6,0.0063579352553220815
ID_F8365F46BA,0.002172718200764746
ID_EFA46D089B,0.15160661616212895
ID_6452278BA9,0.021985018427048864
ID_B86DD8B269,0.01243977491082464
ID_623CD164D1,0.20685679889460484
ID_F552C18B92,0.03130110615728413
ID_AA54B61E66,0.9909330287720562
ID_D397C91543,0.23585817569140013
ID_F3820439EA,0.35723396965165016
ID_DF7D79784C,0.12083297436527941
ID_D7F274A35F,0.023255169720102227
ID_C039993504,0.135565901836334
ID_5A7BA8FA37,0.015301659281335771
ID_C8CD2F68F9,0.059625506974611206
ID_431A37D1B4,0.024040328605267624
ID_200151FD51,0.010094822251120626
ID_7F1058E314,0.027867675323704585
ID_8F874C1AAD,0.14326181748369815
ID_6DCA8D646F,0.1680358090721386
ID_00C39F5A68,0.002
ID_9CB1EA907C,0.01919659470334002
ID_DD0F799A2B,0.01090143530520828
ID_A45CE21CA8,0.0027393996848587934
ID_713FB7381E,0.9880050157452313
ID_FE4E3F3CF2,0.005620662254855759
ID_1C2805043C,0.011591798257546566
ID_29E26CB9CF,0.251153292205992
ID_D7C082D664,0.007622448906613766
ID_37BE82C507,0.002
ID_04C9B2594B,0.02199374767367725
ID_EF1AA1BA2A,0.9873488635289625
ID_7094B577D0,0.32208303210405087
ID_BB1BD5172C,0.012362543231281664
ID_937F9AC111,0.0024231559258537736
ID_3E90F6504A,0.002
ID_CBE363E230,0.7894410041948783
ID_F20E0086A2,0.006940478404692255
ID_46D99153B8,0.018488176778009995
ID_C47C054EBB,0.22335784385767551
ID_984D755A3F,0.043774781090593
ID_FE4F3B8AF3,0.009930979692083702
ID_305CFF41D6,0.2238024311045928
ID_6F8964730D,0.031316316310298596
ID_A6CCD19FE3,0.32835179203746756
ID_02093C7613,0.08718307229968715
ID_4B5839B7DF,0.09519272316224486
ID_CDEE9F10F9,0.01763264211893267
ID_84727C8533,0.014857493659568146
ID_222F85CC8C,0.035353829830482075
ID_6383A723F8,0.04337846705195657
ID_72AECC9FED,0.12693221622898485
ID_C7740A44DC,0.004700736324254997
ID_2DCDE686A2,0.2609280615174092
ID_3AB04A69CD,0.5583120827765667
ID_11D66172D1,0.24091993018503052
ID_BCCB814D3E,0.03927189286063805
ID_99047F213F,0.0035131733409765613
ID_C093DB7BDA,0.05396552427260637
ID_E14F41E306,0.020611760256127005
ID_174CD30E5F,0.002
ID_3C66F606D0,0.021934196503159625
ID_85B5F13E08,0.04370430564859229
ID_E01A0E7A5C,0.04587051778444016
ID_AB7F96A1A1,0.3402007874267015
ID_EC8177D38A,0.7432339996979636
ID_EC11552E7A,0.24240010256188116
ID_2B45311815,0.3528952553849508
ID_F392C00877,0.002
ID_23CE9256E8,0.09347325980777145
ID_7BF75BC562,0.014759207319612356
ID_AAB407E84C,0.018305897091691458
ID_74AF76146B,0.024081005043806582
ID_363EF14219,0.011069596277201289
ID_F398B67CCF,0.002
ID_89158051E3,0.015944843044588247
ID_CE8CDEFB25,0.6668739204002162
ID_785C22CDCC,0.0761023905817326
ID_11EA650175,0.048001108160208174
ID_FFFF01FAA1,0.012194318589714377
ID_7D0F6187D2,0.01677709690178647
ID_A433AB4B4B,0.2389359992447163
ID_E66C5906BD,0.2648207505103973
ID_CCB5768057,0.011333857592903363
ID_F68D168614,0.0841935468228237
ID_4C5CDE3634,0.27599841633594385
ID_82014A4866,0.26094912278232824
ID_EB3F7B0EFB,0.45879877821968196
ID_B0605DFF71,0.1514077828115984
ID_ADD97F40D6,0.1454243583131748
ID_2B86B991C5,0.9976517215963897
ID_FA82B15C29,0.2474208952257701
ID_106C4F935D,0.06931968382264589
ID_D97EFCE1F0,0.005982197951098199
ID_E720824571,0.01948340869697712
ID_389BD10E1A,0.0072244018823920345
ID_B1E40224E6,0.013649375010353166
ID_A33C3597D9,0.0687221115903152
ID_DD27783597,0.007778979364918374
ID_40963245E4,0.9856540367543782
ID_7CAEDFCD0A,0.09604376080576867
ID_5F952D4EFF,0.6292897119724313
ID_912DE94BEF,0.014020452876027264
ID_C1F0DD5D20,0.023839093379789785
ID_0E6940CC93,0.9386751624042825
ID_5C837ED93E,0.0021575887601041513
ID_13D65CFAB8,0.010467664607698745
ID_B0F7EDDAC4,0.1720277177446367
ID_2405AC8B10,0.09823649894276172
ID_B981BF99DF,0.07698306132511121
ID_2F56EF432A,0.002
ID_A05D46C96C,0.9967025252893812
ID_55CE10312B,0.0034484221412741474
ID_CD2F875A89,0.2518430710533284
ID_2DB81907FB,0.04254325625587226
ID_85EAE0EFAD,0.021147268566711327
ID_7E4DE0ED60,0.02604076211155072
ID_094D263ACE,0.0023707923266467713
ID_63B5431770,0.9729087588495283
ID_FAC05E16DB,0.01994813932682869
ID_2DB9321C0F,0.04318229678381589
ID_4FF6CD8BAD,0.061994703809760174
ID_F283E8928C,0.002
ID_7D8D2FD328,0.03740355788292693
ID_E8FC484BB0,0.01378473703255248
ID_200F22F6A9,0.003610949167046452
ID_273F179C01,0.537476998197185
ID_F146858720,0.29127414855365225
ID_12E2F21212,0.36104282659521486
ID_C260837C74,0.006089872085645234
ID_3EB86E0F38,0.002
ID_B038B85BEB,0.3858015315289017
ID_A363BF3682,0.20185728405014497
ID_6ADF01F1A7,0.02473661439184322
ID_64F32510A4,0.02451015994066902
ID_33B1E865B7,0.045941956728705394
ID_FF7BB53D12,0.004306473146234384
ID_F332BFEE60,0.002
ID_64395A050C,0.2606568618122074
ID_DD87007E65,0.18534547671623725
ID_9E627B71A4,0.11868619992519923
ID_35497A3BD5,0.002391059674014694
ID_5FAC406075,0.22807937173829065
ID_53E62CA856,0.2617937741303884
ID_00FC674A29,0.0021578282937931926
ID_5FDEF13DF6,0.012583332731825256
ID_411FFA5BA7,0.30462424692106127
ID_A739794A0A,0.010625227458988796
ID_37273EA8D4,0.002
ID_203FDE2FFE,0.02757644890935675
ID_B3AED491F8,0.21998489363681187
ID_AB7F61D472,0.05664747695742169
ID_D93895E7B8,0.006551819977679614
ID_9DA20CC4C5,0.0587629855795659
ID_67672B4834,0.00563134303140878
ID_3AFDFB4934,0.09832897898180988
ID_9D6E26D7A5,0.006021054689283055
ID_FC566D75B2,0.7234747578132289
ID_9DB8DE2EF4,0.01960407746173109
ID_0E7AB9BC51,0.3546529216491194
ID_47001E3FF3,0.008531438720917068
ID_714FFD46A0,0.006492615500354877
ID_1CBD64205D,0.561862845297753
ID_1E2080E94F,0.5018697285209307
ID_F67F0DA165,0.018552750624420532
ID_06B4C48E39,0.701637912478214
ID_DC78763D3F,0.09733062318540198
ID_07A4976479,0.007713120171224252
ID_8A890CC667,0.06494837253124337
ID_8EA89B618B,0.3579485012513253
ID_BCE9B7A231,0.029213655939502328
ID_D117090BC5,0.022516270131355848
ID_032D02215B,0.002
ID_128886EE5A,0.002579854145644696
ID_6224620EB6,0.07087717616314836
ID_FE5C5E4B3F,0.002
ID_C9B7B277D4,0.048466398594644376
ID_B1D82BC671,0.010738112918216476
ID_DC71589D56,0.17493939815021145
ID_9445F3CF3E,0.8668796413993578
ID_FEA17AB2EA,0.004495239402302643
ID_7D0A3B3A7C,0.016099505149696616
ID_023FE1F1B6,0.32020740085373145
ID_0F5505C275,0.002881766544085035
ID_8C6F87EE10,0.042360278495482705
ID_9ECC2C4940,0.00610214627524213
ID_DEA7B84012,0.6675145110073376
ID_70D96366DC,0.18946580509022237
ID_5C434820BD,0.8446687364037027
ID_6B0E703E7A,0.1355989310276579
ID_CA850BB007,0.16732818927904958
ID_43C58775B2,0.11341845425826798
ID_97AABEA377,0.07093511433049879
ID_CE84F81491,0.2343281698302321
ID_9C7CA33E95,0.022055322137284988
ID_3789AA97B2,0.004845968626087153
ID_13C8AE9497,0.0483449103527388
ID_CF4B2A97C5,0.2434193717548205
ID_FF9C384C9E,0.0023092405011919783
ID_0C77C5CA64,0.6290817954794298
ID_C31C60D273,0.018145100041611854
ID_C932FC7BEA,0.05313745055641339
ID_60801193D0,0.5196923059911639
ID_7856870EFE,0.0043485934537077515
ID_7820F70EC0,0.002
ID_2823867C1A,0.014158488861818253
ID_959311D7AB,0.0036960319522212765
ID_E163B2B6A9,0.006465598273277341
ID_80D173CCDA,0.007167173398472174
ID_9CCDA270D6,0.004129088689555603
ID_B0399922C0,0.00707596076609672
ID_4C3C761936,0.046207443717404095
ID_0A2E332512,0.09005403234134166
ID_5980DBEC20,0.02644365059358673
ID_E29329259E,0.11527847488694132
ID_4916F759AC,0.01794302535635318
ID_6FD56C5426,0.002
ID_F9DF76E8DB,0.02550020163005363
ID_F75B06E12D,0.006142921238860459
ID_F7A331BAF4,0.4676620228119373
ID_C381ED2804,0.05757490558562201
ID_AEE0CAD4C7,0.06616290621658709
ID_5A66503F8A,0.1315782609606324
ID_F4906F4A8D,0.08608944734643525
ID_62BDFE9682,0.022704135080094032
ID_49D40583CA,0.09707332746389594
ID_2A8423D1D6,0.04119148221362755
ID_C6792C4549,0.029508511788583627
ID_0D69537D27,0.5736278153142033
ID_10DDC8856B,0.3865161954089911
ID_5D0C3C4B27,0.5950225888154407
ID_9BC608B3B0,0.01185291473699719
ID_D459726BE7,0.4162469069733929
ID_B9DC35F87F,0.366877108890062
ID_0068B3ACF0,0.0027887530494145963
ID_A55C2AC640,0.0029067396995791635
ID_1D0D1148E4,0.010421702609811468
ID_00C780D4C8,0.022352429250914845
ID_2490F27511,0.2575447118624246
ID_61726CCDC3,0.040216651326844995
ID_2CC9294ECF,0.03484233043477038
ID_BDA01F9010,0.002
ID_323D3BB057,0.011020450307661476
ID_B9B4AFCA31,0.012298720436858592
ID_E0379A651F,0.7859443421623112
ID_75C268C48F,0.17340590969951708
ID_ED1E96027B,0.01597965053297612
ID_E64A21F183,0.0021444622511732864
ID_47C31DCAEF,0.002
ID_5B2AECD237,0.03689117549582251
ID_043DB467D0,0.6508175180938203
ID_3037B03EA9,0.006898274578486955
ID_6E60C5DEF1,0.02203849622219594
ID_CAC2488CF7,0.9936163733578196
ID_CB7AF4F0BA,0.038857343579815004
ID_448272D506,0.09476737147997477
ID_59F8E374C0,0.4677422222690706
ID_4A19F4C40A,0.0027076524959229447
ID_489BD228DC,0.0034641904578743355
ID_2A31C90AAA,0.9186128763798398
ID_3D8CECE1B2,0.010824730318648603
ID_C50F63F857,0.002
ID_F442790D23,0.19965993095705903
ID_48293FD926,0.055796193419788066
ID_9E37118376,0.17232995030703582
ID_948D097F05,0.15341143790625542
ID_FE24BCCEF0,0.006631081601604333
ID_126F3C31A6,0.08395086180950777
ID_24C58B2747,0.012808040409987013
ID_CDF5D8D024,0.006809831370291202
ID_C7F9847BF2,0.002
ID_E7865EE6A4,0.06689139918331032
ID_AFFF0C21AE,0.007217947791393609
ID_6B36122173,0.011515049773983621
ID_6565F981D5,0.002
ID_D9A858AE46,0.5049700712976635
ID_F126DB4D15,0.009871927211060668
ID_422B5FD7B4,0.12706435143367223
ID_56EDAB98CC,0.04789808571573436
ID_129301A7EC,0.13879841327793624
ID_7C25C809DD,0.021864518131328874
ID_B14BA5194B,0.0066564638873385885
ID_AA36595314,0.19198369700203347
ID_82CC2558BB,0.9668030423247709
ID_743847DA8D,0.9967211722437079
ID_7DBF19DC5B,0.007466546374721541
ID_05B30B8505,0.08112252394423303
ID_4973D30129,0.0037126447802187284
ID_8FA51EB6BE,0.03430816667570849
ID_C9011FE9FB,0.006157254162717615
ID_FA9F97672A,0.018831432573579346
ID_C4196B38DD,0.00727958576600692
ID_BE8A847F9B,0.06923603762518198
ID_BF677C0061,0.006374676606097907
ID_3E73BB6E31,0.002
ID_65F19B4847,0.0020264839430034418
ID_E59D8B2FDF,0.010985791247131295
ID_859B383090,0.0027756633773974334
ID_287556AD17,0.7863093387634753
ID_792D559FBE,0.010450438858448471
ID_5B7E32F1D5,0.45552936763518287
ID_376E612368,0.01345326588666446
ID_1845F9C754,0.3629421731525095
ID_89AE489955,0.023170374514652117
ID_0694F08152,0.087554181529672
ID_CA0EDD04DF,0.02296044361696543
ID_C5D715A536,0.006514078714016588
ID_B701E135B0,0.21711731907708803
ID_BF63A084A1,0.017729341975572514
ID_D5B3D88F9A,0.0028042792827990483
ID_876105011A,0.11653064302392653
ID_33F860CA52,0.005574183895051586
ID_BC21EFE0ED,0.03682634756986329
ID_D7079021C6,0.0020245866844934585
ID_0D1D94E01A,0.002
ID_D09833B574,0.002
ID_3A0060583E,0.03312276412705622
ID_DB3C7BD3EE,0.39734155310089153
ID_04136ECA66,0.12354325124304501
ID_C06DD0DEB2,0.002855837147631015
ID_ACE2D58573,0.49493919010289505
ID_4539822B2E,0.013431251393920308
ID_CEDB92F873,0.16760686409879735
ID_346D192AC9,0.04442435902283353
ID_725054A85D,0.0034053539216495734
ID_C17BA80F2C,0.006824811359181579
ID_04BE582013,0.019212553441680387
ID_66E9E3E88C,0.002
ID_F057A4DB47,0.007187657885761285
ID_D55E1CFA03,0.0032525251406927457
ID_378370269C,0.0111914177740896
ID_9248137598,0.003535707021462418
ID_1B8477B13A,0.9972649618715955
ID_B9AEEDFC60,0.14205329212750772
ID_9D226B3E61,0.022574048583386713
ID_3BDC60FB09,0.290172658024236
ID_C853BFE342,0.021641399916311307
ID_8250FE8AEB,0.05963708282811215
ID_B63D2B4368,0.15452695245982456
ID_18B271786F,0.006033156021768227
ID_53DD3F8556,0.27952507560628553
ID_5ED1564B87,0.7488782626372997
ID_04EB81B8D3,0.37773492706294703
ID_9ACD280700,0.002
ID_0E186910D6,0.002
ID_D4B811BE75,0.14852282932676808
ID_7E4A178C9F,0.005971913962791925
ID_19638AB7B9,0.012659093049895277
ID_6C4BED4F1A,0.025897339348714736
ID_8707BEA99A,0.011287604789780617
ID_8AFB72C4DD,0.043203640207036084
ID_141C5CF6DF,0.09259721880793245
ID_D9F14EB5EA,0.06619458691466805
ID_F339248F22,0.006595737296265926
ID_B26D2B1799,0.4199953493472278
ID_CCD0582427,0.002
ID_B9A069A1FA,0.2787960709449981
ID_892B8F7E43,0.002
ID_D938AADC42,0.14240534292168644
ID_BDAE026EB8,0.7043006384863482
ID_9C3582A12A,0.061665043382628314
ID_690F5E2556,0.0035402640229659573
ID_82E8E79987,0.007185387122967404
ID_CE2F47DE0C,0.2830172341568918
ID_B5C3622964,0.002
ID_EA61246569,0.15088817980501323
ID_8191AAE5D7,0.08867348824619586
ID_8BBE59494F,0.01955641038079262
ID_9F9B635CA4,0.04252347190222509
ID_DDE6788E4D,0.5206679085509333
ID_805346CB99,0.04017521447699107
ID_89AF9B0282,0.11322063696437844
ID_8805D1F4C6,0.0614562081410078
ID_92514D8ECC,0.00214226106450465
ID_29EA53DB5A,0.002
ID_D4CAA5BDFD,0.022601244428697535
ID_FD9936D407,0.00678214246167489
ID_61EA785A88,0.002248460122580614
ID_3773E00C94,0.17129762437539997
ID_8444B6D074,0.002
ID_313F29203D,0.025896459600521414
ID_0E0E2F3166,0.6174116631694587
ID_C2AE7FD9D1,0.26071083952859264
ID_17725C22D8,0.006686888305385799
ID_5845CE80F2,0.06842312131886094
ID_8113CCBF49,0.002
ID_5A496321CB,0.002
ID_370FF0A9A5,0.002
ID_1B0EC10E20,0.0027375296346899857
ID_B6ADB889D9,0.01054217708019791
ID_9C892C21D5,0.007014687711250818
ID_D2CAFFD9D6,0.004495908276896977
ID_DCE18D885A,0.5387455420185718
ID_6C032E177F,0.002
ID_EE25F83933,0.01311354929481508
ID_F28C04B532,0.09333873192514021
ID_C61125EEB1,0.002
ID_8EFF2B1F02,0.0022190452701350218
ID_08CAE66F51,0.014096679446663658
ID_D6D69B8200,0.5247156321287286
ID_FEF33E9F20,0.3781340751523004
ID_4CA8B6DEC6,0.002
ID_03EEA7CE62,0.002
ID_3CBCD8D873,0.005307298402399967
ID_6C68F3745D,0.2276243645814968
ID_7520FFF1E3,0.6852092648077313
ID_5BE3F8BE6A,0.11246281678018905
ID_677D3E295C,0.009256155189067949
ID_BC062B4E0E,0.8359286990053002
ID_D9DB24ADE1,0.002
ID_95567A4196,0.9444351052756395
ID_279619B0FB,0.2181276983638452
ID_2C33AA4DDB,0.23454470949658793
ID_3C72AED9DA,0.5168172634831819
ID_CD890074A2,0.48467347489167334
ID_13D28AAE89,0.01686103853788667
ID_25EECFD44A,0.022461403100834814
ID_889BB111D7,0.37445482736235125
ID_3A07CD62B7,0.002
ID_4A87D5B617,0.23550145924013646
ID_FE4EE78C3B,0.792631699931017
ID_6AB04187C5,0.012784790451851694
ID_0509C4239D,0.14338863848995767
ID_D115B45BF9,0.5818565719534031
ID_F84DCBB402,0.0443721077435801
ID_15F4964832,0.17361864814840677
ID_B2101CB31D,0.48412343583191336
ID_C0A5B73043,0.06529845718183079
ID_3CB08EC74B,0.01238087109197071
ID_F72D1FCB9B,0.9910272674806987
ID_CADB62470B,0.07136376404886625
ID_A9110516F3,0.002
ID_47CD1C6418,0.011813411802222713
ID_5462C06691,0.9913690545430297
ID_85A32AA8C9,0.37836681465560074
ID_7A2320D9B5,0.06787178181488783
ID_E5A9402771,0.014908441483997134
ID_007F9DFB32,0.1445876925191418
ID_5AF4B6A79C,0.007146591004626558
ID_F8192BFA41,0.026056084494041856
ID_0C4B677E2C,0.02103615142949962
ID_C72E25BE5F,0.002
ID_571DE38FA2,0.107403518901045
ID_E1B1697C1E,0.009584050521462037
ID_7306AD5E3B,0.0026914846629144556
ID_8DC57560C3,0.08557420157966421
ID_4255831039,0.3177599644156204
ID_D4D26EF7C5,0.01467808072278399
ID_DDEDD342F1,0.8207476482149281
ID_2F63DAAA26,0.3420824352535003
ID_25D2641E54,0.005840460102874817
ID_C64E7E6700,0.007031064370560976
ID_4B571D2583,0.058263923572827565
ID_7328350BD6,0.002682454030678311
ID_66C216DB20,0.007584004061670308
ID_4619996273,0.7076961485855419
ID_E4059DC64A,0.016455239112960537
ID_062DEB6A63,0.03155409169635522
ID_847DC37053,0.04277694871519747
ID_3B232DAB9F,0.029627134661778284
ID_3C49B53FE5,0.6921757567301233
ID_7DF1305932,0.32141098141374774
ID_0DAA7EB0C1,0.057263275082531914
ID_ED4C70F397,0.0030128548117283444
ID_B78DD1637C,0.002
ID_A229C3755E,0.002
ID_D1C3CB6FDE,0.04404761776218731
ID_AE62699115,0.41809777752993815
ID_626F934AB9,0.0022079099740112598
ID_22F8FF0539,0.0028552609411974447
ID_0FDCF7255C,0.006804345363734566
ID_B71F867188,0.2813706864187168
ID_371126D919,0.04223484208183701
ID_EA2D8AA4F8,0.1187120133536345
ID_864DF0DB24,0.32982671447447864
ID_4CDA139CB4,0.09012604246700115
ID_1765F4F1A1,0.4157249620633867
ID_87E9717CDF,0.002
ID_0BD22D1E97,0.002184837177634407
ID_EA524B8DF2,0.04771175931262667
ID_3C2CDE03EE,0.021791012101947373
ID_0F27337B27,0.049947950761061705
ID_F5824FE343,0.012130524157799014
ID_4D1619679F,0.010791749302644158
ID_399E0AB857,0.5363915039556633
ID_CE10C69E73,0.005673631784642387
ID_EC3419F0CA,0.0033613153431848244
ID_554AB122EE,0.021190923999589124
ID_335158743B,0.0061837004939428375
ID_F436A78447,0.38524585838866654
ID_F20D97A05C,0.006977720999381153
ID_DF0B1FCEE7,0.15916149937838084
ID_CA17FD5292,0.9175649178328087
ID_2B8D0E041B,0.3077577712637715
ID_12984544A3,0.12606054932333907
ID_34A0C2D543,0.0026590494900476224
ID_93D4C07EE4,0.021814372590798485
ID_3CD0579256,0.007777470559724486
ID_0ACF324FDA,0.1977389233731857
ID_7972B11377,0.015382126910237876
ID_4147AD6D3C,0.5349530379702576
ID_177C11AB14,0.36181688524495187
ID_48DF42F4CC,0.13639125420437453
ID_C92F895DF4,0.649979862327378
ID_EDFCCB5FE1,0.010516009337447795
ID_AC4FD4AE25,0.002
ID_E86654CC45,0.004277014532388435
ID_D48B2AF3C4,0.05390632628252623
ID_71C93086DD,0.07167603288843302
ID_F614A04C93,0.7680874422141729
ID_CA8DAD5A38,0.043955390201957455
ID_22F04A2B23,0.01447112662324655
ID_7F88480F61,0.14738701893175063
ID_6F3A2F753B,0.681974639804805
ID_3817753C06,0.03942472208909577
ID_5FFB71C707,0.0026695718862626786
ID_7E765388CA,0.06180866164534656
ID_2280A4301B,0.022830017699519554
ID_EBC68DDF19,0.002
ID_24DE87BE1F,0.5892125697820989
ID_3A277CFD19,0.3272112230051468
ID_F52DAB054A,0.06336806298354904
ID_040F0A9B44,0.1799217842762829
ID_48A91C44DE,0.010297657927679501
ID_D00DE95D3B,0.010082396434398715
ID_09093BA7E8,0.059408720371808686
ID_FEE575B318,0.9928844821436259
ID_09962147DB,0.002
ID_C8F7A78FDE,0.002
ID_9D34762B49,0.002170451176489574
ID_E0D0B5FBB5,0.03647051044510812
ID_EF924B690F,0.016183609392390403
ID_07BCCEEF3B,0.6411349857716142
ID_632BD1D045,0.014773164240139674
ID_7DB7ECE809,0.9121306995600337
ID_85137862C3,0.9524409789610006
ID_B1CC8026EA,0.0066688153048106505
ID_25D0CB48AD,0.029765649681601808
ID_B4E2AF6BBC,0.04677869748999183
ID_D62E764EB1,0.8553703748479933
ID_C179A341E9,0.041010618514202374
ID_B276C808E8,0.10530241960915941
ID_CA5BD07BE8,0.0813159718089656
ID_FF6AAEF9A1,0.0072248346234906275
ID_E58B5A87FB,0.29302928196842487
ID_580447E2A5,0.5095178147644233
ID_3550A1BE9A,0.9616910162435688
ID_6A96E1A9F5,0.04878284583436934
ID_9E476C5064,0.011880950287986834
ID_DFEFED05E8,0.2145116034383128
ID_E2D2206166,0.002685758467945802
ID_325FBDAC9B,0.03883446160849895
ID_883B0CC71F,0.02853239910933272
ID_B2738DE37B,0.07069125538233802
ID_0223AC0CBD,0.013793397144294372
ID_078C8922B7,0.03163296660989172
ID_A9B4F16376,0.25654622878719047
ID_2678952CED,0.010946595907549341
ID_9E0A8BCAED,0.12099642676638142
ID_D99037FC77,0.0077627505853641076
ID_985FFD81A9,0.01623732512738282
ID_CB03FAA2A2,0.2698734424871906
ID_398515A5BF,0.5383940001999811
ID_2DE1B92C1E,0.006254683600755544
ID_A07DBB2C0A,0.2536711042386195
ID_5E8D2FB9B3,0.15586794259118514
ID_EF577639E7,0.006543088807683767
ID_B4D7E52E2B,0.5725815830755363
ID_39BB7D9D5D,0.016030708474859406
ID_20A894B6D7,0.13376963431917788
ID_57EB992711,0.010074640757027681
ID_313E491C4F,0.5185665757730271
ID_B5B2F566A2,0.002
ID_028E618B95,0.12555068962844296
ID_1D1554D0D6,0.0053090750844803835
ID_C22E10A287,0.002
ID_B184195446,0.002
ID_FD38172B58,0.0047183085267460635
ID_D46003929B,0.6835774707544002
ID_3930CF94FE,0.15419351838225703
ID_9A0E27A288,0.14482335183641348
ID_99D85F5706,0.7308317613614107
ID_B458E79667,0.012680480056463769
ID_1AFF17E561,0.002
ID_71DC4A97B8,0.42316662768773483
ID_011DD4F578,0.015999282719420735
ID_4CF150C073,0.006778101902460208
ID_6FFED77533,0.030554816081993865
ID_9D7F6A19E9,0.017977008511476846
ID_96491A21E9,0.002
ID_77DC8B300C,0.004907206169821266
ID_357DC6B38C,0.07901126655957096
ID_BCD2D91DA2,0.30370800297394984
ID_64CE01E329,0.046181727974823415
ID_A26229A73E,0.1404716322984074
ID_24387ADF60,0.002
ID_12D22AC748,0.08755452913689986
ID_3D92FA813E,0.23998951000840318
ID_851B0BD544,0.0066359199787811044
ID_A243758098,0.004902401106743707
ID_9C0D0417DD,0.770887676397889
ID_AD1CC7C95A,0.020768326132574223
ID_D07E892654,0.016081548919673335
ID_DC79801A98,0.05057572816732899
ID_3295D8FCE8,0.025980791254326632
ID_CD9A4B95AF,0.3281808121869051
ID_6FC99EB7EE,0.05648690948635371
ID_AE05E2B3D9,0.017616315847166223
ID_4853D41424,0.3965574613524357
ID_5E6D3DF41F,0.07007659733585975
ID_111CF3EB5A,0.006562389023616673
ID_100D3EA2D7,0.013696018807076204
ID_8233E9A48B,0.9227275976850268
ID_5E04962240,0.019987669705611326
ID_FFF82C3D82,0.010444014432189919
ID_4E397BF38E,0.01580544355320366
ID_E45257D7BB,0.022921975071365404
ID_49B5BEF7D4,0.012063948153430369
ID_ECD1322636,0.02366481530099092
ID_6A73A2F339,0.20839817987118545
ID_E46A865305,0.6090325443596031
ID_B4D2F3059C,0.13645404075971374
ID_F184877AFC,0.015318605832123022
ID_5AF76FA264,0.17805636873638903
ID_CDF7D0230D,0.002
ID_4D315C23C2,0.004792278879245774
ID_75BD08F531,0.0070047513727353105
ID_711C206C03,0.006640072928461017
ID_444E7CD6CC,0.008886643844040632
ID_88F4AF3AB8,0.03230961219028562
ID_1732B5175C,0.05654283913035433
ID_FD93062140,0.0057257865706772755
ID_E35F7F0089,0.041623733584675776
ID_FE0F745C82,0.9884403886450349
ID_D02AB27357,0.007513542936702157
ID_6A89BD1CCA,0.0063287322876644635
ID_31E8698029,0.20010951634273946
ID_0D6ADC768F,0.005397342165225652
ID_D9F88FF9A8,0.0021175505412968755
ID_F8605DABB2,0.23081713456008124
ID_7E3A1049F2,0.006613090825067213
ID_C0A1B2959C,0.28959476501858905
ID_5A9AAC178E,0.02008419293774584
ID_2E812BEA59,0.23508776655088337
ID_EA5B605260,0.9931031534799383
ID_52FCF92555,0.04998468665088486
ID_48F64289F8,0.014967992815942686
ID_CD8E50FF97,0.04284462240328994
ID_6F3AC8B254,0.002277471008239227
ID_ED9B05D89D,0.033065693080130416
ID_A2FC66C528,0.051962421496135204
ID_6B7F742B68,0.749926213793152
ID_9925DD75EC,0.02515972770012204
ID_CB5D845864,0.002
ID_5436E905BA,0.007108975919263443
ID_B7F6616B71,0.002
ID_AC2C386930,0.10322254228927401
ID_7F1F100928,0.33926165960150806
ID_02355E6186,0.044659767591693225
ID_2AD0B52535,0.017202252505449715
ID_F84F860C61,0.006877682980792994
ID_A1E3B2AFA9,0.030775628293971
ID_27EA0C1000,0.01622754195701464
ID_B6B5365E8D,0.23896176346855819
ID_0AC5A66D01,0.007408549910143834
ID_6673C3B372,0.023592501997823437
ID_A3D1109A86,0.08978612574496196
ID_95426735D1,0.17460732201365994
ID_7E9CACD88F,0.006100274132818031
ID_2D09E7F5EE,0.021511245898110504
ID_CEC0456696,0.050717156703537075
ID_858EDA119B,0.06508579933748593
ID_9A30DAA33C,0.13180744192841012
ID_88B659C18E,0.006520704974285795
ID_274252AD5F,0.04191317706554741
ID_9274AAD7F4,0.5213058730407171
ID_F4C36277FB,0.006358362706206651
ID_2AA7413EA9,0.0065826284857819755
ID_250009CB6A,0.03897509647352476
ID_9C9C784717,0.002
ID_8B5219978F,0.11119685590912898
ID_088241DF80,0.00730486722479642
ID_1712B1C395,0.005740229317720203
ID_F75DEBBDE9,0.01720708560614594
ID_618B938864,0.20825880183833417
ID_AC99B4F036,0.25398981819860605
ID_57435C62EE,0.02088758140770147
ID_F8D9ADD034,0.006227187357324007
ID_16A90BC603,0.0878472180459787
ID_2277FB9448,0.0417827132438456
ID_68C8970C98,0.1364159185565524
ID_F841722949,0.022484640940902755
ID_68FA0E83AD,0.005099906890835147
ID_BF14CD571B,0.10970837302872247
ID_660F8E1B28,0.15414062882863866
ID_E5E88D738D,0.11441686534536792
ID_336F004FE8,0.010893906714788895
ID_16175C1D4F,0.082692772206726
ID_A77F0567FE,0.06461122158390685
ID_C8727F62E5,0.18220242368653095
ID_0936C6A0B6,0.41656459794008466
ID_D08DCA6D40,0.01135666031871115
ID_E5129DF3F6,0.062351870043000475
ID_CCE0DF3B23,0.014891793988827243
ID_07E3E039C7,0.09311453382482977
ID_FC5163F2FC,0.023364250519104242
ID_B45604E2A9,0.23156960281688974
ID_5F0AD9F486,0.006172979132502834
ID_AB0D80F698,0.0048143605360296896
ID_6FBD220A25,0.015898259571290617
ID_BB70D4ACDC,0.006720852228225373
ID_04EF17A89F,0.02349170446839353
ID_4701E05FB6,0.002
ID_37C00BF055,0.02890004588618833
ID_357626B018,0.6187267757688533
ID_DFC768B42D,0.012896722896178606
ID_A0F32357DF,0.3160670106109586
ID_ECB2C186A9,0.09504948263448498
ID_E3001D5E41,0.06358589795843567
ID_C60F2A4D60,0.24270432913345666
ID_067630DC73,0.008839167699501873
ID_7E23FBF60D,0.009621420388730957
ID_7ACC566365,0.1180351799751509
ID_9405B0175F,0.037670807006003705
ID_D6004E1768,0.002
ID_1C300219C7,0.002404516717000995
ID_D12B4AF09B,0.018966610378591094
ID_9DC07EE00F,0.9333560530489124
ID_FFAB623E47,0.4856899522709673
ID_6330D6791B,0.004454005920119735
ID_FEBED67B6F,0.10351019181625234
ID_3D77DA5600,0.016109393468988695
ID_792686335F,0.8102161759115543
ID_CEE8D359DA,0.005979270889962887
ID_F1D52DAAF5,0.09318152504647174
ID_BAA2FFB885,0.007776718252408462
ID_50F72D47AA,0.0028910764784266557
ID_92E7E1C3E0,0.002
ID_53B4019D14,0.002
ID_028ADE1B51,0.09290074179207997
ID_75E5245AB9,0.1546727985795804
ID_0217234916,0.005641394804630874
ID_8A5804C6D3,0.015776684899424007
ID_577517B868,0.025927059022077453
ID_F6386F4CB6,0.19086562754731318
ID_5D869D1C0B,0.01979937552813194
ID_C7A78FA266,0.5082722282409748
ID_7E5C1821EF,0.13738846623552248
ID_6B0AB8AFA2,0.04671490907735016
ID_0C4CA79361,0.006789925377461915
ID_85FE7CA1F1,0.0067646168922396435
ID_EB65808BBA,0.11063783493657588
ID_7DE2E2842F,0.05036270994617764
ID_F972C36DAA,0.008081186528912116
ID_17312C20EC,0.1976405907612858
ID_7B874DBDE3,0.04426110059947537
ID_BD324AB638,0.013442620896007378
ID_EAE64107E5,0.15273671846588152
ID_A4EFDE2EE4,0.14119521457396186
ID_1078FB301E,0.04065627392033875
ID_81A22B158E,0.002
ID_F5AD4B6E67,0.24552099716483824
ID_B747BAE0EE,0.011497537973929101
ID_4247E1F00C,0.00930341121974626
ID_AA1E7CB741,0.026783860709163426
ID_0BBC4BA3F3,0.010867134923846066
ID_56912C2A3A,0.40572946596441706
ID_839BB13B6B,0.04103614542079033
ID_CA031ED86B,0.002
ID_8E4121E7AA,0.04655750538631159
ID_E9CCDF87AD,0.8942547637721361
ID_B1C4A381ED,0.1291652317430741
ID_8CEC2F6F02,0.11249406573468208
ID_FD80D1F7FE,0.002496262291617408
ID_6621B23529,0.03946099088647273
ID_3A9F170931,0.2102551336079866
ID_2A5A120C8E,0.019846647693678193
ID_25D37AB319,0.21652004365759547
ID_C79F64283B,0.007493855234432727
ID_DA3F5EFBE6,0.04356387171135601
ID_E809288123,0.4437375898106811
ID_2CB8F3FF3D,0.0649556211781944
ID_193A54668A,0.008607813194171693
ID_BD56EE29B0,0.015695856459236403
ID_CFFD3E62EF,0.09376251916004741
ID_08B86E10EE,0.2535144873407454
ID_36016E213E,0.12310048408828138
ID_236C9FEE4E,0.3028599389507949
ID_0B6BD177A3,0.002711272217125148
ID_ADB1C0E05A,0.10508615816407246
ID_BD9C26C028,0.002
ID_54C2B4B29E,0.35974924700442595
ID_5671E4EB29,0.08556960896595553
ID_68D9F7A5AC,0.06692920931917735
ID_8A39C321F2,0.1309924105718329
ID_B11BEA9519,0.08028753601890126
ID_011836ED3E,0.6458372727601072
ID_27761242EB,0.3093226721584323
ID_902C6C9F23,0.025545632882757355
ID_E10FA71643,0.0029000012567721306
ID_64D01A49F6,0.2576897985980195
ID_8CEA4DCEC1,0.09317258530644304
ID_F20BE3C284,0.002
ID_60D62D0C75,0.7357953708392305
ID_490CDA967C,0.12189881930426437
ID_5597C3CC53,0.17240600675582343
ID_F26F8E85AE,0.002
ID_B1DB6A5623,0.23450585110529318
ID_923D51902A,0.005077042899083249
ID_5D12A1A0B2,0.9882559359694115
ID_4B2310671E,0.022383370908789064
ID_76BB34AA56,0.11946502227098296
ID_008012BA32,0.022789428538894343
ID_D1CD59B4B0,0.48514900206011935
ID_D375A92631,0.00773892810237468
ID_D8787144EE,0.39231544588170014
ID_BD73D10028,0.047956630627505506
ID_AE815D7DBD,0.055429933469189535
ID_F1923EB8D8,0.9815875399930724
ID_668A8A7D36,0.012415533019969617
ID_16B5D44D75,0.2714298223734346
ID_DA33320B2E,0.05054716752284846
ID_B580B4CD01,0.05407914887198755
ID_FEFE756F5F,0.021771207108140157
ID_549B0FD3D1,0.4478613762806214
ID_E6792C46FD,0.06556391952519579
ID_5BCACCF36F,0.025587604197005905
ID_43945D8B2C,0.24098609181115677
ID_1485F2970A,0.046987443234976445
ID_7201D2B110,0.002065748112097965
ID_A7A5349487,0.0312956943309905
ID_609088902F,0.002638176393406681
ID_2EB88278A1,0.3615298381367723
ID_E3B330B829,0.1557009394413449
ID_C49409D41D,0.01165166626656499
ID_D6A886F6AB,0.008865360976889301
ID_AE81C9EB9B,0.19494767634618845
ID_A526A5428F,0.007830637683150557
ID_91493B6290,0.002
ID_5A57A6C3A2,0.3779292313717654
ID_9BD032C657,0.006677884238745994
ID_62F7AD01B3,0.0021742085372177334
ID_4933AEF210,0.1569533124935185
ID_A55ACB4BB8,0.11287579776182917
ID_0EAC4F4AAA,0.021990771035788857
ID_E0CB64B529,0.08325448822168005
ID_FF15BBFE27,0.23439919621142805
ID_82E267ED8B,0.006790765610869446
ID_E4A5FF775C,0.7437627696245432
ID_35A8F339F3,0.026934774164996872
ID_F2DFDE8530,0.6384489317571256
ID_6EA12F7F30,0.002267322481209471
ID_C9481CDFD5,0.013233391807167493
ID_6A8D9FB79D,0.0425015684572046
ID_38F456DDAC,0.09481864400174889
ID_59284ED3ED,0.006536756961669548
ID_CADDA99555,0.0957561995265584
ID_CC2EAEE326,0.002
ID_0922310AFA,0.002626679202143817
ID_234FD7301B,0.03579881006184205
ID_BAE9F0CE69,0.01947518594617374
ID_DA35A8619A,0.2907836428332849
ID_B523FCFD17,0.9687521161783079
ID_1802135664,0.02120948698255552
ID_12F5444DED,0.13949856607621897
ID_AD78616E4D,0.1280502533737536
ID_DDD52CA701,0.31714017152603396
ID_933A6F967D,0.047269919768320366
ID_A1A885627B,0.022540085859410995
ID_483528016B,0.09301238775643751
ID_9D6E989618,0.05890224836101639
ID_C861B73E0E,0.023095673568384552
ID_485EF8112B,0.010782389947557
ID_0866FFC641,0.11033823602791865
ID_DF782AE78C,0.005464387161700784
ID_199B8F72AA,0.042252056773944405
ID_ECB6E0298D,0.01177614147645493
ID_B132EDFF29,0.028219076432619252
ID_31FFF94D35,0.006753211249537619
ID_DFBBB60F14,0.26335109401796447
ID_AD0D2EA292,0.7631970748981051
ID_1DD3545466,0.3865606163021464
ID_ACB491B0C9,0.9521788548292197
ID_9312032EC3,0.02800789552614202
ID_53178BAF0C,0.010785229907930493
ID_283C263C67,0.002
ID_D7A9A29FD1,0.17804830797261295
ID_BB722ED2AB,0.9640119224366671
ID_F556FE77CD,0.15968476941158896
ID_AEC77620AC,0.017660029591934964
ID_F953E53180,0.21983458802211514
ID_8247509F35,0.008451528155745966
ID_98CC4723DE,0.015002685930436091
ID_FEFFBB03F8,0.14695385273711165
ID_50772FC13E,0.002
ID_84DB1B3247,0.5190572165557191
ID_CEB7D2B6A7,0.005952305812496119
ID_7513072894,0.4925220055600368
ID_6B4541F735,0.04436820154436393
ID_4E8908D0BA,0.008965516486057715
ID_6DC611B139,0.13168233547718536
ID_ED761543D5,0.7331727124883772
ID_8BCA992A16,0.9973237671855791
ID_4A9502F0EB,0.33934466377449146
ID_FAF8304527,0.05090764064985005
ID_1038F8E8D7,0.008014263964233737
ID_2EEB5A4FC7,0.16307815999390715
ID_4F70DA27D4,0.0223833147350806
ID_FA59D283A1,0.16886088316195275
ID_27FA2AA71A,0.1433185251880055
ID_D39485EB6E,0.007417937084413123
ID_F010837C1C,0.00618556681714874
ID_085B4893B5,0.012695690614936767
ID_63F4BE4390,0.22132607505777122
ID_1C149DC40E,0.351778337740979
ID_E081A9F312,0.2044470521110626
ID_4F73276AB1,0.02027521635520924
ID_715A1DD3C5,0.0027411274549240744
ID_DD6C2627CD,0.7207396285987023
ID_C0D0AC7D48,0.4068081323828335
ID_B6E27B8775,0.0502411266276734
ID_FD8B629100,0.0037625054716170806
ID_2054487178,0.0189757947059562
ID_1B2EF5D147,0.002
ID_D36BD3B3C6,0.025701904266802477
ID_251B9C3CED,0.004374910003278247
ID_0CFA9C96F5,0.1297445920881621
ID_0CA5B2DCBA,0.0076054956269857475
ID_F05D9158F5,0.013323622869059502
ID_46C8237B4F,0.11510871378996529
ID_9BB13813CE,0.09598916919960396
ID_21E3EB4FF0,0.8744888646211281
ID_DA439D84B8,0.3041343048189733
ID_B57636559C,0.014592282789389502
ID_3F924AF4D7,0.06584125866236676
ID_5689971F0C,0.059284532503254904
ID_44C62A8694,0.014676350999105478
ID_8AFFE91D71,0.017687350214681315
ID_24B457F4C9,0.05188081329478284
ID_9E090451C2,0.18740341252599602
ID_CA177ED704,0.7004210899893153
ID_4B2FE9F407,0.01213677315905309
ID_5553790527,0.9486328521376798
ID_6DA2D274FD,0.013363034619806967
ID_AFE3EFDBB6,0.7394937170183591
ID_9C415CD706,0.6059041035494672
ID_E95E3D3D85,0.0022582801284344663
ID_DF1226EB6C,0.011863105046637666
ID_F36440C553,0.6038753274434067
ID_A3CF77ABF5,0.022892079095890677
ID_ABDAAB7BEB,0.002
ID_C39DCF30BC,0.0068581169234801466
ID_99CF73EB49,0.013715309319479669
ID_0F3DBA2181,0.11289570468430635
ID_42204AD237,0.0651029547860469
ID_30C0BB40AF,0.003432064696701734
ID_2812623D28,0.002
ID_22D021C6CC,0.598293091043355
ID_A7F9ECE5B2,0.0657635368229793
ID_7A5BBC37C7,0.08262033318401212
ID_30CC831FA9,0.002
ID_B99E3B8B0F,0.6949796022244712
ID_BBE2C2247F,0.030372195614085704
ID_69CCED7D68,0.007002335395956287
ID_71272239BF,0.2930052582215378
ID_C08F485452,0.24800121826707106
ID_7A520912A8,0.7406672366992247
ID_56A37EF19A,0.014750570398045131
ID_F712C91511,0.21212218912196532
ID_9DF03BDFC2,0.023338196605782152
ID_14B4F6C04F,0.023228578526366492
ID_516FB70625,0.006880720891870895
ID_5FB08FCAE5,0.0069116427193874055
ID_B99A2DC364,0.036070216065056525
ID_815D885DF0,0.1240822758312331
ID_58DFC28AE7,0.002
ID_808822BF01,0.9040997985592888
ID_99A590644B,0.08888543351159238
ID_D03EAE73A9,0.02215748783834186
ID_329F90C3B5,0.006533530043059248
ID_8BA0BDA8A1,0.002
ID_4F2B05866C,0.023580732240400384
ID_A81F1017AF,0.0021448501092977685
ID_DA7F946158,0.0020277877856571002
ID_34097D6302,0.10688970546404333
ID_2AF7E8DEE5,0.0027265185668354512
ID_F1B6B7018C,0.03759722404361458
ID_5A88D5B689,0.0431210792481872
ID_00FEFAC954,0.28258071610943525
ID_AA8BE6915B,0.052222474068987876
ID_28217CDAE3,0.018696052832179483
ID_4498208974,0.002
ID_C3D32A93C6,0.004108122632086878
ID_66C36CBEB6,0.035268949081283
ID_02210CDE19,0.002
ID_9567EE3095,0.01584910400820336
ID_06DAA6D21A,0.011926909585627563
ID_F02C2BA2FB,0.3888474521693579
ID_09F0DD4809,0.17283243945063642
ID_28F0883078,0.27287512913398143
ID_76D77C063B,0.07170901803009108
ID_1F5E65ECFA,0.006843270611369371
ID_94756CB050,0.004338129502462078
ID_8442AEAE45,0.007298378061020855
ID_3363C0A051,0.27345155762672974
ID_5F24819877,0.30111112712240135
ID_3B7C7F1E90,0.0023650404057327327
ID_8A9C33666B,0.021623642594327547
ID_8E20901F87,0.38117128681578205
ID_1D9F7463D3,0.46408871213520186
ID_38B35A3454,0.0231484192485061
ID_E174571B4A,0.005571833103717379
ID_17889DD7BF,0.07262501322670416
ID_DAE149FF11,0.32187459033246024
ID_0D31937D74,0.16103069673221587
ID_385BC00401,0.002
ID_F77EF1A1B2,0.04200489077312086
ID_77AB775BCB,0.08750948291800896
ID_CF5985ADB4,0.047787208593366694
ID_C19837E51A,0.021828523817058493
ID_B27FEF9795,0.0837721596996789
ID_5F6E075FA8,0.22937091458941028
ID_CE64720013,0.06429900367262746
ID_5C5F582002,0.016609158360466673
ID_568A6F8B3A,0.375644698737217
ID_5DE7E378FB,0.4136186244198836
ID_9EB7FDFD6E,0.004827765848199867
ID_F397C5A10D,0.03455206324352796
ID_D126863889,0.01956087485966982
ID_FB4BCCD040,0.03651532005493549
ID_08758D0E48,0.0035655730489170742
ID_14095190DA,0.007342042354863896
ID_0B6B826AFE,0.0072873417059249514
ID_6725CB3274,0.009628417631571502
ID_1AB7576E82,0.002
ID_0022408788,0.014931695645661575
ID_823F9F9889,0.020734068878062093
ID_0BCC270B08,0.1307782661334702
ID_8A49CB3247,0.023565966576651543
ID_B2474D2764,0.002
ID_5BB5C2F331,0.005613495200024795
ID_FEBC605F0A,0.002
ID_FCC1A58928,0.9976459387824067
ID_BAED764D59,0.004969277762651918
ID_ACF4075888,0.00642638931210114
ID_993B5B0343,0.07581667786464817
ID_35C44B91C0,0.4549385535354934
ID_01AF592C35,0.024239568660111885
ID_51CBA35C13,0.006764063032367712
ID_364EB39482,0.9401254788053978
ID_DAF0701BD5,0.88328684279784
ID_00AF6848BC,0.0191867139687436
ID_98EFE4BC8F,0.01765271239675278
ID_FB98FAEB45,0.06885361744873206
ID_07E413598B,0.012141414252841223
ID_9D123E3B15,0.5263209416333543
ID_C7DF02ACED,0.053772206756858315
ID_93A5AE6DF2,0.005219291360940713
ID_AD418B693E,0.9110426864522874
ID_E3D96BA635,0.06538578756160604
ID_FBD9C0480B,0.0664234506529346
ID_6807D071ED,0.008825735611713776
ID_1FDDCE0719,0.7185969829888995
ID_8DAACE2096,0.28367709448267503
ID_1A9B14A140,0.003810514498941069
ID_E21897128C,0.16533883321368928
ID_D9B0C79310,0.002
ID_C00F418E2A,0.022803657646824387
ID_5073ADD06D,0.26965229171320715
ID_D1234DB450,0.118969228384639
ID_3D65E9A224,0.00940916288605074
ID_6606FB3C61,0.005881531834133569
ID_0CAB0E2D80,0.3295570785673037
ID_9326A2BE0D,0.05165202959683029
ID_642EFC8E10,0.022443644473533676
ID_6EE7201E7C,0.09476835219133006
ID_4C53D4D1E6,0.006331020305043553
ID_0D16C094D2,0.01188035615320205
ID_6AA8DDB264,0.014263109643535278
ID_1F794EE2A0,0.19811989259756257
ID_7CD48D9FB9,0.022035106808494506
ID_3ED14739F7,0.37427550497457235
ID_1237C2B25D,0.05982235589600326
ID_5FFFD12289,0.010647254792270158
ID_B5B4F672BF,0.002
ID_40BEC325CF,0.13119773234751297
ID_69F073D94D,0.19779182790267855
ID_EE46C05555,0.38143657357602684
ID_E13831F7B8,0.13470223480297122
ID_611D1EC3E2,0.005552898391388002
ID_D39EEF4352,0.5679055854575099
ID_A649D5B5EF,0.0022800709157682745
ID_CE693829C0,0.03367833595335849
ID_9B69C2B455,0.04593559605729134
ID_55F53AF250,0.007208309853074863
ID_669A3FCE3D,0.011067889571203186
ID_E5382A551B,0.04101687928055491
ID_B3CAC587B7,0.07114297473969036
ID_7D5F040376,0.506918624546962
ID_A5215EEEEC,0.08294058837268016
ID_8509453C04,0.0031671777287629642
ID_AA598C729D,0.2273856289238063
ID_1BA36419A6,0.3723812212979172
ID_ACAE647252,0.006808276378371223
ID_CBCA235C9A,0.07320359976776603
ID_699669C148,0.011820003090982523
ID_EC4FD74738,0.07527435025993423
ID_CAD059AD4D,0.007277380858704482
ID_200805254E,0.007451121626398051
ID_36A3C10914,0.005129308692835961
ID_94F9303884,0.24828845648186074
ID_F5A425E55A,0.014618663066119164
ID_8DC87BFDDA,0.006298950205313796
ID_976B463000,0.4276410248187542
ID_08A07BBDE7,0.0033317833858384715
ID_20A22F2276,0.021463515007559126
ID_BFF85907A0,0.23995671674266797
ID_0C1D784CF8,0.07083637357691262
ID_ED8184E674,0.002
ID_36E79BF742,0.32989936719320917
ID_D50EAF2768,0.017341329314589857
ID_BA12506205,0.9103113561392588
ID_3F95837D87,0.4714552391638288
ID_DEC491080F,0.1350730293514122
ID_B486629C3A,0.00668438634094959
ID_460286159A,0.046083960919274455
ID_BFD5E41FCC,0.443518111958691
ID_4958CA7418,0.004285966546822696
ID_721B0441B8,0.10736485934088805
ID_BD4A793253,0.05909585467916163
ID_471D607DEB,0.1321669414828311
ID_EF6F594821,0.22166639482541883
ID_8CBDED2BE7,0.485807884241801
ID_4CA8698D06,0.03099396833711814
ID_C66527AC80,0.0442847678852328
ID_33BE37F2E0,0.0112602198323405
ID_832F224535,0.006090470932652689
ID_31F548CD48,0.007187062250230391
ID_1C9B3A8B03,0.019049630606685047
ID_34EA2D82AA,0.012025476730411665
ID_164005701A,0.012017427159422124
ID_9D361E31B9,0.322735767431394
ID_49C8C93AC3,0.005029294672221612
ID_AD5D8EC87C,0.006083475355369345
ID_48674C389C,0.9882655605145672
ID_6E446C8D77,0.0681864796768001
ID_C55D880964,0.15315548119848865
ID_F687D788DB,0.04202217137054381
ID_D4CF616048,0.019436686843176273
ID_9112E57B32,0.5110580016362769
ID_147B25474F,0.4386456835383664
ID_07106BFC65,0.3518293351845854
ID_3DA46BC37B,0.02524886387878178
ID_D0292FAA44,0.002
ID_4C012DCE29,0.00650698841575542
ID_19B8667B66,0.9186350924650502
ID_DCFFB76EF5,0.2744607838303468
ID_1C8EE4DC4C,0.31631076268175357
ID_D2712F3B0A,0.0026343489337667383
ID_019E4EA3AA,0.015708796571706762
ID_F6607308E4,0.08298902637086213
ID_8887F4431C,0.26755386543998305
ID_F513FF56ED,0.005710031168866187
ID_56145F27AA,0.048815013923598875
ID_2EB4639F63,0.0071371214401870255
ID_5E3001DB28,0.469049690632005
ID_B4586D2120,0.004426930473410893
ID_ADB275D076,0.7076520742760596
ID_CB300C207E,0.47397579249730043
ID_58B8066852,0.12289949010545137
ID_5B9EE17CD0,0.170971580475143
ID_AB0F6786FD,0.38685221296590794
ID_9EE03D872F,0.04327017546641427
ID_41FCC6E656,0.7583733167933294
ID_FC08F0077B,0.27876412232542536
ID_EC5C9AC37E,0.026827011428525893
ID_34EADF730A,0.12340622684672393
ID_20FFB7E9FC,0.09696742013809036
ID_FC76740884,0.046171947493711694
ID_02A69D320F,0.09619494699536896
ID_FA20EE1D72,0.011688807717127284
ID_D4D24C4834,0.011319821969626609
ID_CEBFC58BB1,0.028043626867032097
ID_8271590D37,0.02391500217608299
ID_52FBB43DDB,0.0503072078197794
ID_F409A9707D,0.0021855989410057637
ID_A00BAE4644,0.3206321364646908
ID_0610B8B002,0.010680878221496364
ID_9101CC7E3A,0.06921857018926798
ID_1DF522F29D,0.27897645652741304
ID_56A9ED1AD1,0.14634832309907414
ID_9B8C5E4A90,0.09436105603947884
ID_1123C5CCBE,0.21893419332360703
ID_981DBB191D,0.007102978259120785
ID_447784791B,0.002
ID_B1E67706B0,0.00647161429839853
ID_C7D3944AC9,0.9876537992972049
ID_930FA0DBD1,0.7696267160984029
ID_92518A8836,0.0064681808015613195
ID_1866C1E76D,0.12513614436115736
ID_94A082B6FC,0.10682975940317781
ID_36BDD2367A,0.9794612551895879
ID_5A8BF616B2,0.4907344645858297
ID_8A8D4E1073,0.019533232973745675
ID_5702AFE8F4,0.09880654284708823
ID_C73810A202,0.06874463705746935
ID_77146849E5,0.022640215393956154
ID_685938F6B7,0.3015462892826825
ID_8DB5CE7801,0.013440594303994928
ID_BE74B6D1A7,0.002
ID_B9E19AD859,0.004952705567029344
ID_ACF7ED1A8F,0.022035873003750116
ID_11AE898DE6,0.1321322527556384
ID_D5379AFD97,0.6386132037217497
ID_72FFD157D3,0.14853995679317228
ID_A204613352,0.21803381698378618
ID_BBD2C9A5E9,0.002780556144813254
ID_B507A4DF69,0.0027798728213655434
ID_CB1927D21A,0.006642512208931893
ID_FB5A7E13F5,0.08166654889887033
ID_F5E1FF9FDD,0.2378029491470408
ID_83E4BFB9E3,0.06022143081980221
ID_734F9343C8,0.013761404701908382
ID_A12180B8F7,0.1368579357576466
ID_B9DAFCBA46,0.6167274643008587
ID_C6676EFC0C,0.03208570267550802
ID_3B13304636,0.0062450068663832395
ID_66B2429799,0.010469901029948101
ID_EA536D54DA,0.024679119907261717
ID_9AE733D573,0.04758736997965807
ID_713E646C5E,0.013566437226037393
ID_E38CDC5881,0.04181627493307055
ID_5AFECAD3B8,0.27040649394475125
ID_F2667591FE,0.07073308435612533
ID_71FCB5CEFD,0.06288495041916288
ID_23EF40F572,0.12202482594538504
ID_95D6D00BC1,0.1684810537869395
ID_E0678567BD,0.004190518073441604
ID_6EF669E8C7,0.021244969775791215
ID_CC1B5550D3,0.002
ID_16175C0263,0.017284137951602795
ID_F19930BE8F,0.007463225914047582
ID_BBB7B3A4BE,0.0036701877619986973
ID_C2F1AADCE5,0.004391888522601871
ID_C24EBA13AC,0.1623556813558215
ID_ECCA866C53,0.014028843702923347
ID_34608AF5A6,0.04956923236546434
ID_BC73FDFBBC,0.0725846249958074
ID_78B5DA8431,0.28646472785860533
ID_75D5BC38BF,0.12084501208627686
ID_C5E49F3A8A,0.004854775928614456
ID_D6AD8E2CDA,0.002
ID_6E1C5FF1B6,0.02855637057876521
ID_38E9276A1B,0.0691162124677927
ID_79C8920B83,0.011261059890428544
ID_82736DAB60,0.4970475007617345
ID_FAA425798C,0.07068896854087696
ID_ECCB475EA7,0.011945003125534627
ID_62AA6BB983,0.002
ID_3C1354547D,0.03722175257893455
ID_3FD21C6683,0.014849220797829127
ID_48F12701C4,0.023762324504062477
ID_28BDCE5DF0,0.0034269884072944214
ID_22DDBD66A1,0.08072012583434898
ID_F874E77BE3,0.9644653174844677
ID_6F0F4F516E,0.1244922723407664
ID_9AF15D3AC6,0.02175946077166174
ID_3012CC7C1D,0.1082701764377108
ID_E8A7401190,0.22436405246985797
ID_D51973108A,0.14971717813655025
ID_F7C49A6B68,0.9904935799800384
ID_6F1F4E050F,0.029453621536199216
ID_F15837DA89,0.2849772767123142
ID_F2ED7F9FE0,0.0070916349203501835
ID_AE236227FF,0.04076464666111975
ID_D5E8913F69,0.00598361753730493
ID_286921168B,0.15012520399874688
ID_7EA8E8959A,0.7032749831385843
ID_CAC7DFF46E,0.07345788814044403
ID_1C87AAE307,0.08385424131056192
ID_847D7D30F4,0.9978180520746399
ID_15B5E64C70,0.6914490296369187
ID_7CD7623057,0.7709113630692351
ID_7F0DEF52F9,0.002
ID_A816B38C91,0.006235818860661937
ID_F3E5B6F219,0.04042310464742067
ID_4F9DE7A204,0.2363062638006458
ID_EF9919A0C1,0.04447244540378733
ID_F3D46A1275,0.5281994206651471
ID_79396F6D44,0.006433549392747013
ID_60A94E888F,0.06460672730628253
ID_1A2DB7175B,0.1513520242372813
ID_2B1569FE29,0.0028732976056571936
ID_FCA5398E61,0.361927737283032
ID_3DF778EB8D,0.016685097468288047
ID_01CE96EBE6,0.01888238092568498
ID_37651F0DF8,0.011684879364670614
ID_EBC32EEC3A,0.004811433553448382
ID_A7D713787F,0.23213433202928682
ID_78B33F3BAE,0.030551318637563163
ID_0506C63F7B,0.06399175624227468
ID_0E6FC1B46D,0.020639753998945062
ID_1844A2A34A,0.07346046769579162
ID_BCFD32EFAB,0.030608085966123303
ID_1D7A8A4057,0.6619647883523323
ID_81617E6E8F,0.004714231036407702
ID_989E9E42A6,0.0248593271869007
ID_BA6264D84F,0.018765997411076825
ID_564BD3733C,0.018484276052202906
ID_63AC7ABD05,0.08019429103811967
ID_5F476CBE32,0.9914320226473874
ID_356D5E65DE,0.2658069521281631
ID_0764799E60,0.4119972446459466
ID_DBE9151F53,0.006723507554263686
ID_4329A21992,0.002
ID_55FCD2DDD1,0.4153827171723949
ID_45D0472A0D,0.0482334435797247
ID_478A073219,0.08347500920412629
ID_4AC34C0ECA,0.1602315119196147
ID_CAC1BA8116,0.021210751994285078
ID_CED119D5CF,0.1642537828069084
ID_8FD34C373C,0.08038484709790128
ID_07E7A5891C,0.002
ID_7347191EAF,0.28535125166203107
ID_3F41256A4D,0.012465103644189863
ID_E5A00D5158,0.012884303964441403
ID_94CE9D3413,0.2310216548308011
ID_E0620B3A65,0.1414122653165728
ID_E378A90CEB,0.09481130899221282
ID_0C9820A09D,0.01665365363274197
ID_956BD9BA0C,0.006687654054815932
ID_1AA695A6AA,0.019084171649442712
ID_5E6A028324,0.1246326759322047
ID_35B86BEFED,0.011162431688563708
ID_8715DFBB5B,0.009077867708961624
ID_850E52E95A,0.0033403351005216676
ID_F3AF11250C,0.047590372447376926
ID_A76A627B1F,0.00540724210365522
ID_9BB4AFE501,0.004660575838868137
ID_3539E6A096,0.3475373893496095
ID_CE0429F524,0.4191247397703247
ID_5538D1F0E4,0.0069433577224703655
ID_6C64AB5968,0.1002940209663406
ID_A152254467,0.08631311679688758
ID_6A90AFB45E,0.004545630055983506
ID_480FBD7B09,0.002
ID_5037E8B21D,0.09507163137913059
ID_7935BB2922,0.07018288665393832
ID_A5E3D15029,0.19128409796816603
ID_F8FF42FB70,0.008108450233789529
ID_641F943FB4,0.005094468065198521
ID_A91882137B,0.07209892455054988
ID_08A8469722,0.23078241764621615
ID_20579BC77C,0.002
ID_D3446CA081,0.14594730559028812
ID_BF95931DFE,0.6836077050219935
ID_4F15D1AB3A,0.002
ID_E31426EBAD,0.2991256123806366
ID_EBA944B91E,0.013519222590441375
ID_76C47CE449,0.8184380740206365
ID_4C47B8CD35,0.1931763657477219
ID_B7E1033B37,0.04422047633429028
ID_D341A32D23,0.0074514182438938405
ID_99DAF979C8,0.009774273550810255
ID_905F4CB63F,0.38753795113688355
ID_B9AC1ECA43,0.9892932410817332
ID_7B0C804683,0.00659867076008692
ID_8112FC1C34,0.678662853610156
ID_5C4581CF59,0.005942498770319346
ID_FCE4FC7F3D,0.006948676316888202
ID_F3A7A050FD,0.2754484423655126
ID_F72958492A,0.06536201362074297
ID_06D176F693,0.4756534436224526
ID_0BE25DE148,0.03244393496243045
ID_9E2938E923,0.07790989834154284
ID_5A457E7526,0.972188874549662
ID_9210B6730F,0.3711927471158739
ID_318657969E,0.06586691621549037
ID_D44038C263,0.0683400213708448
ID_6504311C41,0.05494991260862342
ID_EE62FCF2E0,0.003837797691581353
ID_732389BF33,0.0678503965624472
ID_9109C659A6,0.004713532068582054
ID_D70856BF49,0.010828178559628662
ID_822B18D77A,0.0064015770641130095
ID_213A64DC50,0.6471200107047299
ID_7EEC56A455,0.12683772258354664
ID_F61903AE80,0.46938609906640916
ID_3FF4E87AF4,0.02173506763905764
ID_C0BABF8F7E,0.01123599633974027
ID_CA2AA38D17,0.390764677485251
ID_08BCD830D4,0.30344266771881084
ID_5E2B3F1BF2,0.0027142855749387926
ID_7AD72FA58D,0.18632949302955787
ID_48016CFD26,0.6858608089838656
ID_D0F9F5A21E,0.07412473365912023
ID_6364652818,0.021735533189714426
ID_726232C168,0.14465168699273
ID_28316F96A3,0.7726941865470016
ID_07E15CFFE4,0.5001236243271275
ID_F84391A105,0.20566857928154256
ID_062DBB796F,0.24723640377079986
ID_B67E1FEF44,0.14665749934290964
ID_5F8303652E,0.0022969290299810104
ID_BC6DA80ED2,0.02387935505026898
ID_221B146D36,0.037997244405138526
ID_0333EBF142,0.45831760308373937
ID_96AC65CD9A,0.1306006071233601
ID_50D8841A4C,0.008143173758969561
ID_6F7B6A2FC2,0.567258304518367
ID_06B83CC6D4,0.17849642273977953
ID_7622F1EBDF,0.002
ID_773B554C55,0.002
ID_4D9495B525,0.07965252701477427
ID_1D463031D2,0.004719771049098422
ID_981FBBAF33,0.06817427355541726
ID_F1E6604A7F,0.023278189202395185
ID_456C7FEF7F,0.007417322345126399
ID_1DD824DA20,0.0064396996778909215
ID_17000547DA,0.012272481973944803
ID_C12AF1675D,0.011686334576662719
ID_40081A01C8,0.06647071757332991
ID_06EB9DF646,0.026040163503137096
ID_0140DEC9DF,0.11102723768267793
ID_C4E5029BC5,0.01804222276154
ID_75FEAF861B,0.09226378154609452
ID_3B36399AB6,0.06876579201659165
ID_A1DDF033F3,0.13382128815385305
ID_E786DAA516,0.003451111045413839
ID_D7CE20CD5A,0.28304325086027404
ID_F8AB62B10E,0.08902264382378514
ID_B13921A9CD,0.10145828888532284
ID_86D1F106EE,0.007550961916178152
ID_16A0492305,0.0027988145476713915
ID_B7CF432C87,0.14965121698247397
ID_D43ADF3B59,0.39496382664693624
ID_7B8E75607C,0.1498638419048291
ID_56BB4463F3,0.12108914741245234
ID_DF35C65741,0.008693191698314971
ID_B7AC933587,0.2615456733866961
ID_BD4F43D954,0.007454561364987564
ID_F07420DA01,0.002
ID_7E5E4FE047,0.025446601467078996
ID_A2590E78AC,0.016026802621794425
ID_4E706BFD34,0.1762523626275177
ID_30C758CC30,0.015973717418485796
ID_698CA37036,0.006957245037563483
ID_7E50AB269F,0.1320000302504653
ID_BD2D7D189B,0.03202532808311369
ID_58171FE47E,0.11288249235512221
ID_FA6EA02651,0.002
ID_909D0C29D7,0.009852168750817557
ID_8E26051494,0.002
ID_55986B4F4E,0.17144209314594325
ID_5CF9543C58,0.002
ID_E145095325,0.2720458381160708
ID_85B0B64C47,0.9105193014809659
ID_29BCF53512,0.014708823662895498
ID_D781480A0E,0.002
ID_7237F8D569,0.1283902520576637
ID_0300D967BB,0.17340191011261377
ID_E4FBE295C0,0.015377510722291682
ID_66654FDC19,0.6360361456709599
ID_D138D60E93,0.009480356712305975
ID_D805CE9109,0.002
ID_84B2FE97F7,0.11351773086321339
ID_EE7DC97C01,0.002
ID_4E75475E9E,0.006870472210268392
ID_C367F500DB,0.1186410612952087
ID_0DC6DB85DC,0.019480236624113963
ID_20FF2D9684,0.07170595482518212
ID_742CDBC1E8,0.9789292284313206
ID_3F301206FC,0.015441867048279588
ID_831CDBEABE,0.12589477622719214
ID_2EA447C749,0.0963893413622071
ID_ED76E5B297,0.08238859029349875
ID_3421E47F4F,0.002
ID_12293C63B3,0.7096051335714442
ID_D30332B90D,0.0044551832142366524
ID_247EE6CAA1,0.3714477352933125
ID_D28EA4597C,0.4516891889188435
ID_61297BC0F8,0.8870764855285794
ID_37192C4C32,0.08194583615138336
ID_E9155B3A35,0.0024581027705374335
ID_723208A2B8,0.237042316825895
ID_DDFB74B1EF,0.002
ID_98576D9D95,0.453223007543809
ID_C8AC8B0C25,0.0033396715349787083
ID_E32CD2F09B,0.2207777452091491
ID_CD5F86641C,0.2375799323709837
ID_4890B05DC2,0.28077132027850926
ID_96850E88E1,0.025981682943249425
ID_C5F59BC066,0.002
ID_A783A1CE2D,0.7471464736939819
ID_2B5F702612,0.4692226779539054
ID_D51B57CC20,0.002
ID_EF53B991CC,0.002
ID_54E08B889C,0.857636878326993
ID_489EC88211,0.060881455404130744
ID_603F1FD510,0.009534598084548552
ID_B736F14F4E,0.004465538931084042
ID_F2555B0259,0.01081070467281667
ID_E7BEEE469A,0.013934012460181663
ID_3DA6DEA3D1,0.0417036699653922
ID_443DF2A1E7,0.2739709786284052
ID_C31899893C,0.3349665191822448
ID_A6823CC48C,0.5089169720940145
ID_5D6C0D1EFE,0.9063034627728329
ID_F5DC2B2B78,0.0075766049743097265
ID_1DCD454080,0.016629366447287876
ID_AE97BCEF75,0.002
ID_63786EF79F,0.8593286752571294
ID_40BC9E32D7,0.02228883049843942
ID_EA84D59B1E,0.2741024814767017
ID_2C8EBE9EC5,0.2272260741162747
ID_5DE8259852,0.0028986115285788193
ID_841E9FEDB7,0.04425998668564261
ID_AA149DE6E7,0.30472481867683326
ID_F9FFFFCA33,0.07215614047635606
ID_ECEC699ED4,0.0022234478483134966
ID_7F50E649BB,0.02742052949693564
ID_60F72F6E24,0.0034298597389541895
ID_37CED593B2,0.04756461454867064
ID_903D7FC627,0.006853993330985338
ID_C0B5AD943E,0.002
ID_BBA8B40682,0.021586197106791334
ID_1133BF0215,0.0113945434553299
ID_F3BE410529,0.002
ID_9C9BE302E0,0.04112072384690356
ID_93748D7663,0.31501015951807215
ID_251A7CF268,0.12116665641828961
ID_759E6E4D3D,0.03568975597549868
ID_98641306D1,0.0901112972538275
ID_A07C5E83A0,0.0824765342296222
ID_A0684F35CC,0.0046472866194337235
ID_852458F9A7,0.029632165852434472
ID_5968E8432C,0.9764521398572598
ID_956223DDE5,0.2043444960783486
ID_B75CB93A20,0.06851031929523764
ID_7983720151,0.2806110922492806
ID_B90C1B1C11,0.002
ID_98FE47DEA7,0.05772399633465813
ID_0E6B1143E2,0.01196592287763199
ID_E1E65F843F,0.014562940756904803
ID_CF15F432BC,0.06732252058397156
ID_D445ABEC61,0.14520571486445388
ID_7DF376A432,0.004953447145421987
ID_C1231A8AE8,0.016923038615466936
ID_32C7D5E4CE,0.021931518599816666
ID_32DBAD2740,0.08661862316656335
ID_7AB431FEFD,0.021104742008239915
ID_93E7219E3F,0.03024475462673684
ID_795E661B71,0.1508539541617791
ID_CE731E1092,0.012094152387896106
ID_D998203337,0.048937709604404356
ID_3F07A77755,0.015287005049553024
ID_A200C5C533,0.7437366964792405
ID_9622B86292,0.04682275303609704
ID_B3FFD580FE,0.05701708103704862
ID_DDC5D7B95F,0.030703888948041103
ID_230A6901F8,0.09706204173456608
ID_4E0FA97DC2,0.09917586372457407
ID_691EA4D618,0.006609149683087584
ID_D4CA8DF68B,0.002990122095927925
ID_68064B1FC7,0.014445405191692387
ID_F5D4693C50,0.0035986189561696674
ID_72B2B984DE,0.027589377573506914
ID_CC4558C110,0.0839185432224711
ID_753ADCC305,0.0894292726078913
ID_59404D8A38,0.002
ID_5CA0E5FB5F,0.07690153739854153
ID_0633E61B34,0.2955503706036885
ID_7E84D068FA,0.002
ID_3C94884E4F,0.010834308514654108
ID_6EC440C052,0.1336514230347795
ID_2F0DAC4808,0.012011078503558226
ID_FEFF75EA02,0.22938781572741815
ID_A028675B13,0.0036926636516682646
ID_3D46BDD9C7,0.026980060437797333
ID_433C36075C,0.5514477784778625
ID_C18B8B2F1E,0.09132543604576872
ID_51C1A664D1,0.7459623240641913
ID_AD15C29DC7,0.09645907181768275
ID_FF00CE8EE4,0.8863827311781267
ID_F4CFC552AF,0.0748221964616144
ID_E5DEA985A0,0.7445876764779612
ID_D173D58581,0.002
ID_1503882E61,0.19088024588189087
ID_7BE5E89E55,0.04334641072713747
ID_175BA7F1F2,0.05589860225542371
ID_4D9BEAE5DD,0.0078115020659547734
ID_F5248BD9CB,0.030920654710757372
ID_4AB343A31F,0.01685401054793365
ID_26944079D8,0.002112648483731937
ID_7E8174B2B3,0.0092124888747091
ID_EC0EDE0AAE,0.02571079192121364
ID_D0FF8363D6,0.27332659060441733
ID_8AAA2E09D9,0.021043825210497094
ID_1BD79C5141,0.08596154932356166
ID_FDA7D281BF,0.5062582460734858
ID_4D5BC16E3C,0.46167889141721546
ID_D4CBE717DF,0.011970023350943623
ID_17AD2352D8,0.4988391372370308
ID_39675A64F5,0.012571748859495505
ID_BE24E033E0,0.0023141361156675485
ID_8BAE421647,0.002
ID_29F3907119,0.10856961968785744
ID_E6C0FFB5FF,0.0035484640231334
ID_6FFD9C7387,0.07698554154020663
ID_BD640A99E4,0.24146893987046986
ID_22CD5D5888,0.026200798861107308
ID_E4E0B683F0,0.014050896103345546
ID_B9F1D4D9B2,0.1409710617811914
ID_14401CE69D,0.14221109324983622
ID_EF8D329369,0.02369262646903386
ID_43839481DB,0.1686829738684197
ID_3627EE631D,0.01833069561939975
ID_395D2D1C3C,0.08706016652351055
ID_D9A5FA8B5B,0.09668642000583
ID_41957A52EB,0.11214452352998315
ID_4FDCD92F72,0.01776876302791108
ID_FD2773EFE9,0.021345945237372245
ID_3E72D93AD3,0.12456353572355842
ID_202DEBE933,0.02039890531308057
ID_D64BE93CE6,0.20900123228852133
ID_EF15FBC5B4,0.04376264304518209
ID_67BB2F5A6F,0.0669887253962714
ID_5F57E412A0,0.002682323451013793
ID_02DE54044D,0.029212402216711533
ID_E92552DDB0,0.04611981895647425
ID_A37093AFC1,0.002
ID_3285A5AD38,0.16226731644663814
ID_ECC53362F8,0.002
ID_7246CD6D63,0.002
ID_4E31937E68,0.009602101721313098
ID_56C26FE02C,0.002
ID_C172E194D7,0.0074601911037549895
ID_E1EB93194A,0.002
ID_ABBFCDEB79,0.015342242790432952
ID_22B96776B6,0.013352757218426553
ID_849A292323,0.04512895669773407
ID_A6F3F23554,0.3001512778296018
ID_893BA4A9F3,0.2823613980420613
ID_0AFB604314,0.13175455774986528
ID_9F935B8393,0.3926194546762791
ID_C793128EA2,0.015613474336356585
ID_EEF1784EB0,0.05331192368497193
ID_ABB1F2591F,0.007007665301754676
ID_304D1FB41D,0.06351818587260484
ID_043A9AD574,0.0027399370022556445
ID_765652731E,0.021421042617492756
ID_CA46995A73,0.9472767900325951
ID_90088D1876,0.007065690608539618
ID_3E298BBF65,0.9841681859265183
ID_D6C64851B3,0.016414773770438696
ID_AA186D1298,0.46232514637788164
ID_3BFACAB662,0.0036631793446947588
ID_9A429AA260,0.20373088366655617
ID_C01A2D85C5,0.0029129216406228106
ID_EE1CA43BD5,0.44238799534802414
ID_6E56E8A74B,0.002
ID_A9424BA880,0.002
ID_17CFA5923F,0.0201318604751765
ID_CBBE6C4299,0.025515751754634955
ID_C7EE1067C5,0.16216777535190335
ID_7AB9ED6CE4,0.002
ID_F138A9648A,0.06751912018751711
ID_C90625FFD6,0.0037859888922484922
ID_A812737F65,0.9856313914671154
ID_4DCF1D5F21,0.23880195262972354
ID_87FF9424AA,0.13928681043147
ID_D1B4A2A8B5,0.026861585115120816
ID_542587F81B,0.0814351772946846
ID_E33067B1AA,0.014276609160044253
ID_08D3611C7C,0.07136302780320652
ID_7A5CCE3447,0.012088956958159138
ID_A690EC3608,0.3508879467912167
ID_AEEA579DD3,0.03134029554833108
ID_9AC182F0AE,0.16098643923982545
ID_00F668238C,0.022318098077529717
ID_BFB192169A,0.01682140165814779
ID_8D87FA5BC6,0.015531895292508794
ID_7D60C864F7,0.027694165306581052
ID_28762262F6,0.031130099405508503
ID_ED8E9491FB,0.04382395016765657
ID_14CCF2EE81,0.00738951923726034
ID_5FFD229788,0.7766695010779858
ID_5909CEFD68,0.3433134315979415
ID_9DCA8D9AAE,0.2661721400250829
ID_71B11A7D3A,0.5744584492912596
ID_B7C43E73A9,0.002
ID_EFA0EC054B,0.9858081627102508
ID_4CF77EF966,0.013412931020249591
ID_1706C52A0D,0.00893767504574116
ID_4FAFC166C8,0.019227410640707588
ID_9CA8B3E330,0.025207410022201046
ID_D66C6B1D74,0.1984448593482485
ID_7A558A01B3,0.004954336500258587
ID_6AA5FBBBD0,0.006836412770869228
ID_39CC0495FA,0.08894571104919387
ID_383B364B4C,0.09748583160327916
ID_10B84AD690,0.1966983895740559
ID_E97AEF8C99,0.010194566346863075
ID_B77164E67C,0.00743819179017171
ID_D6E51A0017,0.3738687042724916
ID_497B46CC09,0.4962094425330989
ID_35B016697C,0.002
ID_3087C592AF,0.002
ID_986226667F,0.013693090807664125
ID_3B792D14F6,0.02254671832680651
ID_9ABC5DF4AA,0.005147906645868086
ID_2227B7433F,0.002
ID_0A82A2A1E7,0.047162446966325246
ID_5C09A5BCBB,0.044404883606464246
ID_262238F2A3,0.002
ID_894CFB7FEC,0.030713347568156735
ID_6A3D7734C1,0.006701785610002969
ID_FC218228D9,0.002
ID_5CE33B31F1,0.011105233880027932
ID_899DD890EF,0.021627730223208637
ID_4E0CDD4E38,0.002
ID_BB2DE225CC,0.0069749985194510035
ID_838FAD5623,0.2645788389133901
ID_A0408FB203,0.06576823795901375
ID_AA28CB26B3,0.2391154702898597
ID_CD87DF1924,0.002
ID_F67E5D4A16,0.21931573686927225
ID_E4C544BCF7,0.02303288853152684
ID_D77C568F7C,0.03244336850580468
ID_52C0093C55,0.043895648697896604
ID_7B022666FA,0.011694353889061676
ID_9A9B98F5A1,0.0021212745591119345
ID_74660531CA,0.16272254011969292
ID_1C071B2F37,0.015773541210281298
ID_689E190533,0.0458715018784545
ID_CD5DF76FAB,0.9814922022276011
ID_589B39ECD4,0.04068294918124283
ID_B45BEF9027,0.20412508142714178
ID_3CDD8E421D,0.16376264388210773
ID_0D92A46CDE,0.10834019357912278
ID_D8918879A8,0.04405341145877786
ID_34F3C06313,0.002
ID_7FA0C0FA5E,0.02205211167038869
ID_FAACD7D941,0.15697014098105164
ID_6854F8BBC6,0.002
ID_71560EFB3F,0.018929598121242706
ID_650C161E66,0.04634526081717235
ID_C95B68D3EE,0.014785774231136146
ID_FB7EA7A803,0.005905351009320989
ID_433EAF4891,0.11772232685622418
ID_9062BB9949,0.5167569168474626
ID_88E9ACDF30,0.04556156611646386
ID_D8EEA1FA29,0.007502510280221028
ID_00783061BB,0.06809429833520315
ID_A3C2899A4E,0.002
ID_0D3683987E,0.8740059067223658
ID_35E2D98474,0.04231615959189073
ID_95060551E7,0.05324060436909626
ID_D22EA99A65,0.2152417374438645
ID_12E5B8528D,0.157671592981082
ID_7C7E108558,0.08004704695448764
ID_F1C235031F,0.04849289731619329
ID_D62DDFD9F1,0.2920863395644453
ID_A32EF1D9B5,0.01912926339887745
ID_A6572C0563,0.004078975511374269
ID_8918F145E1,0.15221831286028667
ID_2952AB955A,0.08998569941582955
ID_87C59B76F8,0.01210255047051735
ID_2F97F847E5,0.9919282281081864
ID_139E738D31,0.002
ID_1DA9138C42,0.5211952088671856
ID_6F320B726E,0.010733825675907766
ID_A12E2FFE12,0.006485331704041469
ID_0EF38E7425,0.27018402995446616
ID_9D8B00E2E1,0.002
ID_B4A5FC0845,0.14137414192126047
ID_3F91797DBB,0.048031590379699333
ID_E85234A360,0.002
ID_7BE53EEB7F,0.005757729811026751
ID_5D961406CC,0.002481387326029329
ID_97B3B9F529,0.9583730645590208
ID_FF5231095B,0.041563145918498606
ID_ED21CAAAB4,0.013657919212643269
ID_DDEB312416,0.008320622514405348
ID_A30F4732C9,0.6112732071103961
ID_6D35212B22,0.20293366900689994
ID_A244251876,0.0854267566841755
ID_A7BF229B23,0.00667696888224536
ID_9F03342018,0.18257680713769284
ID_3526EA2893,0.047225980134339526
ID_63A7CF4E7C,0.023738875361865464
ID_F8C9307E35,0.002
ID_C34C94E64F,0.013559661449232282
ID_A307526EF8,0.002
ID_77666351F4,0.002
ID_3EB44AE365,0.2943205090345959
ID_C8C87DFB5A,0.5667901775595025
ID_D21FF70610,0.0020013060623069005
ID_B86DE83244,0.07344962943302324
ID_4474E55293,0.23707024425225237
ID_F82C1CABEC,0.002
ID_94CFD5F8AE,0.011605003694512575
ID_5FBE129270,0.015237238248788126
ID_D55945BEB2,0.053896832345416285
ID_E1AD24F76B,0.010827142566429365
ID_FF3B527628,0.014715446234575859
ID_DF4F7A61CD,0.48611246232935795
ID_143CF67649,0.1483765940211045
ID_C7AD5E2B67,0.015159320206031201
ID_1E6BE10241,0.08825077306863424
ID_ADD9FFBABE,0.0026909970786774475
ID_52CC2C8724,0.016716479813203063
ID_27A6F85A0E,0.9976505144039121
ID_A435ECB2C6,0.0027508287182592033
ID_E50EE9BCA2,0.5573552793593246
ID_DF2EB83DA6,0.27188966058958103
ID_5505F32E94,0.011211645917532733
ID_69DB02C2BB,0.02187937237446542
ID_316CF93BAD,0.37055630155798563
ID_A299D63F27,0.09151183748520664
ID_A10A8C5D2E,0.7294991518668786
ID_BA0DE05B55,0.9625437200002448
ID_530F6DB7E8,0.11429414542789322
ID_D590A942A5,0.015654995641648257
ID_C5CCB7B8EF,0.17036527898305648
ID_66355539BC,0.002220387611033812
ID_DDC6F75166,0.05500416230746176
ID_5C546D2B11,0.7533444044707434
ID_EBF7CCB821,0.002
ID_D77276D089,0.021902138174811483
ID_F0192F0564,0.007795542614982597
ID_46B5FDD7B8,0.05041565187960709
ID_ADD9B8BD66,0.0020522073463415257
ID_07AB71323B,0.14170138010073305
ID_192F5FF7DD,0.006057886777819374
ID_AE338E65D2,0.01156852241669567
ID_4E2DBC7C10,0.006202507585481069
ID_2447E1D16E,0.04548043056336549
ID_575E980D3D,0.0322355288718409
ID_ACB86EC4D8,0.20700030302354916
ID_DB1832C7B6,0.02026283190374577
ID_9E0FB12D33,0.057997034742412766
ID_D48AE6E5CB,0.14470884266298298
ID_1CDAA88F53,0.4977727483812954
ID_AE47CC62F6,0.021965555026811384
ID_EA392C5E0A,0.09835067700821996
ID_3A1B23FAAE,0.002
ID_BC6CDCD262,0.025104171842682068
ID_4CFC63BAB0,0.002
ID_D834BD45AA,0.08766931628988045
ID_08E359295C,0.006371182222878052
ID_781ED1FCA4,0.5701195053058187
ID_724E28601F,0.36657133335533193
ID_16D15AA8FF,0.8038935970761272
ID_F313C7F180,0.40910476555109876
ID_86A96415F7,0.002
ID_32D8775512,0.1908250118976273
ID_33BFBB77ED,0.007758177196614844
ID_DC15618CC8,0.002
ID_E0F1B59AF9,0.015332720104582875
ID_0AB149585B,0.04630756593279874
ID_BBC81D4753,0.07651753976714243
ID_6F953EF268,0.21837597809900222
ID_18C72CDAD0,0.11540846983231029
ID_2243B1F319,0.14109352897662578
ID_774CF72404,0.018651209806110677
ID_2529F5512E,0.8961134204111522
ID_9666AB9E25,0.6865853009416302
ID_7F5741FCD0,0.007419888139888647
ID_B181ECBAD5,0.04586733468051141
ID_79A991BE4C,0.17859292324441334
ID_A93A0BE9DD,0.012267692115044011
ID_0D4AFCC4E3,0.19849761798766988
ID_17524AB45E,0.0989698690509845
ID_D330A035DC,0.04480001964213693
ID_7FDBF3E03A,0.0700863484467734
ID_3E0AAD29E4,0.37295363684570537
ID_D53C0158B5,0.002
ID_2A1467A7D3,0.17333638295197867
ID_26818B5A65,0.23272441184909526
ID_4E01BD32BA,0.38742055182757196
ID_2CE29E1810,0.07826733111950739
ID_EEC377219C,0.2735261464025056
ID_A071BF67D4,0.04030013941627629
ID_F7B582977A,0.020767020651439188
ID_5C9ED6DD67,0.002
ID_062382C4E6,0.0020003722237290386
ID_13ECE6113F,0.006279154654674903
ID_2C21EC9CD4,0.008692016974077925
ID_DDB5539304,0.4222458518666953
ID_53EAF64176,0.09956810686636165
ID_9DC13963EE,0.5690047862998002
ID_10B36B8E24,0.059320331710316455
ID_1C536D6F4F,0.9759273053424484
ID_188BBBDF89,0.0869526939358052
ID_9BC3B1F294,0.002
ID_91E026A3C9,0.002
ID_51FEB0AF12,0.03282278288931526
ID_F081BD65D0,0.25386398130208443
ID_6E922D4541,0.019498694526178452
ID_A4C5D954FF,0.007193838847472474
ID_B59F361A4F,0.24472625294439032
ID_0DBB096F77,0.022109270494156806
ID_089EB0A819,0.006509082557691829
ID_092E9194F9,0.99727228536351
ID_415E24D014,0.10185090784606844
ID_B2BB1E25E0,0.01775193171613718
ID_B3772C17A2,0.025158574784539634
ID_6BEA64EB1D,0.344692797771976
ID_A6A39EEF31,0.45537457166677975
ID_215F54D403,0.0970900090745973
ID_831BBA2957,0.04737863099753422
ID_728C9882C4,0.006825764843799749
ID_31928451DD,0.013062144879808916
ID_7F0F7C068B,0.9347703752838828
ID_FC620F411F,0.008107543586949092
ID_E4B578BE78,0.007164067806586546
ID_C3628D9C9C,0.04923086573299504
ID_81D14E0143,0.011285703004262803
ID_7C29F585A8,0.027812426706983404
ID_1D12511F07,0.08700800713517154
ID_E1DA5DE278,0.3128092690087001
ID_A90A74CD58,0.01451354441307677
ID_5C1F71E929,0.007587338227184856
ID_67BB1B828A,0.002
ID_AF303A8CBA,0.011852634185045544
ID_D02D15D1A7,0.880021137535334
ID_67C52052DF,0.2835513374614429
ID_84351A018F,0.017740685406261742
ID_5B9AEC8560,0.002
ID_680F91C9A0,0.022005111850969518
ID_4DFBCEBBAB,0.3000174178952825
ID_A66FD8810D,0.0075128674649796254
ID_55404F3096,0.005437346521116256
ID_539475D5E0,0.006579917925386069
ID_78CBB369EE,0.0021317192284142023
ID_B991F5E3F7,0.002
ID_DD91DD5F2C,0.792140157350024
ID_2F4D9F1116,0.002
ID_5B3C28CA7C,0.01112999110234054
ID_B553BA87E3,0.0249850886163563
ID_C4AE75A813,0.029865401463111025
ID_3A0F454280,0.027302315720307502
ID_7C147A8446,0.0061979764128926185
ID_7A39AA6942,0.023058047962466605
ID_4AB61DA3A7,0.029170251068877637
ID_4019E56011,0.3448926545631387
ID_EECD5DC1C5,0.44296179567836214
ID_8F6ACE6B2D,0.012031954076909428
ID_B6D95258FA,0.02337160635923161
ID_C535AF0683,0.002
ID_B8385E88C6,0.9876615476006289
ID_FFA484C096,0.9249342656191141
ID_4DFD391A8C,0.011544278471727369
ID_47630B9F1D,0.002
ID_39F2A780EE,0.29201569985289844
ID_C720E13BE7,0.025695237578398596
ID_9177403A27,0.0073683971708787994
ID_192E5F8035,0.004450539410868072
ID_610BF44021,0.2105236391048779
ID_1D87BD2B1E,0.05293860266111713
ID_04441FC2E2,0.05220699203197763
ID_C82D261ADB,0.002
ID_E9672C37DB,0.08279230362184777
ID_6EF0A42A55,0.1241275769932838
ID_F8652CC30D,0.08175821241473819
ID_076E080773,0.6684648673840654
ID_5DEBE50C04,0.006965161812675052
ID_F9125F5606,0.02774026071646021
ID_DBAA47F956,0.07774197454162657
ID_D05EE793B0,0.04372530446524768
ID_BF4464F126,0.31782661517520194
ID_62B6646EB7,0.04513614220316939
ID_15341A1473,0.014919160436583095
ID_958EB01797,0.7242533979579391
ID_B42BDE812D,0.18920953975115734
ID_E7E251CE6B,0.002
ID_D89C86B476,0.002
ID_C25183A23C,0.21168722281941751
ID_E5378BAD07,0.0040175564381316345
ID_7FE1443E6B,0.460438315840128
ID_D6F48A8F41,0.053836211580987524
ID_B1DA9D1D8F,0.6589484937555662
ID_18022532CD,0.35089574646179134
ID_51B4067F8B,0.09322679581292291
ID_F9F4ED12F8,0.007927431842289596
ID_469FF2474D,0.020660741668900334
ID_AF396A0FBA,0.10859300585403499
ID_F3EB41F870,0.005603094737629341
ID_91BFABD4EB,0.0067648378557552845
ID_2278D34586,0.9963666582948425
ID_29035B7D45,0.06093606120160449
ID_F49EA382D5,0.010485675176831
ID_C9E1589E43,0.24044158583532216
ID_2A0C770356,0.49987768387557646
ID_CD98955ADC,0.012407817265187146
ID_9112B97CA7,0.29463103127712076
ID_4C2152FDE3,0.2391382467973605
ID_F12D56A8E6,0.002522912907453467
ID_21E20805D4,0.10485194312272467
ID_08F016BE9A,0.013479890690632832
ID_3DC1432CE9,0.0605863403377263
ID_CCD9453B0E,0.45488458601014264
ID_F9E6ADAA4D,0.22277422475506703
ID_BA32E52AB6,0.027060849868354185
ID_D548E67F49,0.006696003632936536
ID_3022CF29C1,0.18339090910037334
ID_DCE2ED82FF,0.0034382269898112178
ID_01A6391C61,0.002073012172540343
ID_46E313B8C8,0.002
ID_5CFE813C29,0.016792260593663875
ID_B78ED3D962,0.2059655409149524
ID_98EC6EC110,0.044679949148672314
ID_E56855EC6A,0.002
ID_FA088A1823,0.035806894318232634
ID_D1B47729F1,0.007564511596570141
ID_09A4FF1CFA,0.011260990968149927
ID_596C5E0CA6,0.002
ID_8480FB2E6A,0.002
ID_F77B271B36,0.03904949250331552
ID_83AF8A8CE3,0.10760899984756787
ID_8B1D5948ED,0.01868758463888285
ID_D9E69D5680,0.48413431860518663
ID_7DDAB8801E,0.02966342614294312
ID_6E7E17B5D8,0.06197237482924959
ID_A5E62A3E6B,0.18290172337598368
ID_4F211915C5,0.013147798704726939
ID_BC695A12BF,0.3053103239433954
ID_2E15C79E1A,0.48459135184601276
ID_21E27263F1,0.007171328677157898
ID_9E0E626C23,0.024011596852884027
ID_875711A52C,0.027582199259048597
ID_FE4AEE09F5,0.152986124963093
ID_1B58A5F840,0.012020590464999927
ID_3550519DD1,0.9340892003027504
ID_D0FF487FAC,0.03995624528038792
ID_3F7CCD5173,0.0071653700232927236
ID_6B00C4E301,0.006608503377554964
ID_3C646073EE,0.023499375835457754
ID_1F44BC2BB3,0.7425131842880648
ID_A264B7CC15,0.008255138716734556
ID_A4696E9F74,0.7754988552750868
ID_489D95F6C5,0.00747891097023694
ID_F498FADD88,0.3340852753520877
ID_5DB95890EB,0.26292877972621254
ID_BF2967B25E,0.002
ID_C0E9F85AC5,0.5102675559902605
ID_1030F3412A,0.22286333006189402
ID_F851207233,0.11888643761201957
ID_248C58FEC1,0.20188423281131757
ID_91A855AA1F,0.9808200458421297
ID_338047E8D3,0.2398307343606184
ID_C5D10D18FF,0.002
ID_84422266FC,0.05575126164474402
ID_4B15305422,0.18405848129445898
ID_D15CE3F985,0.002
ID_3511EDBB5E,0.9954639289327315
ID_16260FCA12,0.1459460205169936
ID_B2E1D897D7,0.004175186712627602
ID_A99977A174,0.2564612624803523
ID_154CA35BAC,0.9967222147147347
ID_DEF3559A1C,0.056645759451978694
ID_33C0663738,0.011539224102209603
ID_4F51E5150C,0.002
ID_0AB6902462,0.058685941894980456
ID_293610A633,0.002654523836278351
ID_5A3A330E49,0.02542787990459444
ID_63F993E258,0.002
ID_2B8A9A34CA,0.1975135683958265
ID_E12D27E120,0.0021716571564697933
ID_5BC0F49007,0.6037215034545412
ID_821386FBF2,0.007966962175852818
ID_C35B31D984,0.13106740870648192
ID_9186649030,0.002
ID_A98A60E1BA,0.002924347505116492
ID_3BF0D5F733,0.002
ID_11A5A3AAA7,0.0720795797756992
ID_0E06DE314A,0.09455325757378658
ID_7FC40D8ABC,0.00760084533873012
ID_ED914D8613,0.023242517423392634
ID_41DED8FA93,0.04493490438539679
ID_F238221046,0.021189158966449927
ID_39F4B915F2,0.10885074733636899
ID_03E39E4DB5,0.016097869421072327
ID_C6AF30670E,0.01821725963567786
ID_A62996EA04,0.09340000057494263
ID_0229265F0F,0.8807468189508756
ID_B47CB0BF23,0.9971489054495724
ID_45814BF3B1,0.007695583278662487
ID_681C2AC85F,0.017164734676928493
ID_6423705456,0.044163178353369234
ID_0BBC9E2E44,0.5238641179041876
ID_77E157959C,0.07187469573666459
ID_60AAAE7A57,0.01964641699329935
ID_BF40CD7EAC,0.024276174898641714
ID_4F1291AABD,0.011771248577680577
ID_C9A6405D85,0.1424972981990476
ID_C610517FE2,0.11019545771536361
ID_B326B881C6,0.1253431944524383
ID_4B421FD0E9,0.07659132035396445
ID_08296746B5,0.009862163860476975
ID_731FDEC2E2,0.13331551349884174
ID_AD5989494E,0.006336183897327308
ID_99B928BC25,0.26812109629268743
ID_A73A1A9A91,0.006359115508701787
ID_CD28044268,0.02450970176010138
ID_4C7CB32C32,0.14562834640631325
ID_DD61251E2B,0.6926371859700804
ID_3E49F4BDC5,0.013513933362380938
ID_0D52D6BBD0,0.0031069104285442873
ID_477D7EB616,0.7096144319006833
ID_DBE17AEF22,0.008236157626667273
ID_19A5615568,0.005749313912218016
ID_043AE6E4DB,0.005079092766732511
ID_00B7A30B7C,0.002
ID_16D2BCEA34,0.002
ID_B0008F4314,0.002986320273503287
ID_C12D5A5C76,0.005989244172116139
ID_0F751543A5,0.023833177731645668
ID_948E3EDA40,0.006139675505660858
ID_E5EB9D53E8,0.8843772062017841
ID_58D3EB0FE8,0.007567691946142174
ID_A50B495599,0.0025084305395173105
ID_10C1495FC6,0.07351890658688366
ID_F305D8F37D,0.9939602008279976
ID_4E5490B784,0.0020641345738143455
ID_0C5D29BB41,0.002
ID_6E31C1131B,0.006095694362202253
ID_D19ED9479F,0.0703283554479924
ID_43760E4020,0.9244043326964063
ID_8C982876DB,0.061301394517078014
ID_066B0F96E1,0.010733446584475888
ID_403701568D,0.11299722020715378
ID_E7A1C19E62,0.0070821796738386325
ID_9F1F32ACE4,0.11283738405515381
ID_343928E23E,0.005898592803553927
ID_DB2ED6BB00,0.019881524036260118
ID_24915219CC,0.06620884892490607
ID_78FE4F5A58,0.14197412500219928
ID_55642F5200,0.0900116027500582
ID_9A1D074EFF,0.9916977682597198
ID_224E9800E9,0.06329225372853974
ID_F17D5D436A,0.4302596867959806
ID_C54F98602C,0.002
ID_3000306E72,0.024593335911170713
ID_2873B81319,0.3340687014835774
ID_0CF2E39741,0.038860308377669586
ID_18C81AB0CD,0.8887397172729351
ID_0DA7C6D50F,0.8460090932039998
ID_63B266316D,0.002
ID_A5810AAD2B,0.2817624805991365
ID_51EBC65A12,0.002078155942865469
ID_F962E98F76,0.051871058104185366
ID_E6010F3436,0.5349029725084807
ID_6989C15830,0.0026405904650597576
ID_0A37F465F9,0.011284604046712235
ID_49E14CB965,0.07377094988928848
ID_9AF0FF93DD,0.12201206935931559
ID_2709896FED,0.22907716210709286
ID_280682A743,0.7763011641956723
ID_7C1A672B68,0.006700953183942245
ID_4E2F0899C7,0.087463033924937
ID_CCCCD09126,0.006416277684593158
ID_5FE4E50323,0.14437687116421616
ID_94C889F09C,0.004608185711365275
ID_11083E06CD,0.09306198368972438
ID_4B2A5F31C9,0.012286613085445595
ID_56A5526464,0.06163198299288709
ID_28C55919A5,0.03128228651605281
ID_0189199EB0,0.021441251592392928
ID_26E2A405A7,0.485858784491883
ID_0FA30624F5,0.32874022151179844
ID_3B0AA1A6AC,0.003762702964759342
ID_B9044044B5,0.002194117863357569
ID_BCC2DE5DDF,0.0046848639259254145
ID_E68ABA8FFE,0.006145227584131759
ID_CDBE8A7385,0.002
ID_78CBE145F1,0.006735742855398328
ID_A565D287E6,0.021244490672978313
ID_48E74FF38D,0.014673542144819644
ID_B1C58F14BF,0.003971288069990818
ID_785E14CE3C,0.010706962264574875
ID_9BFD6E3EF0,0.5200825571490578
ID_B4C12566EF,0.08225006228966522
ID_15582BECFB,0.6714364808212165
ID_42194477AB,0.20456793312934302
ID_DECE50DDF4,0.040665088396611454
ID_1672C1F6F2,0.0576638362585448
ID_F47483ED06,0.01053318985424455
ID_892BBD7B13,0.16968913077640957
ID_4E90DF9718,0.8718298341813097
ID_77F1C49C49,0.07713109722185206
ID_12E540487D,0.3214691014848534
ID_F0AA6487E1,0.05662182985943437
ID_3305ECDE84,0.02210118553630266
ID_A8ACC8FD27,0.19998041493500027
ID_D3494986B3,0.07967439679756282
ID_CE0BC1EA3D,0.012982547427766847
ID_6B855C8927,0.6834298971326234
ID_DBB03266BF,0.007889878940583451
ID_69884797A5,0.002859577126734685
ID_64C18202D4,0.010689282904372498
ID_E5DD08DCC8,0.02461821523632858
ID_741DB67A69,0.08225299196730465
ID_8B9D938FF7,0.0239256401500719
ID_D47C1D90FB,0.0024431876893639673
ID_2CF9C411B1,0.04474982806738234
ID_CDA6967D38,0.21330651751926932
ID_BFA4E89E34,0.022835210831224535
ID_361FD566C5,0.018814307700990365
ID_71D628303B,0.002
ID_F9E0DEFB9A,0.012418471477207295
ID_20F9624775,0.007163085184859729
ID_98C38D6691,0.029042799885871582
ID_025F99B001,0.210328452931186
ID_3D028313E0,0.5522768935637922
ID_94CF5917D5,0.024604124512401078
ID_B8CAC534D8,0.006234572083971657
ID_48437BCC27,0.3576639591936939
ID_F49067B1F7,0.7146465084108773
ID_318CBF6618,0.06734385626290414
ID_57858C2C13,0.005755996916510667
ID_4F244861D1,0.9884360984483448
ID_0F71D20F6F,0.012969623305954033
ID_54620C7DB8,0.26757482300151236
ID_FFA387D759,0.056154924054079264
ID_E2C641C125,0.47616667917030886
ID_02A2844242,0.006785386308615558
ID_C4BE088C66,0.15998204235391736
ID_0ECF218B69,0.024075684440060252
ID_67D6058646,0.10252428061862488
ID_7F0732A228,0.8199920130914268
ID_2B6B977E87,0.10472016337830482
ID_85D18D99C2,0.006536730025424873
ID_C80270A86C,0.2875529690832148
ID_2B4C27C538,0.02673998676097364
ID_4D69430DA2,0.003524284311859935
ID_89739E4AFD,0.006285622381761045
ID_E7FD703EA1,0.020579621831997744
ID_5409790970,0.0286595217608164
ID_9909618F1E,0.018381513983907652
ID_6C92BFDD65,0.0777342681168277
ID_AC4EB3A7CE,0.14823095069618553
ID_0D72F0D0B8,0.018733474473457176
ID_BFDBBF02AA,0.07117923721665773
ID_E58B354516,0.6980914475988634
ID_F5CB9D7BA8,0.05094138801537492
ID_8823379D0C,0.47199524403655574
ID_F0B54E4903,0.0732243218261038
ID_BE9A24F59D,0.012770211343006562
ID_69B443E08B,0.011188384491581618
ID_5F7A2F4442,0.15967422480438775
ID_05293E0580,0.0693840893565945
ID_95AC9A09B1,0.023564414680117714
ID_04E4A9D14A,0.007016427126176179
ID_A95B3BD538,0.006312115785635009
ID_B020576750,0.2708118697250134
ID_8CB99025F0,0.024216939989701855
ID_195574BB82,0.007407896997825537
ID_948AFEF22C,0.4284768289585464
ID_07E43D8499,0.006454636583155742
ID_229533C09D,0.011986787440050306
ID_13EE86D1D6,0.002
ID_30A8736E77,0.037780797578002734
ID_9BD69357D4,0.04106949424858485
ID_0EB8D04046,0.0245066899397429
ID_50B04D7CF5,0.25047122490570023
ID_7567CE3588,0.9777303267152654
ID_EAE3BD2A5A,0.004929384406228544
ID_00CFCAC8AB,0.004762760196763686
ID_5939D58C7B,0.8698485147900484
ID_9489A748A0,0.003491254022576974
ID_0B90C0FE02,0.09053387939238133
ID_6447995957,0.06773162805719884
ID_C2F452857B,0.0022452363271341187
ID_B1883077EC,0.002
ID_618057AFDB,0.023093920958068236
ID_1642FE66F0,0.010842191773498211
ID_F905C806BF,0.19669557058545073
ID_6D80067D18,0.8396927164693084
ID_05FE616942,0.15458983969375625
ID_5996706708,0.061173343883897204
ID_069A802F1E,0.29230128111163495
ID_A6F6DFD474,0.013116257188046467
ID_8FCD232F72,0.007511811185204523
ID_1856A68DA4,0.19585732324492844
ID_F03CCAD102,0.0055063147205095505
ID_63D6A94326,0.7939277037846757
ID_D8B158C5F5,0.02385967901039784
ID_9F29E88BFA,0.7705399678680478
ID_88D21CC9CD,0.708625710389098
ID_40779917EA,0.4930861008022803
ID_E92DCC9762,0.13427891404871864
ID_34DC3AABEB,0.002
ID_BDA7630022,0.04778842307449577
ID_D284881738,0.018974452178585084
ID_C9B5D26D1D,0.6749838290303576
ID_3FCBA5BDCC,0.015367413576593953
ID_F189D7B925,0.021922278347192774
ID_F2818857AA,0.007042821246316745
ID_869C930633,0.0641494010913915
ID_7554231213,0.2293471283013787
ID_9E09E23420,0.002
ID_7EEAFC3FD0,0.002
ID_76F2AA8F93,0.0075471768447978515
ID_70CF739E87,0.16934052082166687
ID_3554EA76E6,0.004819744429247356
ID_FB8D910102,0.25988632215976426
ID_225E1CB291,0.002
ID_4E3219F354,0.0034286965692277914
ID_C0562AA2B5,0.011937621457831839
ID_97E28EB384,0.7043210659386911
ID_76EDD19190,0.09294514228653968
ID_6D76F9342E,0.04974076985822718
ID_A5FF103C4A,0.003047180729454663
ID_36CA3F2254,0.06713813127666557
ID_04B8E21DE0,0.1434448158762556
ID_737BDB80DB,0.03624680343380051
ID_F2FC3BC8B6,0.002
ID_AD428E6549,0.01729089294981809
ID_691A96FFAD,0.2871655324250121
ID_154AD3B793,0.0029839279873793644
ID_06D2DF0414,0.06443657511371127
ID_C4848C4BF6,0.008729470824232118
ID_722739E696,0.016616789993851026
ID_15717B9B6A,0.019731491890041617
ID_3CBCF1D475,0.07711828188611616
ID_AA4828BB47,0.04548795855942231
ID_5042399B02,0.006898430878146228
ID_B2EBE5FDDE,0.013451326754786792
ID_DF0C1CAB06,0.006131314980659695
ID_07780579FA,0.0324935163371268
ID_12130ACA42,0.02881964510489275
ID_1F652E43BA,0.043607812870946935
ID_4B27CC822D,0.07748845212586807
ID_BD91D0E936,0.9848524623565575
ID_3596CDCB0A,0.2117823420175248
ID_BAD5F898F1,0.004008370711798876
ID_106A1C60FD,0.2571209715545955
ID_7169463E1E,0.004024528516398028
ID_BC59A190E4,0.023393365997645882
ID_D44EBC2D5C,0.040448885684708724
ID_891850C0CE,0.006317156000288821
ID_7A140409AB,0.07157733149941763
ID_A953375F1A,0.012741220237631835
ID_C3203BE09E,0.6311175076050676
ID_CD00BF3BE2,0.002167891936030749
ID_09FBF8460B,0.002
ID_21994EF655,0.0881791449973655
ID_2A0A625FAE,0.0021267575551142744
ID_9B815D9A7E,0.1724030942438812
ID_2A1C0A2EF9,0.007385024211765099
ID_25DC112A25,0.055964352069857295
ID_D449C05378,0.21112428336613798
ID_682FBA780F,0.020144728770617203
ID_64A133B526,0.07439828818155303
ID_AA5CE319E8,0.3366756987564238
ID_F6A7660380,0.47055399524273644
ID_C2B6940729,0.015829074742818576
ID_95B7811C55,0.6580641269229787
ID_8243D2B5DE,0.116343959246336
ID_07AD72B5ED,0.4360838870262933
ID_B4E95D489D,0.18050171081142502
ID_4A86ADF650,0.002
ID_F377EA7D0F,0.6047786981171661
ID_03B4C73857,0.03487895644863682
ID_AA60CE0F9D,0.07164656425140814
ID_6F6CF44065,0.014882567635366982
ID_B2D2780EF9,0.002837863321603322
ID_6E0E48ED67,0.089081639811847
ID_20B7016EA8,0.4445383417116971
ID_CDA3A5EAA3,0.09525991791920362
ID_410B1A84DF,0.0870680436624558
ID_B2DC03756C,0.01248718575944647
ID_CC7A02A213,0.3374390974624031
ID_B4F3BFC03F,0.012298929557240164
ID_7BEBF09F58,0.699493363722106
ID_681F14DECA,0.006476976320953335
ID_744F880820,0.002
ID_A16DC840CD,0.06521301113290513
ID_197FCB6EE6,0.002
ID_36D0D21345,0.012632790025497114
ID_192A6EB329,0.002
ID_A6BD36F112,0.21012160468301044
ID_596A7B8EEA,0.055953987604609796
ID_785701FCA4,0.1627410517993105
ID_8FAC74DEBD,0.06996143242577912
ID_20405F0CE5,0.8151741566158165
ID_968CF66DC3,0.007764571385438789
ID_4A9F87CE38,0.049868763701392385
ID_6FD34CA7EC,0.6161875052114973
ID_4BF49AE9D0,0.04408528318039929
ID_39738E9600,0.007967773331251773
ID_A3615CC614,0.0748454714828085
ID_A713158A14,0.002
ID_60BED83C5B,0.010351858530831091
ID_8E800D54C0,0.11164181067556107
ID_0A0CA4717C,0.023780737487967198
ID_85CFDA7D60,0.09758237967167127
ID_5F1E47FDC3,0.12639518699802524
ID_8C0601CBC0,0.06660700079463541
ID_471A5E3208,0.006469298214913888
ID_01F0F02827,0.002
ID_58C24A4C9E,0.005660392865174478
ID_4FA31191B4,0.6315256033736983
ID_D74B7B4D7A,0.030400408595448673
ID_BA50BD9527,0.11787737427562855
ID_14C1646B62,0.01935141242376405
ID_78CB5F1689,0.08989967951956634
ID_CB5F2E6336,0.22264251995915346
ID_845AA493F5,0.22200279196738
ID_93F2BBBBD8,0.008785104606088048
ID_F12154605E,0.011888055474917829
ID_B5C5492705,0.07744585853501804
ID_D6AFA2E4DD,0.43913634106264193
ID_CD0CD4271F,0.004257547206788787
ID_7C0F335B1C,0.03785639863621144
ID_56299369B5,0.002
ID_747ED25F7A,0.004918446245848115
ID_F3645B7E3D,0.002
ID_7B16B6B907,0.4686761925294307
ID_69083BBD51,0.09765295401863285
ID_8DAB37A1D3,0.01759156552524205
ID_CB88935F13,0.006734388947169943
ID_1F1AA7B3AB,0.03529346587952099
ID_86AF20E0EB,0.007195406927454167
ID_72940C4C25,0.2191631878663762
ID_A337BDC203,0.028273267057132952
ID_A829FCBFFD,0.04745611073260479
ID_24A43B7FB8,0.004974866136860324
ID_9D21672943,0.0022687240812888716
ID_DC6FDDA570,0.006719864424081438
ID_69C6005073,0.14833699627781652
ID_9708ACC4D8,0.09652836174419224
ID_F0599F1534,0.025953290138447056
ID_4A0CF9F7AC,0.04312410551196549
ID_44B343B466,0.013099023767473543
ID_2349472401,0.06673897925824551
ID_EA37073D5A,0.002697489598345498
ID_874F88AB44,0.002280712351660669
ID_8D9323D8A0,0.015539716226122397
ID_211C84C0D0,0.007376794326129939
ID_0CFD40EE32,0.008525479060750185
ID_B7F086C2A7,0.0076869251639127495
ID_48C6387527,0.007410539891958156
ID_D01BF796C0,0.5011301625946645
ID_0F76AF3E60,0.002
ID_142EB8DD23,0.08045663831653334
ID_FC210927EA,0.006367060645591351
ID_7EE3492FAF,0.6240499419308305
ID_BB1654FF35,0.007493072747160647
ID_0969117873,0.04919543602195522
ID_47C06789EB,0.003305599059221132
ID_ADBE26FE3C,0.04785573542191118
ID_43DB3CFCD6,0.1599250933344998
ID_E2C6EF6371,0.0444378478762948
ID_0F94F10F5B,0.002
ID_AA0827A0B1,0.3007373529907369
ID_8DE4C7F379,0.007038575927281657
ID_7FCC5028E5,0.002
ID_01F8566183,0.006220702291013708
ID_2200C90CA1,0.9544415611693774
ID_B0177037FD,0.004007560088017708
ID_962D34B3F3,0.057386628359863655
ID_93F2F04D59,0.002167495290968243
ID_DF694C0BBF,0.006652365835873895
ID_B077ED0AC2,0.013202106073790453
ID_41B9E42326,0.025103318462136263
ID_AB89E7FD4C,0.008135622727014765
ID_CCF0BC2440,0.07913600945924269
ID_948349206B,0.015838719904660327
ID_97C0B1317C,0.0026158890560310706
ID_3CDE4C9FD5,0.020355768978853578
ID_1C7073A3A0,0.31635378957569776
ID_49CD92D624,0.023409534660731608
ID_657B6EFD94,0.013060988615800542
ID_8406E7A5F9,0.011334315828561205
ID_F3B902AD02,0.8769724090864679
ID_6F14DDA7EC,0.1294579074988383
ID_E1101C7059,0.019746903458948778
ID_C5E6588407,0.007812584221918878
ID_0EFABEA4E8,0.002033561346724917
ID_0E9B74C815,0.2577082438580458
ID_69C6CAD27E,0.9972210569033497
ID_3FF343CF2D,0.41360412456790396
ID_783236EF05,0.2017725704649052
ID_BF54EEBD8D,0.003647160952968797
ID_8940D7C591,0.4002242783866247
ID_690F7EC42B,0.6592257631522241
ID_73AC125BA9,0.31166246945574305
ID_13C211FC5D,0.36426316145435594
ID_68C5727D2A,0.1021678724496642
ID_9C76A5A900,0.002
ID_11913D8118,0.01150572627439191
ID_F1949F1985,0.021091268428229417
ID_EC3057FF70,0.022859764717756862
ID_964D0E275C,0.04970972923679655
ID_3743BAA70A,0.6725498600655386
ID_7C9F2B96D4,0.2615018422450502
ID_2851E35C6F,0.016157242506081984
ID_9B3C561624,0.1980875084146597
ID_BD6F226C03,0.0036261336630853355
ID_E167E695E9,0.006837217001849065
ID_21E9699CC2,0.003526744215280187
ID_C92EDF50E1,0.08500867114984778
ID_F6A3A47DEB,0.06983526400052464
ID_3D7CEF350B,0.09135876116081706
ID_B7CEE38AC2,0.00640449717008408
ID_F4281B6182,0.07378188967089462
ID_B50BD3144B,0.053999602031262355
ID_100FA20E29,0.39874420174834224
ID_A85CFE89D8,0.006915034633487327
ID_E336C95C93,0.011250854208788437
ID_97E6495170,0.3853203599265873
ID_A1FC02BC7D,0.8722612331576384
ID_F56B0EE36D,0.3887027497392739
ID_F6419428C8,0.13779214027996542
ID_C367478237,0.019450794859876566
ID_DFAF14ED81,0.1828685084835748
ID_09335DD974,0.07935100805334534
ID_6CE1E191A2,0.2569853642958063
ID_07EDD281B0,0.0024236180855357363
ID_8D39EC19E7,0.06593423558700517
ID_F0D262B20F,0.06958714537716718
ID_FCF2CF7765,0.08108581454477186
ID_42A7AD6004,0.01203521454750915
ID_281137510A,0.003512209917517393
ID_628D357539,0.0020092611599353124
ID_DB4EB384D8,0.006810047742817678
ID_027F421CE9,0.1068633650558788
ID_AF1CC586F3,0.002
ID_83E646BBEE,0.2553274357741102
ID_19C23941A3,0.3360556098182649
ID_F5D10F2623,0.7847982309096948
ID_F4A59CB69F,0.04413733202807756
ID_CBDEB24A48,0.018799908066927166
ID_CCFB56A34B,0.002
ID_0349C77B47,0.06924209826699342
ID_AF462BC0F4,0.004868617530619802
ID_E049207A66,0.3007922984708133
ID_2FBAF47D50,0.015837916078709144
ID_4F8868810D,0.008211722146727685
ID_DDB29A7360,0.0029933087785491063
ID_B3234FB136,0.14273504491233113
ID_F926AD1CEC,0.5431924196172062
ID_315594D72A,0.011873303582878844
ID_2C3CFE510D,0.002
ID_305E2A1C5F,0.002
ID_83C4253723,0.7250341948969915
ID_22B769D5C8,0.06171237614679001
ID_4CC897661C,0.10078722321498534
ID_B468ABD053,0.04547426614334388
ID_5DA9E1299F,0.16698484844203848
ID_542A9C4404,0.026451774579479625
ID_CCFC609512,0.41257951772851936
ID_299D817FAD,0.09411029530758022
ID_E9DC219BB1,0.8672045323797937
ID_5D7B218A04,0.5207556835157191
ID_AFB3BDA4F0,0.002541810626764765
ID_81165E9B21,0.08552059490854436
ID_D9BBD3D667,0.04064792588290133
ID_B5140120BB,0.005920100975113896
ID_B3C13F230B,0.002
ID_E4A59B02C0,0.002
ID_0144DF36CD,0.5558358689920815
ID_744323C38F,0.0031745780094870214
ID_1BE850D95E,0.11596708122582512
ID_F389327D09,0.0245784025508555
ID_6AD4FF1156,0.002
ID_11CDA4FEB6,0.002
ID_69F834C0AD,0.08653142308402173
ID_EBF397CE3F,0.011694168402673597
ID_2FFC9914FC,0.24884882133292172
ID_24AD81AB9B,0.002
ID_F65759D21F,0.022681020227629446
ID_39D9833798,0.011943273372154966
ID_86BABFCE51,0.01303544901850444
ID_46666A1C21,0.020800937462805855
ID_011D84240A,0.007719526697747853
ID_404F10E272,0.01341290151423246
ID_A03F8B3F84,0.01126152504304133
ID_12E3864651,0.6406960809939389
ID_78709F4879,0.9774359305754757
ID_F58A547BA7,0.3814124912490703
ID_8AEA06FEB2,0.04910579996071551
ID_6E49F3554A,0.07557222551443134
ID_9CB2AC8E97,0.09655746353629795
ID_6E1CBB395F,0.19803225086127568
ID_64AEE91BA6,0.002
ID_B8569D37F8,0.0037209425841047785
ID_E787F03D49,0.34233160274307034
ID_76EAD846F5,0.024765210678994128
ID_4D1FFAC5BC,0.03743534742176264
ID_0F528745EA,0.03309605287377281
ID_5D2D4D40A1,0.016148747731105098
ID_700DE3903F,0.766274894269885
ID_1C1999D098,0.04860852768974959
ID_16AC98B42C,0.003828042085806675
ID_3F450C05B9,0.010724264940150819
ID_8D7FDA82D0,0.014658600858214754
ID_C7924BB005,0.2724173016813982
ID_A79F64D105,0.13722851321448584
ID_414C84D432,0.00784338795719533
ID_245D10D8FB,0.7313144974193369
ID_BD14829840,0.024846754625576815
ID_EEC0442A85,0.08361864694131457
ID_974B536695,0.7552484528054654
ID_8251A2FBD1,0.007845873798464555
ID_5187850258,0.0646933993656728
ID_9DC3A51290,0.6487645815540117
ID_10505D24BD,0.01929099476302154
ID_01E1CA217E,0.024871829923427846
ID_A1B532FFDD,0.005737689342303639
ID_707C29E5A1,0.12381246691980148
ID_87064E8635,0.2834046771542789
ID_9807C68093,0.002
ID_A660A74350,0.01682848484393096
ID_9993C46167,0.002
ID_2484D6D5F9,0.05134329311061899
ID_61AEADA728,0.23550912136503377
ID_05785467F4,0.003735081061203094
ID_26EB8CA2C8,0.2953640184337165
ID_7DA79CC46B,0.02259809367283757
ID_3D69E433F6,0.01703312947941334
ID_ED509775C5,0.004374654059436847
ID_FD9A4BDD47,0.0021816435655060873
ID_480F8B25AF,0.007495975074127572
ID_10C4C86524,0.519777036908007
ID_F8CCD11DB1,0.24139507770681157
ID_BFC9BDF7B0,0.060972905433899674
ID_D414FA01AA,0.014974349569665094
ID_1C6630B247,0.024899696226842603
ID_F2B7EC42ED,0.03854595047400618
ID_22FB83E786,0.0032711633164842976
ID_435F9C4144,0.008095795170318007
ID_BEE6C542BF,0.044737523717610875
ID_588C169A1B,0.004345439561722445
ID_F64237A40E,0.3676316320823666
ID_5481F4FEA9,0.004433414117130815
ID_C15FF67A40,0.09561700196157005
ID_1C76B8D67D,0.07157506259977507
ID_831B0FB9C8,0.017781895847936983
ID_1C91F86849,0.04992709882349107
ID_00C2875B3E,0.002
ID_D8748F35B9,0.002
ID_B457BE664E,0.021084821599845913
ID_575D8FDC9C,0.002053426890438018
ID_921EB13357,0.0030628434607633146
ID_3082B01B8A,0.002834396983656512
ID_E0EEC5770F,0.01007304324163459
ID_0F6F8774DE,0.3755564763201418
ID_4B5382A984,0.14276946835958418
ID_8139D4E0C2,0.0823376559673754
ID_A358A12838,0.6626855520882399
ID_ACA914EB9D,0.1905583705352964
ID_1EC16E944E,0.2863647789413791
ID_4C0D3F6DA0,0.632986651628253
ID_9D5874CCF6,0.002
ID_01571601E2,0.002
ID_248CAA5946,0.9018999432081791
ID_37DD1DE966,0.06376568809340832
ID_A8E2547B16,0.0029452750999029516
ID_787E6AB57A,0.006847539103962505
ID_D57F491D70,0.002
ID_AD30FCE8FC,0.007793457965167529
ID_A85252D85F,0.002
ID_8033DE568B,0.12435640370290518
ID_7B7D85F9EE,0.06691418195638732
ID_89DEFCEE70,0.003758396491847899
ID_8FFD287A5B,0.008082119689579255
ID_F2A0D4A2CE,0.47354706592067064
ID_B0A7AFE701,0.002
ID_C241ED2BE0,0.02503827450559218
ID_F9CC550D6B,0.04442378061292143
ID_115C36231B,0.002
ID_7830FBBF5C,0.006762123384231554
ID_DFF3D4CAF2,0.020862044970787426
ID_056FA96519,0.0048938410978328845
ID_F45E8846DF,0.005975755759629568
ID_567B85A6C1,0.8421395414004955
ID_CFB5CCBF19,0.14548745182136097
ID_4D53D84B78,0.047084635501556255
ID_82BC6CB789,0.3830908468218899
ID_8893037910,0.02108686393326048
ID_40D7B8709D,0.6484849852173653
ID_20AFC22675,0.00628243781473107
ID_580B6E4290,0.02339223653018637
ID_9A2B0CF979,0.0027500178833382797
ID_45F8B320E4,0.25668605828122104
ID_18191DDB03,0.002
ID_CCD8053286,0.35683613304497935
ID_D3CE9AE729,0.04202892211267231
ID_FDF79D5631,0.06901049209285513
ID_0D537814F8,0.007516525828726804
ID_90DAA97EDB,0.05082471295355414
ID_B61C4D2325,0.9016047638137626
ID_4EB2EB82C2,0.9758651252038278
ID_8C85DA5630,0.2879987143610667
ID_FF62A43096,0.06688876250342199
ID_B8DF7B906F,0.0022726094337749687
ID_E03C7AB6C1,0.8379897374418105
ID_9009108C3B,0.1992783729521264
ID_4B15B2E7B6,0.0065204843960282996
ID_99745D74E5,0.002
ID_D8102BBB35,0.002
ID_13AF1086C3,0.01852585518083573
ID_0EEDA0EAD0,0.00799332205865938
ID_73630033D0,0.059432374512004935
ID_14C98CE7B2,0.002
ID_16F8F4018B,0.005787710928801694
ID_322F0FFE5B,0.002
ID_5B0AC65DD3,0.01566914521391528
ID_0A116D1CEA,0.002
ID_37AD205E7B,0.010162678294688591
ID_059049F20E,0.016015369889066614
ID_8242BBF513,0.024983862239639488
ID_FAF7B055D1,0.011416045350934817
ID_1750403C3F,0.8235101817587575
ID_7AC5E4B872,0.3900128961375468
ID_C47959BEEB,0.013899906201895379
ID_107C36DE4E,0.048368034143722025
ID_913F80B405,0.3105233887466919
ID_E0C6FE033A,0.05889828523750548
ID_F5B46C6901,0.005137718826875623
ID_11392CDC0C,0.07229513666884309
ID_AD7ED1FD58,0.011697689755340784
ID_08C62AF61A,0.008437392864511844
ID_3DBF8843D9,0.002
ID_83EDF4009C,0.007705862089824561
ID_58C5926057,0.012170881049478617
ID_1BF5FA53A3,0.015133143549865308
ID_417A2067FF,0.4155115211533514
ID_EE27439595,0.011352346078916978
ID_364A890066,0.021527363271904573
ID_2BB6D581F7,0.0349092935650197
ID_CA5A15A3DE,0.2709749376368564
ID_9BB53EB19E,0.10640667464045714
ID_C4C8A3B2C3,0.002
ID_FD0950ED40,0.006752220118599804
ID_5366624C2E,0.19339575399640724
ID_64AFA35485,0.9401872523638066
ID_BD81F94E69,0.02209429858524622
ID_6763658CE1,0.006697089945285992
ID_8734B22A2A,0.027426415603726533
ID_CEE0855231,0.3895954976649624
ID_1E638EE508,0.5036628065468244
ID_42D244EC92,0.017784924454619978
ID_7A50092246,0.13147848827875055
ID_002990B9AA,0.7915515820639396
ID_DFA402F6B7,0.022318383522542683
ID_B343B6E188,0.013532542707227459
ID_8B448AEC3C,0.5220621789032287
ID_112E97D07D,0.05356563778554045
ID_F17A1AD7AE,0.04286169304332225
ID_39B750EBCC,0.2558526922574854
ID_DEAA234382,0.002
ID_1FFCA1F85A,0.06639027273523515
ID_7DC9A9E31A,0.002
ID_C6288B1CA6,0.023157015487067528
ID_791168E213,0.14669992562239684
ID_BA4764BC5E,0.009313056514668287
ID_ADF4723643,0.003424399946838137
ID_DBFC0707DB,0.002938496310198339
ID_2FB4540DF5,0.02522660250847186
ID_94C23D2336,0.08993982323377177
ID_EFC6E89148,0.01593479846939654
ID_A9BF1BE992,0.32204517662577475
ID_95473D1E89,0.013641265087329173
ID_B97C09567B,0.8903562304879976
ID_9CDEF1F3D8,0.006307800407639448
ID_A77431AA34,0.02278508431263716
ID_1731697B16,0.06270764128669855
ID_4CCCCBC291,0.012387942316738646
ID_206808E63B,0.010714191587032044
ID_5523A71195,0.3804157067412484
ID_DA6B65964D,0.03465227293089832
ID_C4FA717E5B,0.002
ID_DA172D6F7B,0.023970494253874288
ID_62B830C6E5,0.017602199060975487
ID_ED7F148727,0.031655153521818614
ID_A83E95F18A,0.06358698954103016
ID_D9888578F0,0.11589517627000197
ID_57DA8DC908,0.874980388134596
ID_EDD3BE0D97,0.06997706855177187
ID_4B72A46FB6,0.036750426302647354
ID_D843514F5D,0.7636140706464166
ID_5520F383FA,0.05274101978993751
ID_1FB11F4858,0.5661279543408092
ID_96AC76FFED,0.9980809948553809
ID_C92C1F76D3,0.01839717463701811
ID_DEFD059502,0.9933415931161349
ID_A77D9D6376,0.6686212425514074
ID_55E23E9D8B,0.002
ID_045B38A1F6,0.04714632906153291
ID_7111F43AA0,0.03230785646865813
ID_4A74FDA3C6,0.016253349711059673
ID_91CDE2C31C,0.002
ID_4A3DF84D3A,0.22083521922069146
ID_FC0A26D6CB,0.01093089208046189
ID_388B0A5076,0.0055484713291698
ID_01D3874808,0.04849699895078593
ID_C89C61C4E9,0.002
ID_AD79FCCF37,0.002
ID_728FE4D1A8,0.005790379054209876
ID_D3276FF8E9,0.5739670679874881
ID_7539B6A48B,0.011000007717094548
ID_9043B96593,0.0054114978001808724
ID_D209E841E4,0.2173968233535165
ID_734D5DE465,0.7871290185602997
ID_D477923C0A,0.6700793180083143
ID_C6538AC585,0.012647223595645154
ID_1BFE28206C,0.05739666489101156
ID_DBEAF447E1,0.007152436906961511
ID_89BAF307C6,0.01529020060788386
ID_F23283AB61,0.026444158663748833
ID_B1DEA4B627,0.004386222771232809
ID_1B3D760C11,0.29533229179561843
ID_598D622AE5,0.9504445034717213
ID_3CB7486B31,0.7608438842705363
ID_4C781F69D1,0.5403885597723057
ID_1D6CB980F3,0.003390263041529501
ID_64D740E44D,0.002
ID_58663B96D4,0.002946901637739742
ID_2602F14A8E,0.002
ID_EB7706DA92,0.24976549903590295
ID_2FF4A797D7,0.2480990572454943
ID_F3C379BE76,0.794799298611901
ID_92CE4ED92E,0.1659240127911506
ID_2EC9309533,0.015682461361107153
ID_8E1D55601B,0.20135913707431471
ID_BFFBF62066,0.0638715737339578
ID_F9975F9CB5,0.17148945299050172
ID_D06A2B5B05,0.9967236630632393
ID_731AD6BC40,0.8808204107904618
ID_E1605A8347,0.08736014895387022
ID_7D4799C816,0.0055243022104783275
ID_172646114A,0.02513290493376257
ID_BED03C3678,0.2129592605679744
ID_663E4051C8,0.13304614012200403
ID_B94DFC637E,0.23443478986402705
ID_9DCBD029A9,0.12351906849071011
ID_3AA7C8A83F,0.00503622007473077
ID_44E0A5FAFC,0.4974521582517066
ID_276C31ED74,0.2238950229919259
ID_A8B53BE330,0.008748979243902827
ID_FC3B0E5B68,0.14176994345284874
ID_F8D116FCC5,0.07564025466493808
ID_9CD77F4FC2,0.02397739810592473
ID_EBF7011697,0.23248186678856952
ID_9D5AF24A3F,0.02037349394459795
ID_F9AE4E8106,0.021839797165297985
ID_EB822E4C05,0.9474179812195871
ID_F704887820,0.9968554910350653
ID_E0CE089C96,0.010608843867021966
ID_C6458F37F5,0.9913875390087662
ID_230877E063,0.002
ID_5D5ABAD2CE,0.663673981353282
ID_9F0E2A12EE,0.002
ID_18518C22FE,0.002385321487465107
ID_9B7125CD5D,0.024020995256747685
ID_04989FB947,0.002
ID_C4A85545B0,0.08770376045797834
ID_A300D4BFB9,0.002
ID_140C60EC60,0.2042241396448441
ID_9DF4B3D176,0.060208422058354416
ID_68DB06EA31,0.007039962362381823
ID_80D685BEE9,0.13846284542034554
ID_3DC1DDCBBC,0.19507082275347812
ID_E1DDF6F997,0.002
ID_0A8B4367EC,0.022132818379753505
ID_7DE1D3429C,0.056321828974082284
ID_17BFCB356E,0.034290526565138264
ID_9C84C4FBBC,0.9420216267736216
ID_EC5E6F1771,0.9971640652529657
ID_CD7118FA2C,0.006723741418500088
ID_8E7F377EA7,0.015236092344148425
ID_0243D481D8,0.0021746890175276157
ID_FAAF5A6310,0.02203451484733184
ID_548D9DC7FC,0.027290754973111224
ID_52BFCA87EB,0.002003240261175257
ID_C93BA159C8,0.3550971701447861
ID_9F81A41624,0.011009772102161234
ID_649A7CA930,0.002
ID_3D1D916687,0.33758639598074713
ID_ECC5F69009,0.1165831660473279
ID_A993DBEC0D,0.004927296475420084
ID_130EDEA15E,0.0037110592239663017
ID_890184F33C,0.01654612506992134
ID_10569810AD,0.0037131503688281166
ID_5C7D666531,0.006492277200298518
ID_3E37B5D9EB,0.22490614271541728
ID_D18B8899E0,0.007184316869017268
ID_34E1B4DAA4,0.06170101777649006
ID_001CE61828,0.7850659724895109
ID_FA72B940AC,0.10333394536498036
ID_657AAD0D07,0.0215180862516449
ID_A2FCD41390,0.0024026648282768626
ID_A79821BF1D,0.07931460959553449
ID_9418F7CB22,0.9772464573008413
ID_F9029C8287,0.12096332751508206
ID_DC14DD9773,0.04711029785592091
ID_C66ED47464,0.0029828246279412166
ID_D8A602CF95,0.41698126700684246
ID_37924705FC,0.39626789086756464
ID_BBCE51EE2C,0.3159551074393316
ID_2D6F03D8AB,0.022933426014162796
ID_15D1CF2EDD,0.012715993247043155
ID_D6A9CD1FE0,0.747538041316073
ID_54F572F2F0,0.008249764283628237
ID_C485846C48,0.7078046165721527
ID_D1B99D950B,0.013178374128016956
ID_FCA997FDA5,0.14965103234206456
ID_C1A78B01F8,0.026038449451103316
ID_34C8438104,0.7920989210320821
ID_A2021A6F9C,0.26129798186456393
ID_698CB94B1B,0.005847570067717524
ID_789D4BAC19,0.08979087954551947
ID_C42CF4259E,0.5885665578979412
ID_4E4D0E1D86,0.1483023775229333
ID_A5008D7147,0.4399233190623617
ID_4308B939F1,0.23058833850119434
ID_42AAB24060,0.015903738377203727
ID_6302523743,0.002
ID_FD0447F8B3,0.1378228649871795
ID_9A297CFAA6,0.045331007270525255
ID_FC6627AA31,0.4135544446573572
ID_1EB801FEBF,0.14702077170806727
ID_C2AA035E7E,0.008395396520128788
ID_DF0D720788,0.5297284784359647
ID_43D665F710,0.020277844311628157
ID_5AF165BBB2,0.2691264591003795
ID_20E9DD2D2A,0.15793091839383566
ID_82932AE984,0.002
ID_3D8C480820,0.13575616766279897
ID_DF86894C99,0.04859338957117692
ID_822D19C901,0.06783529259459332
ID_87D5151A03,0.012781554540749827
ID_6A0392900B,0.8401098920151638
ID_DD862F5834,0.02179544603512136
ID_2FD2F55E11,0.011600125068737714
ID_882B21351C,0.005991899330606116
ID_D48373CFBB,0.014350602481100982
ID_D37B34A8EE,0.09356001395603956
ID_2586AF602A,0.058232813294682655
ID_DB05E5C6F2,0.002
ID_A34A804191,0.7747789492927215
ID_8E80D514C9,0.004571563268277573
ID_E7766E76C1,0.14806628920293233
ID_EEDA6DAC58,0.09956453500351736
ID_8B3A3B3335,0.002
ID_86CCBFD7AB,0.0061996998706072256
ID_52BD2AC565,0.018689097290100643
ID_7D54F80A84,0.00634356682471633
ID_BCA8FD6F30,0.004850142349092832
ID_520099D5FA,0.06587855849523273
ID_B1D3EA90B8,0.04292411857859331
ID_8AC424CF7B,0.002104977188111065
ID_69F60BEA23,0.008310607700559629
ID_EB2C36739A,0.007944808384620932
ID_F2023F06C9,0.44683205853578095
ID_749DD701DD,0.10916290069109685
ID_5F9E2A8559,0.5360271387147503
ID_7AA0E22A2C,0.07893390590304507
ID_B7FAF44883,0.041167830625308294
ID_AB6C21DFD0,0.8034712396983533
ID_5F1307059E,0.21809992909590825
ID_6A665CD909,0.002
ID_48D23F5293,0.12008744532759887
ID_3333FBFAAD,0.06551766086651467
ID_98E010BD10,0.17850853730467225
ID_166E11A6E3,0.019040924094110245
ID_90CE431202,0.08681247179128498
ID_05130DA1FC,0.4810319205045471
ID_5B231ABC4A,0.011755268650392071
ID_BEAF31B5AC,0.11492594171160342
ID_C82DCBB48F,0.06256080372267903
ID_0D1B8326EF,0.12007958730446171
ID_6DFE82B702,0.9771939079331543
ID_88E478A4E1,0.0065338144986463575
ID_016C5AC11B,0.17104814460504528
ID_7AAA7EE74B,0.51194788964183
ID_6F84F66521,0.2238860739006363
ID_D996CC5C8B,0.9920817710576778
ID_074B8668F6,0.42900147382321474
ID_1DBEFEBA76,0.0021431780896484483
ID_E93704F312,0.14659567651774713
ID_5384CB2402,0.007171513439253841
ID_17CCFF5AAF,0.07300296088068471
ID_7A35F1AE92,0.004897627372202938
ID_6736E4C9F2,0.002
ID_0E1ADF31D4,0.3948563492203331
ID_B8D786FA8C,0.0027777545837119645
ID_EB0089A8DE,0.007327827651873522
ID_7EC54BAB82,0.002
ID_B4B029A3EB,0.013974197735490997
ID_B9CB2D37E1,0.002
ID_D2547F55CF,0.043335532828480704
ID_9BA903020B,0.002
ID_A1032370AF,0.0760797070823115
ID_F82116E0F3,0.008624771636188968
ID_006B1CEA96,0.01755730877979486
ID_36B4EAC24E,0.0688858632879644
ID_6058509C59,0.17901245129759
ID_F99AA4756B,0.019142810602272187
ID_3D23856DCC,0.01646931409207211
ID_D1DEE9C0E5,0.053368969461798324
ID_7F745C801C,0.29733738596020115
ID_09716C1483,0.029656980787235665
ID_7AC4F3C437,0.06860653435261854
ID_4979EC57DB,0.3416867243768065
ID_0DF1279638,0.17348250308563212
ID_253558B629,0.008544931947189026
ID_7896C7FE26,0.002
ID_B789F0CC6C,0.0027015046185330893
ID_B4ADF9AF32,0.01221594701055843
ID_8DF75AF42B,0.41039392254521784
ID_70CFCA3E1A,0.003467480751906437
ID_A84FFA9887,0.07195893188038555
ID_DAA715A6EA,0.02748563633878483
ID_DC5D3CD877,0.01175315059818958
ID_BA12687582,0.026484429865387918
ID_B67697DA72,0.002
ID_E9DA5627EB,0.05470867779129763
ID_93B2FC9697,0.10402061523986499
ID_A398032B4A,0.009043307409478807
ID_ACBA8F29E1,0.9667958467504948
ID_59C832A7E0,0.02434689627446533
ID_12EF715B2B,0.0033197749404596565
ID_996642D530,0.5672380704043684
ID_03E4C03BE7,0.011931547276211235
ID_00ED193FF0,0.04290146970759646
ID_BBFEA15881,0.006285014032247367
ID_05B9E48432,0.02215606571391807
ID_B0EAEBCF17,0.00708170456193473
ID_999A75463A,0.016709920814807044
ID_6EEB13AED0,0.021743012911245835
ID_59E937E1E6,0.2937117949043259
ID_584D23CDBB,0.042409761638397846
ID_7B43E29BC4,0.12063842877553958
ID_67FA22C800,0.21367493329003243
ID_22669BB3FF,0.01777669138685975
ID_A832C3E830,0.10321610034287663
ID_4F094342E3,0.006685672130262521
ID_C5036E5430,0.012067750978736252
ID_017C195DA6,0.08954022011005555
ID_097B602CDC,0.07305709011924005
ID_565CF50F4A,0.01858502151095716
ID_886390D550,0.5692425582521429
ID_F103C9C255,0.013998217485352049
ID_9EB6906993,0.2762424703915234
ID_B6B780172D,0.007789802167636071
ID_2C80476F90,0.2718502576276896
ID_1DBEE73F5E,0.00763614298498813
ID_A5C3229081,0.020457683801035343
ID_35AAD87C04,0.005781760512676384
ID_7DA4BEA794,0.023529697930104187
ID_CBC67381A4,0.011526441047588796
ID_B7161152D7,0.006231941439326011
ID_6B8C0BF341,0.010753776364677569
ID_E3F0280DA0,0.01743692970191331
ID_A0DEA897CF,0.4998001292781024
ID_D561498DEF,0.011783783143670843
ID_13CF506622,0.007507127700023755
ID_B026F830BB,0.07132892275901308
ID_C9FE16AC15,0.08283982822299527
ID_36AB302401,0.0024270339798905865
ID_5610292821,0.029022820566657673
ID_3BD1241A8B,0.3895164078260524
ID_300FE8B5EA,0.002
ID_9A9F684D7E,0.3629301274078361
ID_FE716F1F14,0.368765195680174
ID_F1C50A50B2,0.0277771387846577
ID_CDBA2F9976,0.29800705771289954
ID_BBA94DA18B,0.9207290185990279
ID_5C7A9F8E87,0.0027680619677588362
ID_87C2404BFD,0.9852260006052116
ID_1C1DD78284,0.004945298331510729
ID_4127C59AA2,0.07143559710573534
ID_F323B15B25,0.014183493935719452
ID_FF4D2F00BD,0.026023430546703735
ID_BD4F84CD94,0.005046850816263041
ID_0783E5C059,0.012109492989680929
ID_636B31C5A9,0.06784507515593459
ID_57E22832D2,0.002108138792091552
ID_59C37F8D6C,0.3614426926518714
ID_6B2AEDBB8A,0.09780932103238744
ID_55FE2EF90A,0.017973136465850727
ID_1800613985,0.002
ID_A2F5693BF3,0.012227030029773498
ID_DC80D926D4,0.14522131697844842
ID_B958905E08,0.0026387682599916776
ID_A8C3093B1B,0.011324004394222086
ID_C11F560792,0.010822136039739319
ID_9CB42718F1,0.21703449449923354
ID_7002F1BF4C,0.04161926252590074
ID_4C1F4EDE3C,0.018618750920921728
ID_68DA32959E,0.005379248446586211
ID_FFCCD74E58,0.29760810910876834
ID_579119E376,0.011959019019479548
ID_07789EB071,0.5236886030025875
ID_7466A7D13D,0.07773666050788712
ID_5FC003202F,0.023851455258206297
ID_1D0F0746CC,0.002
ID_4CF857B85B,0.036325429786946965
ID_51B0AC2B71,0.6766615775602143
ID_08C54A446A,0.08713655651089004
ID_0F661C6377,0.05123469230232898
ID_9C3A8A79AB,0.005283000819463515
ID_D3F5B10B1E,0.002
ID_EAEF0A4A2B,0.23977080406418136
ID_A341071171,0.012963205587339079
ID_F105FF83C8,0.005998177512543661
ID_C205A958B4,0.002267412066729092
ID_A49FEDFF7D,0.08537521435597731
ID_12670E5723,0.002057989565635836
ID_8B112F051B,0.013247225583672308
ID_0EED6DD199,0.6882296729370684
ID_5FE45BCF86,0.13349691021693766
ID_BDBC317345,0.005897327639603627
ID_0D4054093F,0.4988036627532732
ID_BBE86CF65F,0.7273473862469223
ID_9EF2DEAE68,0.6639791590808689
ID_AF19A67E27,0.006068377941496291
ID_17D7CDC1A7,0.0026626950146499666
ID_60BC63AFC8,0.09978818155421881
ID_E0CE430CD1,0.0036566644488368093
ID_85445D6240,0.16526706965511875
ID_82D247A960,0.028445905684362515
ID_9E324B9577,0.026917067007839506
ID_EE61DDFB83,0.19135602284402936
ID_A1BBA494E7,0.007645706643167268
ID_BED3B66E1E,0.002
ID_0DC86231CD,0.012074014364463223
ID_B9188C4979,0.002
ID_F5A2BF10A2,0.7186815860295447
ID_549A5BD8A5,0.0034487650295818304
ID_525E2EB168,0.013819598560904547
ID_B88116BB77,0.052113984150386324
ID_9B6A5896D0,0.028274019292064155
ID_213B5D3D7E,0.010225964005609402
ID_DF05155695,0.13933158357754197
ID_288EA0731A,0.29429679492633815
ID_97019876C4,0.4187395121974021
ID_71808A44B7,0.0074314785583347006
ID_BAD999436D,0.08637206795175822
ID_2F5B50EE7D,0.016995332027736062
ID_6B665D3D3A,0.01713555788622868
ID_D44CD8503A,0.1998021046688598
ID_F4C2D20062,0.0787194301643606
ID_CD7C68FD39,0.021911544166861783
ID_6570C7EE1F,0.44778418549452687
ID_BC14A58BAF,0.27293692537834285
ID_86AEC67634,0.011531264782927002
ID_1E4B7AA2BA,0.03037355071291083
ID_C7E1316052,0.014840342491370928
ID_5F3D21C53E,0.17688771359168454
ID_D6BEF2E211,0.003036597240158562
ID_D4A441A99E,0.07549722473995651
ID_71DBCE677D,0.27759512709497974
ID_34B27A2EDC,0.05478630792091714
ID_E2BB745622,0.017810874910155695
ID_AC9FE3A955,0.004140339700022884
ID_05E42DAB6E,0.05220355366490415
ID_3C23CA2FCA,0.012367034425488527
ID_D94EB4F012,0.0033479820926495887
ID_3416AAAF44,0.03782639592257292
ID_F0EF5E5955,0.023279724128552372
ID_7EF60D6CAA,0.5871761694863676
ID_4E63FD1EDA,0.06548792803634029
ID_A17EA9F59E,0.049282889276797665
ID_DF7436CB68,0.02058274832259145
ID_0ADC2A84BD,0.465019657505399
ID_35FD91FB85,0.040887209586582526
ID_DA5CCE7406,0.006202468103867495
ID_81BEBAD381,0.002
ID_4CF9B3CB70,0.6695037686221573
ID_C7407A1EE2,0.002
ID_6FCFD22380,0.011191941009208254
ID_EC43138F63,0.7498145351189606
ID_0E3D3F0768,0.09571222190977866
ID_CE5577B32F,0.1070766010997607
ID_1BEE26647E,0.09052808348030267
ID_D0D70C80BA,0.17317833415262043
ID_F781F6B94C,0.4114894892962929
ID_7F322FAE00,0.010627865597353401
ID_805CB3DB2C,0.07557357780492628
ID_395516A22C,0.007617341399837109
ID_8D15F6914B,0.321972098021047
ID_ADEAEF4F5C,0.4520183141385927
ID_466CE21902,0.828520300805034
ID_FBDCFB764F,0.15882633728776205
ID_B9FD9126F7,0.0021483992351279246
ID_DA0407A7E8,0.012224660074018111
ID_3F8DCE5D78,0.7869818162019586
ID_5C2DD25C36,0.006095472462999868
ID_AC83193DEC,0.0046404536800008
ID_CE71A91D76,0.09529323328325924
ID_5989C10FDA,0.028752046513295697
ID_51404D1293,0.13547453413266192
ID_044D9A4065,0.019197851052802334
ID_847B4C93F3,0.011407858591404182
ID_30563376E5,0.014781235440122638
ID_1C4DA44A14,0.012168424029081661
ID_85FEEB6070,0.020536507888472295
ID_76554F67E4,0.39687730692161455
ID_B0D937E729,0.032700912211686986
ID_06C19D94B3,0.12387220643188977
ID_870D08ED0C,0.013529297243507609
ID_5BEA42DC62,0.2475441484458456
ID_E18D2CAACB,0.2193041621227687
ID_672BAE9ED0,0.023104276894021548
ID_C109CB8474,0.002
ID_25B094944A,0.00360933541423489
ID_92FD2BC0BA,0.14309317275290537
ID_15A624744F,0.013600111774456832
ID_234A306FA3,0.006637004632403998
ID_CB17DDC9FC,0.015641399024879005
ID_BF28A50B36,0.047350954372133706
ID_02144F6B0C,0.15822787682112024
ID_D05B7A90C1,0.02008182073869859
ID_606A4EBB5F,0.039257571719331225
ID_4EDC4A47F6,0.5893877590296266
ID_AA99C957B4,0.9903414688040496
ID_663B6503D1,0.002
ID_E8EA3CF7A7,0.0035406398649899693
ID_FB0A23041E,0.002
ID_C11B0A88E0,0.016539854170417385
ID_07291F1D80,0.1603589913250134
ID_FB819A9A91,0.018501977432390557
ID_3756F0579C,0.12004838972956176
ID_356BAD2452,0.007844346917359852
ID_450C72C18E,0.14209327010663148
ID_C0F782E311,0.045441319096777955
ID_1A36FF4CC8,0.09083434214611819
ID_B1C06A033A,0.08963502851535285
ID_E5CE9F49B0,0.021595509355113267
ID_43B431BA24,0.002442454864529717
ID_2FC59013CD,0.002
ID_B32FE7A416,0.09753179516336674
ID_84869A885C,0.002
ID_94D62E2D0E,0.0062341673453287175
ID_65B79CD43E,0.008958349674571826
ID_E3D95B381E,0.013291468743363368
ID_67F381161F,0.00993954563978061
ID_00C74170A1,0.03679726040834948
ID_2169ED29E3,0.5053047565737772
ID_9DA35B0921,0.1602959092362125
ID_FF3EED925D,0.16980294270865307
ID_FE5EAC23BE,0.004539712114045406
ID_2F86C388A5,0.017183649187827787
ID_AC69C4B7C3,0.37861092253404416
ID_ED80316F65,0.05878325390908486
ID_CB43D900E0,0.055837748159446844
ID_858E4FBB70,0.006794234436909321
ID_A674A37949,0.014574024386563562
ID_BD0A443225,0.3388264824633942
ID_D91E5BA7E4,0.007299266421671121
ID_B57A76B5A8,0.15082282697732358
ID_0F49CBABEE,0.006273274315821104
ID_09FFFF54B4,0.16759448842708416
ID_41BBECE595,0.31421330176272017
ID_89A010B678,0.04734567629127069
ID_DE6824C164,0.015184553374118488
ID_F871EC2766,0.006701405530766578
ID_D2D3BD66E6,0.006307877420995781
ID_7473570D76,0.004457182034949082
ID_E3C2CAA1BF,0.22757114913562804
ID_396B4D2C41,0.013797028845289501
ID_DDC6B1FA51,0.002
ID_F236257B42,0.4248454864635213
ID_450934ED84,0.21608233350749978
ID_061544CDAC,0.004126899016308625
ID_257565B77F,0.5278245743255956
ID_B66A9BA49E,0.002237416902500563
ID_451ACD2BB3,0.0985725972414229
ID_4E46CE57AC,0.009916386813487967
ID_3C184284AC,0.0029814990582511004
ID_2E9B16AF01,0.2783399228110264
ID_30C47AA997,0.30292924120575215
ID_33040BBEDF,0.002
ID_0F19D82507,0.00655686657584533
ID_D68141C640,0.024345272674873134
ID_C389563559,0.09052880487037634
ID_940B3A3C9C,0.23032868796689102
ID_F5E1218894,0.014180016793480802
ID_F4E0FE38F0,0.05376592181200793
ID_43C903B823,0.007939911230988873
ID_609DC60B2C,0.007294655261758984
ID_A7962165AF,0.00588854505558258
ID_5B9EA9880F,0.0028292958810445853
ID_17DACAFA9C,0.013275468487046692
ID_9B850C71C1,0.002
ID_9BDE18EAC9,0.06642813916701003
ID_0614A27DEB,0.01086148676581265
ID_EC6C9BAAFC,0.11074578976404553
ID_71F064DEF8,0.04458298721478834
ID_33A326DDB8,0.0786210589636224
ID_709D14BA04,0.012750004205214263
ID_573BA2F224,0.002
ID_BCAB60275D,0.01960961488198147
ID_74E22F559A,0.004645982387669322
ID_367270DEF4,0.002
ID_25E4663A21,0.023746188927068982
ID_05ADE914FB,0.002
ID_46C1A92693,0.002
ID_6B4340460C,0.021027845624668435
ID_DD84FFC379,0.40317568125210157
ID_1CAA9FC539,0.010285184700779234
ID_517DB005D7,0.07264812946069528
ID_4247EF70F4,0.006774064931269173
ID_6CB15FB64F,0.11999689056414
ID_3DFE7E7FDF,0.0743054748592303
ID_9B2A41C2D1,0.002
ID_5F969047D8,0.8882533699171347
ID_A0785EDE91,0.01497523173264389
ID_D4E2A174CC,0.0022747788269504533
ID_07ACE64392,0.023450556283141914
ID_3CF98B7E6B,0.9960601401278536
ID_1A4283D6BD,0.0035402268081409036
ID_DD8A56EDBD,0.04494506030889961
ID_1E788CF8BC,0.008980264915673246
ID_43FBF36101,0.002
ID_4A0D96941A,0.012061678483918637
ID_C3D94C044A,0.011553378685394784
ID_3A5E4F03C5,0.06120640493804952
ID_2981E289D3,0.02657153997786892
ID_5CEA661C68,0.11775602515920529
ID_5783A9A9FC,0.03862584009091341
ID_FC36204E65,0.002
ID_73CCD5B124,0.028643541038859462
ID_F924879BC8,0.21022993122770553
ID_D53192B310,0.03489313289354546
ID_B5F1956E3A,0.22551551421029792
ID_80F2BFA01C,0.011193173285172404
ID_859ED07935,0.24571525235154332
ID_6668FB1D65,0.4371888331800236
ID_A79CE9B59E,0.30915296632551936
ID_B3AF61526D,0.007904691535286959
ID_8DE749A928,0.0032532691503213817
ID_10082BC986,0.0037244102564444304
ID_0058F05B71,0.012978797195533591
ID_2EB1DE307D,0.7743485594803875
ID_472662D4D3,0.0023019340446858716
ID_4BA7ECAF5C,0.0032765983879461474
ID_CC823ECC5A,0.002
ID_36414FCE75,0.013062347720222916
ID_64632C17C7,0.17061609755130275
ID_96421A53F3,0.9908924309346441
ID_E9799CDB40,0.0755941604586157
ID_6CBC1BFD49,0.04456633648447742
ID_6DC83BEA2A,0.002
ID_83F42D1050,0.006658202905606102
ID_47AD25E7CC,0.002
ID_F64AE84FFF,0.006233052175807472
ID_68EFEC6925,0.06401931345075512
ID_86B23E0AFA,0.07222433266693894
ID_77E0A74066,0.9281047190642319
ID_CB9F190F59,0.6896938201488575
ID_19CEF26B83,0.03757429509414479
ID_2A17942003,0.0061668063287005125
ID_A5EE5379BC,0.07367331369798116
ID_0D7294A326,0.45365649165752264
ID_2778ADD2D2,0.0319582215890128
ID_FB4285998A,0.04909194868366176
ID_BC12FC21B0,0.4463623544855814
ID_9D98315E98,0.43718072626790755
ID_44467A0A7E,0.021148972230084752
ID_DDA4B5BA8E,0.01589461221182395
ID_A26CD8C7FA,0.43726327517970043
ID_0B62DCF993,0.033346639769611594
ID_DAA42452B3,0.013032556917210641
ID_8820776B99,0.6959707397531621
ID_51DC90A614,0.02409506560773453
ID_1498F68E8E,0.002
ID_BBF098390F,0.005117669180482303
ID_562B86C625,0.0069884053791774165
ID_09F4730E20,0.00477291989766466
ID_77C53D824C,0.14578007210257724
ID_6CA396D595,0.02067369678289678
ID_C5FAE6407B,0.023488218861990155
ID_1B4187A044,0.35759468306157643
ID_D2188904A0,0.0023592301323002466
ID_18973E5589,0.07171929188254658
ID_39EE5C156D,0.03423247902647884
ID_5B985F21D5,0.01392421942800082
ID_3A28AC67E5,0.08747526442210474
ID_C1B4D57781,0.04233308671288127
ID_27AD82237B,0.09071902663436937
ID_866B146470,0.0021449026909045425
ID_583F74E68C,0.2589684118827435
ID_2DBBAEABAA,0.002
ID_53C067D43A,0.011843235641360597
ID_96019ADE8E,0.09072070353003304
ID_B2D216DBAE,0.5894630160175467
ID_5419BE432F,0.26330095133841874
ID_A2DDD5FA9E,0.11874980746073106
ID_968A7003F4,0.4421389425717012
ID_29E9284FC7,0.002
ID_35AE4F9FA2,0.002
ID_42E4323021,0.002229560694691198
ID_C8663F8035,0.10708696040964069
ID_DA6AC977C5,0.011546448691683394
ID_07A138C767,0.01233494509876228
ID_CBB4CDCB81,0.022304840684620294
ID_73ACB63C24,0.01626980093124494
ID_760F966790,0.023925959497527596
ID_1F718E2EF1,0.012238442960315229
ID_C7C614B3D2,0.3530263804207746
ID_166664906C,0.007007725996842303
ID_2D87D99F59,0.2498605498960094
ID_A53D8D62F8,0.026906150327523297
ID_01A6E9A58F,0.15355976317641576
ID_FAE1E09303,0.005990005675919322
ID_64447A9F4D,0.12792544087775617
ID_CB0E7AE38F,0.26515514947097013
ID_73D727D4B0,0.002
ID_E52699C3CE,0.07659147277185689
ID_FE42A657C1,0.03655234367812762
ID_EC12481B49,0.002
ID_27AA7BB92B,0.012003894197935223
ID_BD3E2EC304,0.07492520234388214
ID_CEA2771E62,0.0077622427581207605
ID_7896BBCC82,0.0215733780218684
ID_71FFEE10FC,0.744025295392938
ID_344CB9C282,0.002
ID_36C3FF77B2,0.02347902713959673
ID_9AE4BBCC15,0.02119643388033642
ID_CDF23163FF,0.002754592266633338
ID_7C59A23B29,0.5306859467015804
ID_399FB92F1B,0.002
ID_C522D4CFC1,0.008785460955492612
ID_8435B0ACE4,0.33648723536391656
ID_A294AAF9B4,0.08627140182213285
ID_1764ECB9B3,0.042378415056710805
ID_7CC1156FC4,0.023400112829455613
ID_BD743C1C8A,0.004661669326389965
ID_F48E81313A,0.18744555454624587
ID_FBDA2D4533,0.29883036723727185
ID_D71AC4D0F3,0.0022689672830533045
ID_F3E2AD1E90,0.006929408394060211
ID_36F77A66D8,0.6329961032485174
ID_D7F13884A3,0.002
ID_43024EC445,0.0955955057573425
ID_E30F80284C,0.6629605574797133
ID_E478A06FBE,0.018402062061525174
ID_C49676F7E1,0.0081164235227536
ID_117F8F5DFD,0.29972518861024655
ID_89075EE910,0.017672524493858786
ID_4FC6DBA5B0,0.008105545194698532
ID_9A9C2CDFED,0.021475765970082803
ID_76F73FB3B8,0.006349716735337329
ID_450B1F647F,0.002
ID_2045778C01,0.002
ID_09A84393AC,0.19911803976889503
ID_CEBEBD2FCF,0.007348993697199791
ID_4B42C85ABD,0.011716355700083357
ID_A6524A6335,0.02162200844023993
ID_E987E36B6D,0.002
ID_1D4613C8C1,0.01903131923268162
ID_4D9558CF62,0.021860619570982506
ID_4FCD51F031,0.0057833934553960424
ID_EE115F200A,0.007893978584679669
ID_D4AF20D15C,0.013186558275207988
ID_AC07351E73,0.011800946111232107
ID_54505E341E,0.29086762934458626
ID_DDF7463365,0.01163974139910453
ID_64272EC233,0.017199176781421084
ID_8A9A5D93EB,0.25896854802526925
ID_C08A19DC39,0.03437890405136453
ID_4B4EC55895,0.002
ID_99C1E4F5A5,0.049216512586327074
ID_EDBF4066DB,0.06802749706015605
ID_05CA426D99,0.07021571178035516
ID_7D882E0162,0.002
ID_0BD23B17CB,0.8851885931098564
ID_101A8F7D94,0.058163900044724874
ID_E256EBF9FF,0.21634091522221943
ID_186A957628,0.24923691068113674
ID_09AD05E2F5,0.008402444408879703
ID_245F36A6DF,0.14879500750109265
ID_5C0F7FE53A,0.45354757791168093
ID_0F4FD1DCA5,0.28033450894823336
ID_383542F3D1,0.002
ID_3AF06D7BF2,0.021911746788247248
ID_A9B14A1AE7,0.10178469997955962
ID_92563F3C2E,0.00791439610632192
ID_A22C0EFE7E,0.002
ID_AB36BA1EC2,0.9332079487039584
ID_4CCAF85BF7,0.01144457149585794
ID_C001262281,0.490269103670294
ID_CD371D2931,0.002
ID_8E4D85B60D,0.020640279262151978
ID_67C8ECB83C,0.005558763267326048
ID_0254964E0B,0.18474143965474701
ID_DDD8945785,0.01951976770882248
ID_5C86E684FE,0.05286432361605674
ID_26C117D50F,0.0054725396110825615
ID_7EC9346572,0.012266509634060646
ID_221B856F33,0.7094416222235351
ID_98E9D792CE,0.012142180914663105
ID_98A8E5E267,0.003405753885283706
ID_2D2978EE80,0.013306745010596609
ID_5D77484A4E,0.018839295316214744
ID_B2E14C028B,0.07227391117274484
ID_78DDABC757,0.0034287523174844512
ID_25EDD8E6BD,0.18200152035983083
ID_A0757B4FE3,0.12300133993409973
ID_909F541DCA,0.026031700418052667
ID_BB54447114,0.016069531785112487
ID_0C6E6E8526,0.002
ID_D956954120,0.00225526260964286
ID_75B2E21A93,0.15101764414406904
ID_1CE5ECEA36,0.043619234962662234
ID_34AC6855BA,0.06242848411636229
ID_CC9737A0D4,0.008137013116061983
ID_378F219A8C,0.056793375058377574
ID_361C87DFB8,0.007988594150052321
ID_1F811A9BB3,0.12216996125645262
ID_1B842EA976,0.003491696351148116
ID_4E242C1A80,0.09296518360256437
ID_43A8B1E6A7,0.04789522173061101
ID_BA8C2D401D,0.43463631313786655
ID_7AC2E367AF,0.26706162741371914
ID_226DA5B8C9,0.002
ID_5FD13947DC,0.007108065760014587
ID_72F81351CA,0.002
ID_6ACFD1871B,0.014274792666505996
ID_A0C756EFA8,0.6416559380648904
ID_6BD3DB88E7,0.002
ID_DC4DA22224,0.01770759498463605
ID_0C83403C19,0.09277292428115458
ID_B6B984DC2D,0.06454468055499842
ID_CFE05E36C9,0.9814963577298818
ID_A24A47F7B4,0.030115846311276583
ID_2628D9402C,0.01973269690145358
ID_E535688E7F,0.991985807827932
ID_8F9234B9F6,0.04517692571689061
ID_BC7055ACF7,0.032455722470875324
ID_20491911C4,0.002
ID_11FAB104BE,0.014610317446361971
ID_C68D25DC34,0.007827042040768995
ID_E72BE57DE3,0.08953407769286616
ID_E7C793023E,0.004779617957485476
ID_083D9E0B18,0.2717374949073122
ID_478241108E,0.14616438702825368
ID_750FDF8E6B,0.004855148160110411
ID_119E00FB3F,0.006905461644816852
ID_D5B3A36099,0.055282445421191026
ID_7001D5C06F,0.3379672631169689
ID_22C6D6167F,0.016233216025185935
ID_736464028E,0.002
ID_0520701640,0.002388190984164856
ID_383D8ED0A9,0.11436971216680608
ID_3E770623A3,0.04200127733924896
ID_D05FD5CA66,0.0032746461590669605
ID_79F1D8B874,0.021776376320990755
ID_9F4DAC1318,0.31656688811203115
ID_EFF8326481,0.9966200826595693
ID_B5B23421AE,0.251212545789528
ID_8E84B4D6B6,0.10903033911460311
ID_F3E6321F4B,0.002648861705384667
ID_9442BE4113,0.12344778527570222
ID_7A1EF37336,0.012348712193328568
ID_4BC6B39838,0.49826083346480354
ID_1322AF3371,0.07714028478464623
ID_CAFE4C2505,0.07392338043150538
ID_1301C92F48,0.12435519791173599
ID_BB087D2A8B,0.01986871051893176
ID_54605931EE,0.09491892113995211
ID_29733366B8,0.046061093360331054
ID_B1DE28BB96,0.09292857039122102
ID_3C4F1494E1,0.005674126483206361
ID_0D7591BADC,0.08219832163755296
ID_AE21AA4BB1,0.021918242936283635
ID_2FFDEFE095,0.054203076232383005
ID_799994A0E2,0.2580487772955093
ID_295F3AE68B,0.46906804287601855
ID_E1F33799AF,0.03957400212099557
ID_CF3E53022A,0.06389331278302503
ID_68B27E0284,0.9845460293757935
ID_B3721BD291,0.006083164111635042
ID_C0F44B22B4,0.4305358625169829
ID_DB005342DB,0.17819527647226213
ID_9EDA5B772F,0.015004907911201027
ID_FA908F7AD8,0.028994161517333677
ID_6ACBA2EC3D,0.17797153010499223
ID_9EE9529222,0.003296004425152108
ID_E71D4F12C4,0.016874591773730657
ID_796771910E,0.13324153448634887
ID_CCF6C70301,0.6775443981364913
ID_DBC1C90B75,0.5661519755069971
ID_7C32D5FA96,0.01858637864264675
ID_A7EB6F9694,0.09050938538195501
ID_F5241E83C8,0.09635627207978113
ID_0B3D73A077,0.011598391898620376
ID_C74068D5AC,0.3502341758384946
ID_6D603CDDE9,0.005848115307997093
ID_AE3F0968D6,0.028508527324693358
ID_15828D236A,0.021541820188411005
ID_022A54DEC6,0.011179520762239551
ID_AE0624011F,0.002
ID_B437D89C77,0.0028002690230373604
ID_5EB8744DFE,0.02688544239437561
ID_F730D4F928,0.006350659839377776
ID_7F7EC19A9E,0.09211224003876181
ID_2B5C88E956,0.025257519543615405
ID_0E394B0A25,0.3789993644934992
ID_6674D40251,0.002
ID_5D2E205A49,0.014088703551934761
ID_D757F1FD0A,0.0708922017188004
ID_892D2CDDDF,0.019096921416172537
ID_5BAE00BC90,0.25399143878444436
ID_A0AFE66FA1,0.0065703130263134076
ID_DEA7464EC7,0.018015912884101093
ID_265257DA4D,0.002
ID_5F3C841202,0.08358332389528907
ID_23852696F4,0.16140128773909657
ID_AD1FCF884A,0.002
ID_4C20B0F423,0.991521399463476
ID_C0E59D9947,0.1870214320263506
ID_94FBED6765,0.002
ID_6181C04B1A,0.0048595533628253956
ID_5E11A62FEC,0.05744000598167422
ID_93B42F7459,0.012054319345792036
ID_3B7457FC34,0.14051314244898402
ID_0CE5D7E3B9,0.012310696442692295
ID_005E97B847,0.06544849907984626
ID_331CE8F218,0.24870100024653494
ID_64D92BCFF1,0.07287265306881655
ID_FF2FD12291,0.09461881886497725
ID_E9C9175A4F,0.023743885895339358
ID_79972E19CA,0.011546047254417553
ID_8B953BFC74,0.054353659180446254
ID_F75A0639B4,0.2174722417593495
ID_2D0F6AD29F,0.06425271671752876
ID_F8F825A7D4,0.007240328089270196
ID_C728A534C3,0.04511955745417896
ID_03B4A8D028,0.0022713863333801284
ID_212B2AF3A1,0.008477644693691715
ID_BBD214DA6B,0.04141278919313611
ID_AEED26E83F,0.00780603091261316
ID_5BE8BE0D13,0.006975421961474745
ID_7DC991C67E,0.002627113241676122
ID_25A77D3562,0.009026591991971289
ID_8383E34B6D,0.007040666060942852
ID_E6984B3EB5,0.2708318738745472
ID_C1DA673FA1,0.4445513628790178
ID_8B90CC3573,0.007258556559356767
ID_D9FEBF15E8,0.017450501547452764
ID_A5762D9237,0.019001937896983283
ID_498CB276DA,0.3119257907639848
ID_F65D2F4D41,0.4716741644504587
ID_26584A181A,0.08321757932100829
ID_DA683E8221,0.17094356066144847
ID_921667E5F0,0.23723484372988057
ID_AA301FF383,0.0028591765546963233
ID_D2EE1D298B,0.00692120517508987
ID_4410A864B0,0.052156841196922
ID_F9FE52D466,0.06280872093936248
ID_70F535B502,0.023092123209753995
ID_E14B6B444D,0.0784549134400443
ID_CE9B742ABE,0.002
ID_B488C97CA1,0.002
ID_BD3229F94F,0.002593377226266359
ID_14149BCB31,0.01197346976075801
ID_DF5B15D819,0.007507391046823233
ID_3537EFDD1A,0.155414752137237
ID_1C9B52C31C,0.992582532054424
ID_7F7ADC90B8,0.013071579845749803
ID_16D522C07E,0.002
ID_693AEB1E14,0.023683061945441203
ID_CCEDED1DAB,0.027976102120854385
ID_CD091C722F,0.7895633296148847
ID_F6387E21DD,0.11450284056457354
ID_E2D5907EA6,0.002
ID_A1EF405EAC,0.027265102961757163
ID_D146391E57,0.004931123343926235
ID_0348A20DE1,0.051059976892862874
ID_6CDF06C198,0.01173788015691239
ID_04B4FF77BE,0.05695466074087925
ID_558BA584C4,0.02379994848182886
ID_15507C1639,0.007877695466908948
ID_9B9C2841E8,0.36774699282622364
ID_97DEE3140A,0.010486649565149461
ID_9F22B2B721,0.01890842488569575
ID_335AC1D5C4,0.7062610631212605
ID_D0E63116DD,0.002
ID_E4FC540C0F,0.013600447356562751
ID_C39D84EC79,0.002
ID_7DDC346D6A,0.07670041222800732
ID_B57B8CC5C7,0.7249372037562198
ID_0EE45C4007,0.4078417599419045
ID_9F88EADD60,0.35693532498687525
ID_603E8246C7,0.07465926464329925
ID_CF4B34E24A,0.8738358158592717
ID_28F64628EE,0.01740220322100899
ID_ACA97D744C,0.3351429756805723
ID_BBC1297480,0.04772231661804695
ID_487937EA0F,0.030681257432267864
ID_C7F6332AA1,0.019740471187883708
ID_4FB701FAED,0.02857210276636533
ID_ECF7F67A72,0.04107833928230079
ID_35C776995C,0.002
ID_62B4A2C510,0.0078100850925949305
ID_00907C2806,0.06742053716101994
ID_7FFEDD2E2F,0.14887864970144776
ID_E85CF38091,0.0792257493688023
ID_8E3E898B4D,0.01567421670181506
ID_0EF6A5BC60,0.05011426831804504
ID_4C257D6B17,0.6119413483527477
ID_884AD0C6EE,0.09903372142020617
ID_5D4674689F,0.002
ID_A3FA945C18,0.17023563403658734
ID_4E5D7238B1,0.02823397287225879
ID_1A3D3FA997,0.07552264789392908
ID_8946E2DDF3,0.36054357226970285
ID_DDB02C1FEF,0.007250604706561479
ID_FFDD62BB23,0.006741284654326462
ID_7D3DF0F5B4,0.00730834349884124
ID_7D8FE2C447,0.21772631178196786
ID_B2FFFEA334,0.35248865834585896
ID_0A5169CE79,0.12339004558246085
ID_DBCBB295CB,0.0025003501577671324
ID_CA8BA6CA1F,0.01606477575951812
ID_6C98ECA414,0.05462439306565687
ID_C9F8852E2D,0.32845524718426294
ID_B4DF5365A7,0.0066861048300052486
ID_8A5C11AFF2,0.02087956377952967
ID_6EEA808DFD,0.07620420624212744
ID_DEA6AF05C2,0.047572112055125106
ID_8208114204,0.38002345118462477
ID_26594642AF,0.07252389352590716
ID_27CBBFD6BF,0.002
ID_B091283187,0.011496995159005777
ID_F4BD66CDC1,0.5233810349837045
ID_96A4C3D334,0.002
ID_F73721BB6C,0.012531266166627295
ID_7755C61212,0.021368721151977826
ID_DB790D2111,0.002
ID_973D2D7A36,0.0388216123103324
ID_55A82AF135,0.006364445278442318
ID_372839150D,0.019995825046474267
ID_C5140A3E27,0.023528441315763315
ID_BEA987C1EE,0.04738751090353229
ID_1612BCF555,0.002
ID_5D5A4AE408,0.015560132264116892
ID_1D7F44A9A6,0.3610801686838911
ID_ECC19EC8C7,0.16211861577011305
ID_5C4B7F5DCE,0.012364579958995422
ID_BDA5517FF7,0.1362186066040924
ID_2E32029B8D,0.021045574189187316
ID_2E37143987,0.006922535773106291
ID_CF615AA236,0.041931772877272296
ID_70375ADAF7,0.01973996755003448
ID_AFA7837954,0.002
ID_D7CE7AE392,0.019626019857768004
ID_DDC4FDDF70,0.01578773344091103
ID_1026005AB2,0.0469670542235213
ID_2998CF5D4C,0.07915449052219688
ID_6EFBDA31B8,0.6405367148688966
ID_D9C9A67178,0.002
ID_21408E5E4F,0.05133991981925421
ID_2BDE591AC5,0.08874535180628748
ID_DCDFC2EAC9,0.012353655187192857
ID_BEBF6DD404,0.002
ID_7E88B833A4,0.006938995909337493
ID_414B778514,0.025423491868538442
ID_AF6C63EAA0,0.009155918550369756
ID_A5551D3E7C,0.0060480241011844245
ID_9388006013,0.5866432182467128
ID_5C8091E175,0.2234498005695172
ID_AE48B17511,0.9977572165068193
ID_3BDC9E56C2,0.8983975490168206
ID_3E01C8A2C4,0.10870227476886711
ID_3CCC9D1583,0.39743510204011656
ID_9047954E7D,0.1548678058137878
ID_267B132870,0.013239016112489592
ID_88BED14C9D,0.022944504048509298
ID_6C5C440E35,0.0991874947077423
ID_6BFCF0391C,0.13712566523662836
ID_6FDAE5678D,0.00789354003274751
ID_32CD4D0CA5,0.04464336598915954
ID_9C97B008D0,0.12313450701436104
ID_C56FA44AB6,0.08498196517752273
ID_5BBDE2E830,0.004288584873352183
ID_C80F3ABCB0,0.006491271020194159
ID_82FCAF42E3,0.9904182442608387
ID_EC05C63F9F,0.012802467597062765
ID_D5B49308BD,0.004733222229563913
ID_CD14F68913,0.007059852683913775
ID_A9B2710D00,0.42728373139736814
ID_8CEFC01CDD,0.28579104007376416
ID_B91FAE6B8D,0.013369656126040614
ID_698EB1AB8A,0.002577505324085938
ID_6EB30CE33B,0.2389079016628826
ID_D610645DFC,0.002
ID_052EC6C0C5,0.6986849114614742
ID_DE6A54D5C3,0.10552084902804963
ID_23C4611BBE,0.017095875290390913
ID_B96B79D511,0.007400315045619516
ID_C9B7AF5616,0.27245453852898377
ID_D6AEDF4620,0.002674267916987184
ID_5A0B680B43,0.04491099276247955
ID_6504EEF537,0.002
ID_ABBB8B8CA6,0.23325783346042964
ID_C8EC8FB225,0.0988665708769508
ID_E7AA17AC80,0.02253753831301608
ID_BDE13BD0F6,0.4488514384396254
ID_AD0F060CB4,0.011870181230724133
ID_F6E663290A,0.2160443053282184
ID_39D99B365E,0.0038022424021875337
ID_D416E9FEBF,0.0024609964496567272
ID_EFD34E861E,0.17475131160054969
ID_22C317D976,0.0199551621270356
ID_AFE4D26DC4,0.003588880483656619
ID_35125C60C4,0.07055141199046301
ID_F46DA59B72,0.013929763615616332
ID_26C3DCB468,0.22626784390527693
ID_8A56F33DD2,0.7451362810276541
ID_F36C439B0C,0.8291758053831704
ID_92B21C3BCE,0.012260363116647296
ID_E3E7E64B42,0.002
ID_4637F93E9F,0.991825226646047
ID_2854840EE0,0.006035825875435532
ID_316EF6ED46,0.66861438170703
ID_ADC0DA60DF,0.016717544527591874
ID_31C2546F4D,0.5231614104198498
ID_6A4775715E,0.006712561758204179
ID_04B052EAFE,0.11208563713517267
ID_93E71F2454,0.015564661298793537
ID_941C1CCFEC,0.014280262467339145
ID_B010F763D6,0.12434071846377662
ID_0390CD84F2,0.6361436734094242
ID_CF35994ECA,0.27869364355302345
ID_CB131FFB40,0.06541700184704866
ID_67D15AB572,0.0153560405119551
ID_B156F16730,0.002
ID_B63D62F6D4,0.06551487625600622
ID_66D383661F,0.022216598072890423
ID_66058D6EB2,0.08879970454235685
ID_638D128714,0.02414176937418111
ID_BE3B32942D,0.11741707706757788
ID_87B75F8107,0.82756033606454
ID_8799B3A166,0.10162640435415295
ID_26185ACD76,0.3076008774461382
ID_9BEE3FC6B7,0.005105743014973076
ID_100147DFA9,0.19326415378642858
ID_CFA5C46223,0.002
ID_45CF6118ED,0.03903985236666839
ID_0CE9E77A15,0.20352125203277785
ID_507F20763B,0.017944583694918536
ID_883D294183,0.006416715310027067
ID_C0A2307F70,0.22415014616317167
ID_1AD2FC964A,0.16790840328382964
ID_2C8F1257EA,0.0423876092131301
ID_CFD2BA9ED2,0.12867673722252002
ID_08C60DE21C,0.03966882519986399
ID_1AB9CDFC52,0.09683336848772497
ID_1ACBB9DF85,0.046333820721470596
ID_A39228D75E,0.002
ID_371F0FC078,0.002
ID_421DB543CA,0.00654657589094142
ID_371168E253,0.13895247882311013
ID_30319220C2,0.12756231292151154
ID_D1253BEF02,0.3101046528305053
ID_6ED285081E,0.002
ID_CD7251907D,0.7297060344661391
ID_91F9827714,0.004175497181452249
ID_AD57EE98F2,0.004270882766224204
ID_D417806814,0.007110358795777071
ID_8B7EF1A2DE,0.002
ID_996AC95522,0.002
ID_4A01118B8B,0.04136366261648905
ID_07428CC756,0.1333931357329241
ID_F25FAAD960,0.2721379838455473
ID_04F3ED5A58,0.1884500083440656
ID_19B12285E4,0.08197706978061138
ID_D246201CD9,0.18397654756312035
ID_EE47D4D940,0.019855006132910646
ID_8081BB9411,0.06721174342018538
ID_767962CC98,0.010990003122106665
ID_B27E290739,0.11262849307228828
ID_AA91566A39,0.0169978602804976
ID_8AF41D36AC,0.002
ID_57408DAA23,0.007385680285105241
ID_846FC58C0A,0.012079208017524939
ID_98CAE912D2,0.005146736569264468
ID_49E0257950,0.9878531203263891
ID_087441C71F,0.006580669967829054
ID_8D9966476A,0.01746935131700029
ID_70A97825B3,0.4032510208547181
ID_F570359364,0.09350471924144366
ID_29E22E93A6,0.30486851006917404
ID_E200595A48,0.07712691238502165
ID_98B59F1BB4,0.02958067232070935
ID_00C64DF8CF,0.013518388289608814
ID_58AF4BA445,0.1977880977919055
ID_DE57C82E13,0.02757106287260376
ID_D277B12834,0.004756258127038579
ID_26C53CD4FE,0.04875791247086824
ID_EB0F5EFAFB,0.0023238570441881934
ID_CFAAA60F15,0.019177464081786288
ID_610C60E384,0.04125493571749395
ID_FFF884ED07,0.024481708767386715
ID_6E84F2C498,0.07342698691541943
ID_3D5D1B79E9,0.9858329426740146
ID_E2EE0B55BB,0.0020026222247863275
ID_A6094DDDFE,0.046150011222405724
ID_44F813DD8B,0.02575457746992967
ID_D8327FD337,0.3102454389682476
ID_C0A747AF78,0.003761779837054202
ID_B1F86AF7C0,0.01358419374429716
ID_1C53303EB4,0.048438424212413435
ID_C27FF056F8,0.9970855176970963
ID_4A5010AE4B,0.44844239539222613
ID_01E2B5D8E5,0.006354827253756535
ID_560AB6BD5A,0.002
ID_E8258B0C44,0.015012379487813438
ID_7A40313C36,0.17108251063294574
ID_4B4A28DF0D,0.007431228463591929
ID_E62C989A97,0.38580158573140255
ID_48584CBA23,0.19173546690111784
ID_1BAC46B90E,0.2584296960718893
ID_BE76EA6767,0.008039192041469835
ID_7AE3C2C71B,0.2039348342424967
ID_64FFEF1CB6,0.014165341977648504
ID_279DFE825D,0.05125004401669439
ID_54ED69C03B,0.45534459250305936
ID_1B9C637FB5,0.02323279967627403
ID_C3D81C03A8,0.007579712588359409
ID_0352F0B656,0.08338352575663151
ID_B945BEA819,0.002
ID_2DA9CBEF12,0.819990826347895
ID_5BBBDB13F7,0.002
ID_2D4067DDCB,0.013148425339918633
ID_D70FC7D0EB,0.002
ID_404B5A861E,0.002
ID_53083A8990,0.0045231778227916315
ID_AC7E3B23A2,0.04463973055583194
ID_E7F7080342,0.0053678192322880154
ID_C87C464632,0.00781530052022607
ID_60533DD053,0.00675598498128992
ID_CC676F8FE8,0.0029826493573384644
ID_872D592C6D,0.24857998483745392
ID_D20384C711,0.0048392008621915865
ID_0DB157833F,0.002
ID_D72EA537A0,0.016528373212964253
ID_E4E0A47ED4,0.011059470767169243
ID_7A9D5C09CA,0.014581203287009762
ID_5C2A04F9C1,0.002
ID_37360457A7,0.020911713501073664
ID_19CC368905,0.0020068919205240275
ID_F208C312C8,0.5570146815202716
ID_CF08CDA9DB,0.07408118708072355
ID_3DFDA52033,0.17067976683170252
ID_C69245B08D,0.3887204071934613
ID_EE7545915D,0.004585546177962211
ID_5CF266D0B5,0.09627809688608804
ID_A981C82652,0.011133977724694108
ID_3CA26B7C5C,0.025904787332593094
ID_5ACD751C91,0.35909138245153027
ID_9F25193912,0.12682203227825348
ID_D4D2C0B93F,0.06721201748460905
ID_AD78CB5420,0.044082502610581845
ID_60703953DE,0.007886655938779838
ID_87617CAA80,0.050440248184895536
ID_AF9E779E0B,0.4764886223534991
ID_FC7F225401,0.006868964657163534
ID_DF2E860755,0.002045579736317698
ID_FA3C47F1AB,0.5352316455045928
ID_D58A81E34C,0.025256683552816666
ID_77179D0CD7,0.03889815468583955
ID_85A62264EE,0.4972728655183619
ID_AEA400BBD9,0.20243213377667296
ID_645395A2AF,0.0050490534517706786
ID_3791830757,0.46720539047548254
ID_8D94A7AE1B,0.01035183840825618
ID_3CC24AFD58,0.011802456143952134
ID_C8D27A4D9B,0.015156145005983208
ID_7EC72CBBE1,0.015168985984215391
ID_DF7AC56C08,0.002
ID_31970CEBF4,0.07517470046842682
ID_63EC8C796F,0.045202617363632173
ID_1E413E3F4F,0.08102415329254604
ID_DBF3D7612C,0.5630280439923633
ID_8D8300004C,0.6204930940437069
ID_5AE83BF9AE,0.39212830033270596
ID_E972ADC6BA,0.06802109316254773
ID_1C2ADC1236,0.007341640607991151
ID_66FFDEEEB5,0.022932918873989454
ID_2A3871883C,0.02523313244838058
ID_B1E119E0EF,0.006759153114578037
ID_57FD90E006,0.12399640050186832
ID_95751FC491,0.009338690858538758
ID_E6AED7D379,0.14904493471783545
ID_439B4B8EFB,0.08737414730627832
ID_0304D50115,0.066660567665655
ID_5BCCDC6ED7,0.20050316338787177
ID_912833B36F,0.009719050566624787
ID_10BC050B1B,0.29486993979663284
ID_0DA7788AB1,0.04613328078346987
ID_0A8C542D88,0.005367783731011849
ID_D3F0AEBE14,0.02783044557213037
ID_76211D5C6A,0.02722080807103576
ID_E1F3518929,0.00441586050397596
ID_2DD50424C2,0.007523524813855213
ID_1FB2B5DE70,0.410547270020099
ID_ADF6B14D4F,0.1310153689342046
ID_CE904129AA,0.07622299330952519
ID_ADF557D6B5,0.3018477517286493
ID_B37EF7ECA4,0.010340842802778688
ID_B0AB4EB7D5,0.19949586120520596
ID_D6B1EA6E0A,0.011728307064008006
ID_BD3FA6648E,0.353599815409344
ID_0B349004FA,0.006319398099352307
ID_019D47F48A,0.013366476484208788
ID_3BF517802F,0.006631482788482028
ID_7813BAD256,0.09255083254777158
ID_A9A638FE44,0.2698930494272208
ID_34FD9DE723,0.07779867074464472
ID_A1DAE2861A,0.9268725496571683
ID_5E536CA115,0.002
ID_26F6080B6E,0.029973587449372997
ID_CE3DDDDECA,0.1313736371957302
ID_887061606E,0.4116506643918804
ID_C86B2C533B,0.015909163786585974
ID_E11E7BF678,0.002
ID_43E8EFE389,0.01688395855693135
ID_BDF7AC3E58,0.004242902693145474
ID_36E0B1320E,0.0502853054363658
ID_DDF0489B9A,0.004847660482596025
ID_6ECE30F446,0.02539269533152728
ID_DEE3CBD4AA,0.019612164584410115
ID_984476ABF9,0.00249221853431146
ID_E63EED401C,0.09338951237281272
ID_8FBF2FA64A,0.012701124769889646
ID_8FC94794CE,0.003539019754393843
ID_BAE9593ACE,0.04587850838441295
ID_90B116A6DD,0.946614949112681
ID_EE87802125,0.7627062312667106
ID_EC5CB47894,0.026716440569628887
ID_2C50F334B9,0.023126251857152266
ID_96DA2BAD17,0.08486916945936761
ID_EDA8754534,0.014707017387351055
ID_57A33AE4D5,0.002
ID_D058A84EB8,0.2004877078615658
ID_F28AF0F0F5,0.08228796307355249
ID_FB0EFED69B,0.09469034575825977
ID_C59B0E2FD8,0.018664207090686967
ID_E52BA9EB92,0.059756759864932105
ID_B75F02C844,0.4825577068380007
ID_0F6F906D53,0.5220282216463058
ID_C22675D052,0.31588975684662923
ID_892E26510C,0.007838388543964238
ID_53BE8215A6,0.45789398933876957
ID_AB8599A325,0.8644754479198541
ID_476E3E8725,0.026275191190874996
ID_EBB5B06F05,0.32447921717235195
ID_B6C1CCEF9B,0.046760336661339726
ID_384EC422E5,0.4375475316964627
ID_D338B55720,0.9736515415069331
ID_AD02866BBC,0.689856390930064
ID_1209903F8C,0.026431785491985285
ID_2B00E5FB78,0.19493417965655918
ID_64E6BF5692,0.010853173771773982
ID_6BE64DF7D9,0.023041434659828355
ID_84B9A854C0,0.002
ID_5FA63C3B27,0.002629631373345072
ID_EF482B6832,0.05966966648552147
ID_D901F758EC,0.06140432432976442
ID_72FB9931D7,0.0907021902640887
ID_B1BB5BF088,0.13077132052160328
ID_D24D17B7AD,0.18872636368913304
ID_1870075AF9,0.002
ID_4FEBB6E82B,0.031230933445744354
ID_CCD7FEBB6D,0.9530105269832264
ID_59E4873181,0.004899243691541164
ID_E596BEC7A5,0.0034291732899657252
ID_AE23071F41,0.08447234985727671
ID_8CBF0453A5,0.002212849082269113
ID_07E2DF552B,0.3589418392833262
ID_09343C9513,0.41073869715480393
ID_E79303FD17,0.004741159537707752
ID_DAC19A0970,0.15454333262566503
ID_0A85D36A38,0.002
ID_B48418BF36,0.012650454398814666
ID_8F82CBE0BF,0.2809013062400714
ID_16ABD9397A,0.02090736564746384
ID_296D3B7BB4,0.0055548901609750335
ID_256485905D,0.11351746445681066
ID_ACBB18D9B4,0.006610026683103185
ID_3715A9EE7F,0.4659981503156092
ID_A05E9A08FF,0.007342375896019094
ID_74502F17F3,0.013506508759923746
ID_3D085B9EAC,0.020239291901420677
ID_1BE76021BB,0.06144942763160408
ID_D4E093BA64,0.002
ID_A9DC95A63F,0.09215415606298799
ID_1ABACCAAD9,0.19096884464703145
ID_E744E63270,0.002
ID_C430EF88F6,0.9112360947657705
ID_79F25064A7,0.03036489588184215
ID_1201D216E1,0.019263484994880366
ID_F9BC722835,0.002
ID_59DD2C87FB,0.08666654804278667
ID_510F5E752D,0.07012174423636602
ID_0FF548A840,0.01242139080777651
ID_301F11DA1C,0.008007441639224082
ID_3BDD6F9F54,0.04456107493513228
ID_B410CEFEFB,0.05101407353945194
ID_AA6BB57628,0.013871445380229976
ID_6B758B8DCF,0.002
ID_52658B378F,0.002
ID_F2B61FD38F,0.054735376884024564
ID_CF1FF7D444,0.0022502243407926392
ID_B5185A8741,0.9877335514259944
ID_02AC9626DA,0.06391565014258416
ID_FD8E5FE6A8,0.007804202902378338
ID_981DD55518,0.002
ID_A2DA9F3C99,0.006258091379042433
ID_0893CD21F8,0.2157089389358508
ID_38B256FBA3,0.25947518010615717
ID_38DEE3ADD6,0.662795500520301
ID_83490FBC3E,0.026934845905994022
ID_5DD7CA2ACD,0.007804929995466724
ID_41C1488193,0.00624202480006697
ID_5ADBC27B8E,0.04136029982127604
ID_3BED911323,0.44094004771393885
ID_7A073D831C,0.005187399602539606
ID_7E4ECFDBAC,0.06108579448186911
ID_63564B5F93,0.01128326820237444
ID_FFD960060D,0.11063167873027831
ID_423595B1C9,0.06555482095283491
ID_F800C9B819,0.002
ID_08C550355F,0.22777818410045422
ID_A3901DDA32,0.037987478213986146
ID_E5E920AAA5,0.31039490676776943
ID_D8FB0B0103,0.002
ID_54F9BFAA50,0.17761288326375452
ID_1BA3440FED,0.6935262754804654
ID_AFCDB7178C,0.4230812768801317
ID_525B09AD35,0.06125495691991505
ID_7BCD362634,0.0034796239369682485
ID_EF6FD17D40,0.025858335222023517
ID_F5E66FA0FF,0.184458121002072
ID_593EED8431,0.016275600585441276
ID_A994CC0616,0.016552216493289345
ID_41A2564672,0.46973592661380065
ID_6418552640,0.0026732773837602566
ID_AFFE709956,0.3613367930008494
ID_255C16CE33,0.04548205472417804
ID_C9A4AA2E12,0.15083563164521405
ID_1B1226C9C0,0.013805112430948861
ID_B754A85C27,0.002
ID_82F27C7BA9,0.10355037690341236
ID_4CD899F50F,0.01375578720664645
ID_678DD569DF,0.20894359815001146
ID_44EB450472,0.17736008165103126
ID_6E2648FB76,0.9674610086354178
ID_7938F7A266,0.02495745620213558
ID_8A550C67DD,0.47903460995921465
ID_4B5AF9A07E,0.014364913714804584
ID_DB67F30394,0.018451001545544545
ID_FF1D7CAE5F,0.04615555239323063
ID_29B7C4B16E,0.0803628408986976
ID_DEC6092736,0.021606500151840843
ID_33EBFC14DC,0.7792180911065184
ID_DFBDF39B97,0.04173176271131041
ID_5F02571F99,0.21682681307245907
ID_0D46413719,0.007395484141965075
ID_04EB741FBD,0.002
ID_607E781F1B,0.002072069937977341
ID_715E0413A8,0.1644785118538843
ID_9361444B82,0.4356825554181102
ID_CC50B21650,0.0027620319429466724
ID_1B3AE4A2C5,0.02790920431878184
ID_1A6578A50D,0.16873233139224353
ID_73BA1F358E,0.6909857463925618
ID_C9C11D0D1A,0.46022220933977154
ID_1496F0EC5B,0.05098757385263082
ID_C77B52F9AE,0.2760958064725279
ID_3C9B24D614,0.005887543923735875
ID_A9804716DE,0.00610792884472045
ID_A27665F318,0.6450081062408223
ID_5286C52509,0.12304375610277621
ID_253C07FC72,0.7518524188539794
ID_D0937EE89E,0.10841792741308834
ID_63BDAA5A7E,0.0639446393738577
ID_CBB8E54720,0.15803848625875574
ID_AE5B0AF10F,0.23761358671144384
ID_DE8FE2CC75,0.047726421559867505
ID_C1834B82AE,0.01326618784377996
ID_D638E75A13,0.4762063153523025
ID_E60FBBF8CB,0.04823812590165493
ID_9FE4D36198,0.05594620774528116
ID_875441F32C,0.006717853714282387
ID_2E33478AC4,0.0025827607042778443
ID_865A607A83,0.017428885907136902
ID_B2DE00E6CC,0.010328198555651973
ID_A341A61E20,0.536324722991832
ID_C2125622F0,0.002
ID_F96E4C5082,0.002
ID_2CC951470E,0.0034010837253541345
ID_14AA5FCEE4,0.002
ID_62C57AAAFC,0.026636570571846718
ID_16B029FE79,0.41367541821891995
ID_A38E196852,0.4068844512628146
ID_9CAB33D3AC,0.22133957266839457
ID_46C30FB4BE,0.1568194151771762
ID_FADF649B56,0.05758474816784395
ID_53B4AE4A1B,0.929182966871053
ID_A8778729D3,0.06623982780537128
ID_53498C19A0,0.039751504298322214
ID_C79EDA6FF1,0.08022215929903787
ID_DB42D09E1C,0.32802473110852326
ID_B72157B072,0.03994852444616772
ID_D7513B13E6,0.002
ID_3CFB0618D3,0.0021475323730472617
ID_4FF7817CAB,0.002
ID_C7355A8709,0.08572073123843967
ID_A8534CCF40,0.026318877860090444
ID_26AA447562,0.04347156789576784
ID_4D731E0813,0.0021696928004333376
ID_12BD1C4457,0.12583052072045134
ID_D6B01CA824,0.19719129561882148
ID_DA5B07714F,0.00624112460057763
ID_FA039A00EF,0.06347174023478512
ID_045E74FC20,0.003950560212618953
ID_25BCBEB315,0.6565389992620912
ID_B04A39AE5E,0.013465652058623082
ID_057000EBC3,0.35358202216476453
ID_06D584646F,0.022704129463160264
ID_A13B306062,0.005832886036184894
ID_F266659BC4,0.0067547919927920435
ID_A53E9786D0,0.005453142112431821
ID_428843E469,0.3965493642397005
ID_0A9E33CE8F,0.004632758399074614
ID_9C3EE2F57A,0.08785168117560481
ID_E760E7A5BB,0.01988478386570211
ID_0059655966,0.6861150761720036
ID_9BAA4C55C1,0.002
ID_783E807C39,0.01169022344864485
ID_07B8FDA156,0.002
ID_C08AFD7068,0.4163431034425465
ID_1B08DD5446,0.005156877327018144
ID_7063322E5C,0.011229699706630984
ID_A43ED26C37,0.002
ID_D989C9320D,0.15235806614883213
ID_B1DF57D818,0.2611264627031178
ID_2CBEFA77F4,0.004315809782216944
ID_49EBF66193,0.04726446275514239
ID_C9485AC0B0,0.21669851623705338
ID_C8A8146125,0.7842176354501271
ID_08E5460147,0.011272062756990317
ID_154D113EDF,0.16124348564132787
ID_CD05561CAE,0.06466218672510875
ID_E0AD154E01,0.013087856539032446
ID_D31EA80515,0.0037208774965045007
ID_27BE5F1AB9,0.06795078884570646
ID_29AAF252A1,0.3871192453982404
ID_911B04912D,0.19217443636660808
ID_A2B5ED0ABC,0.002
ID_3EC14B1D45,0.14076159882650574
ID_AACE1681C3,0.031206734478483485
ID_780BA42516,0.010907452106259692
ID_4C453EE791,0.049722720772882804
ID_FCBE7C97EE,0.0035366527822385534
ID_46FABEC940,0.4499947563433504
ID_A58DFB2B91,0.006865569416259569
ID_C8AB768E05,0.0065751131701613594
ID_E7B7E0D549,0.0067796145411319845
ID_8356FB8F7D,0.005030217844192468
ID_B0A76B83F0,0.8446136681005031
ID_EFF359F561,0.9713422839305389
ID_85CD8A0739,0.08578659732140693
ID_E4AB102FC2,0.9745241751708857
ID_1955D48AB8,0.0485074431244793
ID_9B8FAFB4CF,0.14826476524276977
ID_836549D6DC,0.8716936118823362
ID_FCE920A1C6,0.033713897516659715
ID_5BA12DEB7A,0.007337155243253684
ID_5B6977A8EE,0.00688323274121089
ID_6D1F1232ED,0.00496343185444478
ID_0A741572BF,0.0953064654830918
ID_A1936F29F3,0.002
ID_EA9E32255B,0.09708937371281254
ID_65F808B793,0.07893422250063802
ID_6E6ADA38B7,0.27501177499225316
ID_8213CADACB,0.21247906674319356
ID_0CADEB6401,0.023696658973060485
ID_3FFD682F48,0.025011472569133632
ID_8C259DF270,0.3119631057543854
ID_12FE04639E,0.04027943568000135
ID_EB630361B8,0.02025096750910995
ID_115A48234B,0.013048991662119164
ID_5923E44FF7,0.14054700389354027
ID_1FF31D41CC,0.2626801810572804
ID_A9B906EA47,0.01341253179154064
ID_BA56906BEC,0.011710095647062478
ID_731B9C7F43,0.04971574112602777
ID_A167F9E248,0.002
ID_93F32549FF,0.002
ID_1CA08876AA,0.02159476602378407
ID_1D42FE9EBF,0.009492476961929334
ID_00F27C1156,0.02153784130587293
ID_6C0F7ECC20,0.04662757064784216
ID_55A446BE7E,0.4582183109763866
ID_6568118886,0.008273988808638506
ID_79C2F834D6,0.0676145329005964
ID_452986BF34,0.002
ID_8A461B1EE1,0.002
ID_B994BE1C20,0.01440696962907015
ID_B196615ABA,0.6935978640945882
ID_CF51DBA610,0.04192969334414611
ID_3CFE48DA7B,0.004190610986884
ID_72085AD3BA,0.00729458486448981
ID_7F82A0C182,0.02680843988281154
ID_57760F4AC6,0.0027031807797852853
ID_471E37A38D,0.020086494997584383
ID_61D9F034B0,0.02584221572777736
ID_0EDC8BABF2,0.5450068755051116
ID_6FF7AD03A4,0.004709306407528134
ID_D6164B679B,0.02704017858938843
ID_BA4643A074,0.002
ID_A6D281F004,0.01928268624249214
ID_57F574004A,0.015903934814803428
ID_B51B391318,0.18598495649814353
ID_116CD59A4A,0.009052485432653176
ID_DBCCAD285E,0.05109106908374261
ID_90CC146F09,0.33394515509723466
ID_977B024424,0.007894542305280194
ID_5B058765D0,0.13831127148198638
ID_A41DDBDA33,0.08611727709946485
ID_E7DBD9D343,0.690805962680296
ID_A710B07A0E,0.002
ID_28DE216FD2,0.1506054111906575
ID_7FA3202100,0.0062510358986948315
ID_34E9D9BDD8,0.027280823648902563
ID_B759403E4A,0.02004093615628586
ID_261E0E5572,0.28009555959300325
ID_56B331464A,0.011449189334111222
ID_FE2333310C,0.06739185562122531
ID_709D35A651,0.002622402218464748
ID_C6E6483406,0.9946416535471252
ID_73FF8B1CD4,0.08310276976672858
ID_4DB73C6632,0.002
ID_FBE7F094CD,0.0020372374846430587
ID_62B455B90F,0.002
ID_6470E242E5,0.010925902446514976
ID_35ACE5C173,0.2698641812218048
ID_BE841FF3D9,0.11388781990460037
ID_7EF16F6288,0.5223080157545678
ID_9E4E545256,0.6699380860170493
ID_AC4444F0FD,0.11420256767940717
ID_073FBE7B05,0.0692675162204521
ID_D9474C4054,0.0020519138206370386
ID_2200B3FD75,0.0022551945173203787
ID_06FF1F5E25,0.44806223241259796
ID_A6568D86DD,0.006132612792248824
ID_9E07347E2A,0.002
ID_AD5E9BE09E,0.0025910336245430986
ID_E06992D996,0.08703940106820438
ID_D355D92E6A,0.8719099642064919
ID_8EEEF67028,0.04447311142286477
ID_4CCC0795C8,0.002
ID_45569C4767,0.13452142811093015
ID_3D457A2B12,0.3222951486619885
ID_E0709B94DD,0.1404104990602625
ID_4A69881870,0.08524674022410478
ID_D09EA83855,0.07859985514682044
ID_39B56BF51C,0.23975974139160902
ID_AF1F7713F4,0.9073916805957242
ID_BD02C49360,0.11419547383589997
ID_FC7A9F9D51,0.5512687139365161
ID_3564C4CD73,0.004812807880902499
ID_B946F5D457,0.3563017344896552
ID_0086EF9E85,0.15484786139640982
ID_9A75DB0606,0.3584979994029602
ID_6278828896,0.443169469124486
ID_50E46380DF,0.07041877765002195
ID_FA55B0E2D9,0.006640708316352442
ID_8F522D20E8,0.01253250407310968
ID_577146722E,0.3228674664111534
ID_BB04C4D079,0.22228538828645983
ID_E7A4D33CFD,0.3643693231145174
ID_CD7151FD48,0.30570750123484836
ID_7CD37891A0,0.011716283851134558
ID_0CB474AA34,0.013873014916962656
ID_C51D94E54C,0.0133069695893977
ID_CBF54BFD61,0.08830024989432364
ID_4BB4197E32,0.016064095904844367
ID_EAD9413F05,0.015160182130359096
ID_9B698A62FE,0.3761673598091282
ID_6908146649,0.014189873200375715
ID_EC99FAF5C0,0.08058752699909208
ID_E7FF523774,0.6944035493202433
ID_2AB3EC931C,0.002203705145902682
ID_231780B7E7,0.009472625984839776
ID_95AFEBEB09,0.010980592631130645
ID_72B7E99DEA,0.25654769636720626
ID_1AB4032AEF,0.6795966792011194
ID_544385FE0A,0.006136507986598776
ID_57CD8FB0D7,0.04797615167587103
ID_1172470C34,0.06455378928846216
ID_144F7FA144,0.378967868741363
ID_0F6AAF35C9,0.6415702300507822
ID_7911918512,0.7612167878995084
ID_11417C4EB5,0.0055304490705229414
ID_9824C22A72,0.17659485300769057
ID_8BA0D39D64,0.6660016807854641
ID_19E0C1215A,0.4577160777634147
ID_3A8C2F17E6,0.0033521049615885634
ID_F9FA9B61DC,0.00470384510444051
ID_1450349E22,0.12736076144663105
ID_F992AFFCA4,0.0476746454227426
ID_952D177298,0.002
ID_47012AAE35,0.2589858812236088
ID_FBDD445734,0.014708511030275545
ID_13D8D739DD,0.01133905667822519
ID_86CC6FD231,0.6759410727581827
ID_3FDBA31187,0.7862325081552655
ID_820251024A,0.030210729324304027
ID_C4C7B031FA,0.01808045572514734
ID_9E69E78BD2,0.005212640583605301
ID_E7BBCEBEAA,0.11971110263928032
ID_8949E584F0,0.9915950711159199
ID_08FB66A3E8,0.002
ID_22C5B6F14F,0.029091873519670356
ID_9B40FBA919,0.005553408045381036
ID_FFAA61543B,0.1087288971626185
ID_10E05A1739,0.038231113810915214
ID_D5AAE5DBCD,0.006976190753406788
ID_2727895F37,0.23148085899718326
ID_38D380AE54,0.1595560233324959
ID_68CD2A7E28,0.3415609587743051
ID_BCD127C4DB,0.016586292056432216
ID_A7694D733B,0.2806062861997315
ID_FBF9ED324F,0.7831046217247378
ID_F0A8B17D82,0.8597956477123322
ID_19C761B088,0.01112878589628826
ID_56808B3C7A,0.0027432994316529814
ID_7FC906224F,0.6430556635263708
ID_B35838A8A5,0.37881707128718245
ID_2A94F35AF3,0.025403257538102162
ID_9764E529CF,0.12664238615773485
ID_6C3B4573AA,0.10330538046695749
ID_CEC5CC4695,0.06018893102789574
ID_62F3FDF636,0.04514820185762148
ID_8E35FF4034,0.5524544694681158
ID_5DBFCA4EBB,0.07212508829799721
ID_E776C3ABA3,0.002
ID_EDF224D9F0,0.43313719380726357
ID_87A35C855A,0.7273583885670211
ID_5803517615,0.8751748522627609
ID_0F670DCB4D,0.012732478333365917
ID_6668D15960,0.9883488804344753
ID_7302BB9E4C,0.04025305440051527
ID_62A48E0013,0.0744161441835505
ID_9013FD5A4D,0.002
ID_29F967DFB6,0.2774630091833628
ID_0FA29F39EA,0.023826439293544364
ID_AF6B8A7C55,0.004781160958853797
ID_80A72A77F2,0.04238669364616883
ID_8E03C17187,0.004544712949544721
ID_E27F2BF143,0.21621217573439325
ID_2285CC0760,0.02809132494687294
ID_5EC41CA6C2,0.05494920093301932
ID_540BCEA59E,0.03758709969063426
ID_3F2E277C18,0.06389301642831764
ID_23E79A38EB,0.004809894247820588
ID_27F3D377C1,0.23419514589026133
ID_4AE76CBAD2,0.04465862702225515
ID_5970276945,0.01937006755695013
ID_654D6CDC37,0.12836672869282395
ID_209D2DA52B,0.0222827935612962
ID_08209E7635,0.011861562849253998
ID_2FB99FD68A,0.002
ID_03D8BC3775,0.08946544939506883
ID_55A571FA90,0.9127856063534286
ID_A034DBC5C9,0.5374832641057505
ID_70E05D743A,0.05124582644759516
ID_72F8D78DB7,0.0029180991000233927
ID_C245EB3967,0.00614357320829265
ID_17B6AAE7FF,0.005136561237031779
ID_8A01DC74F4,0.9977090859114442
ID_5136F04712,0.013888892901370221
ID_83E4D2D767,0.09891722886514052
ID_17BEEF6193,0.02096833865434795
ID_9DE16813B0,0.025782161150236464
ID_0F43CFB12E,0.017007319324336356
ID_153148F885,0.02260762132045762
ID_88915F9084,0.01223740634078841
ID_5F41D290E1,0.08311321040050067
ID_84E19E386B,0.0037158451806868172
ID_12D90BE034,0.002
ID_3F96C8C5E3,0.011337285576702574
ID_4E57874CE2,0.2022189810430939
ID_ED132C1A99,0.9850018106119257
ID_AB46DC9EB0,0.0035413682774987063
ID_D64C846AAD,0.7812216730217104
ID_69BF2BD178,0.9896975339105907
ID_AF47FD25E2,0.141634882451288
ID_60179E8CE8,0.014540104613791833
ID_2A33ECCF7F,0.005607844241592389
ID_510F6067C4,0.006747051923568952
ID_7FF9C7EE95,0.04922984742108063
ID_212BBA1EDC,0.6318192485016576
ID_A98A051B39,0.15482383450153855
ID_172ACC1967,0.002
ID_D315A2629A,0.002
ID_591B17D5EB,0.2586707987372032
ID_1F39539569,0.026477043421369778
ID_6D536E0676,0.1297264266888815
ID_E8EC9F132B,0.007033681604540482
ID_11CE74CE71,0.16850319424491872
ID_C1F170FD3E,0.0648861303257349
ID_D778133312,0.04792783134663517
ID_A73DE69329,0.9826401653648807
ID_6ABC35D3D6,0.002
ID_F8E3550B30,0.13227909694684054
ID_5793F6AA01,0.022727076733531824
ID_F39DF8C7B6,0.034919337696213935
ID_0481DFDB50,0.02333526194022162
ID_8C73D6944F,0.13899396149247323
ID_14B474ACC3,0.02390335511088479
ID_8759092D0F,0.007000252262513294
ID_7BFF5FCF66,0.003855406468693275
ID_80D25BB6BB,0.03291674706260586
ID_513AADF008,0.9192073278028098
ID_7A8E5C73BA,0.3071192415799093
ID_5A42D900E1,0.8252033315258784
ID_889041520B,0.4792496894010741
ID_0518649387,0.363181216669125
ID_216C8EA119,0.006702758859694074
ID_14DC7D7455,0.906071298495937
ID_C349CC2833,0.06684488635801349
ID_CD17D6478A,0.015108456880424906
ID_581D8BFEFB,0.007306374548695691
ID_C9B859714B,0.05107978039622441
ID_FE5B8B314B,0.04531201056810525
ID_F1F38AC3AF,0.011044967365178762
ID_C14B9E1ED7,0.01691557868212071
ID_B509E7DE37,0.011198116636294587
ID_9EA1C1F3D7,0.006398398997060128
ID_180074DB73,0.01957348321435407
ID_35CC1D7967,0.06833383276200693
ID_FDD0E47153,0.03374676728347142
ID_87FA7278B0,0.04204179849739227
ID_17BA5FEF99,0.002832099645710121
ID_6867FDF9C1,0.11638182982978636
ID_1F00EBE62F,0.079854978198919
ID_06799296D7,0.023496401166346024
ID_ED7AB65818,0.11972278998434459
ID_A47B6AB2A7,0.23270978463624908
ID_9BA0AC8A3D,0.00544965625797906
ID_C198232667,0.007107236330508385
ID_C75C19BD3D,0.003510072798328753
ID_02A03C591A,0.4387004049970153
ID_7B70D75127,0.21124223055655691
ID_3E2DC62D30,0.9970422075141184
ID_E18E7D212A,0.17535681969223374
ID_276473D963,0.002
ID_C913DF4F8F,0.051042315775592546
ID_7E2E408E1F,0.05002462177049489
ID_8237BDA633,0.007703165497694052
ID_7439EEE1CE,0.12286744507410209
ID_E9808AA9A8,0.012560705315571184
ID_38DB14C21C,0.01987865064534125
ID_8058E2D39F,0.15375080215662193
ID_185C3624ED,0.04274888988972204
ID_AA3691FE37,0.005359511042600948
ID_F0764AF4FC,0.015017527044040815
ID_320C957A89,0.04849007915667211
ID_EA2F004057,0.026019958470905474
ID_F9EB730417,0.002208389639306275
ID_12236D30DE,0.012851411439317418
ID_9112002F6D,0.04488570776514927
ID_B56919E465,0.30383812114170977
ID_075303E6C5,0.011101878128047379
ID_F9C10AFED5,0.12089563192176832
ID_D81B7301BE,0.04996481905208999
ID_50D9450EC9,0.07548691896247887
ID_D3B3421497,0.004646522913230733
ID_96145299FD,0.007162769001717999
ID_9723EB113A,0.00741102262667463
ID_90DCF1F958,0.17077299235018678
ID_26B07257A7,0.0049290595286548096
ID_28164B535A,0.0027129813113817673
ID_E0E5E5FA23,0.007154996174146055
ID_823FB00448,0.015734271222704915
ID_FEC9C69B27,0.011491572982047926
ID_582BF99C3D,0.15254096919215065
ID_B607B8A1FE,0.08559138058118172
ID_F2FBE7F4CD,0.024148376834235707
ID_BE43255F40,0.002
ID_35EDF3E8F9,0.0025707428812192083
ID_62F58CB4E6,0.003352599239564278
ID_F7AB219396,0.6737912722974669
ID_851AEB722E,0.006833153967187993
ID_906B8FE743,0.04372846181187705
ID_7B0391C49A,0.01951011824464393
ID_6160E32C3C,0.044104092546277764
ID_0CCC43445D,0.21005829668310289
ID_76299E46E0,0.006836194690286488
ID_FC0FD5040F,0.024650070160148085
ID_587C343F33,0.04211195996826091
ID_3EA45C2A4B,0.006884083607600437
ID_8538249A8C,0.10031141955825745
ID_7FB26DF3E9,0.09258453813252772
ID_18665E9436,0.002
ID_59CE9C0EE7,0.14364527590179746
ID_F77AA59851,0.002191246549952774
ID_44AFC6DDDB,0.3178344259194333
ID_83068E6E32,0.24710537513553116
ID_9C58565B62,0.002
ID_95EEAB07A6,0.002
ID_61C9696174,0.44386186666265487
ID_E25F4BF446,0.04685843575776113
ID_BF88654E76,0.049679369586257884
ID_C22F3A4660,0.018407328088728907
ID_A510BE548C,0.1750774809385487
ID_613A65C478,0.01750468576310356
ID_8966442333,0.00701620413986057
ID_B73AC36FD0,0.006675647862776599
ID_5F147A719A,0.00504821545422878
ID_01EE613D6F,0.012031577174159333
ID_C1B76496D0,0.0026641268521357623
ID_A1B6F6540B,0.022187453277766413
ID_7405AF3727,0.018322592259314357
ID_DFB84F13CB,0.035835317477018985
ID_F612D5B67A,0.01756038505454926
ID_3A09BE8ECD,0.7848481119246633
ID_9D54035FE5,0.2855059836630941
ID_5AAC190C4F,0.6632143054730145
ID_7E39196880,0.002
ID_8F241A320F,0.005964633879646756
ID_A3DD58E279,0.03204625570928767
ID_CB287B4788,0.007283847222814274
ID_A8E4808115,0.003385363081416412
ID_378E26452D,0.019774729379538725
ID_3BF68DEEC5,0.021211137672011438
ID_6E5B643610,0.004419417383397194
ID_B3187BB5D9,0.12911845749979015
ID_9E5E9D5EC9,0.01308027501494072
ID_718BAE8F97,0.007492690551354457
ID_327B120CF1,0.020749203737775772
ID_C4E075E279,0.002
ID_B98F3FFBF3,0.8109407343771862
ID_1F24A5CB5C,0.020641887901708542
ID_256AAE50F8,0.003803221873772501
ID_AAFC62D362,0.0021331761210597855
ID_647ADA969C,0.3665321131412932
ID_7AF4023F86,0.3759923297975309
ID_496670D266,0.09588745298914467
ID_B7B1FD966B,0.01400789973320482
ID_7A2A396841,0.0070480006688655615
ID_935E9EDC75,0.014288458169028408
ID_AEE720F0BD,0.01570557628142019
ID_678ACC0C76,0.23755359968496984
ID_87C4298A44,0.12648172606518554
ID_714A6D1D66,0.5672303833103871
ID_E5600C268E,0.007704717823666344
ID_05430054B2,0.46320832122977507
ID_A59780A28D,0.09511709972237578
ID_25A1ECE38B,0.08926403364853515
ID_A9024192DF,0.04586809388762253
ID_CE20BFEDA3,0.09329699309961258
ID_14958D8639,0.01309484375111531
ID_19BB6AEE89,0.04418809368976004
ID_FF421E3783,0.45766865083672026
ID_B181CD48D4,0.012558432362778978
ID_46971671DB,0.6579885149607932
ID_947E24F58D,0.002
ID_B72D8F5BC6,0.9840394735076919
ID_652BDB48F7,0.002
ID_F89795A594,0.0052719439396465995
ID_B684F5063E,0.2675922650053979
ID_2A451E8D63,0.2672195705619094
ID_9E631437D2,0.012323399220114009
ID_454C77B634,0.006164645823732479
ID_5F34AAFFEA,0.017696144099771167
ID_BF26CC60A3,0.005960535053563245
ID_29497B8381,0.04582067540752026
ID_678A63E146,0.05752865945183651
ID_BD0221E1CF,0.13870939842306126
ID_0552ED96D6,0.10822379780773299
ID_3A8BF0C159,0.1348576827877001
ID_C105093555,0.12484611769343412
ID_8EA6E64530,0.0037533138533314635
ID_E91FEBDA3F,0.4877312253051648
ID_E8C50C7EA4,0.3019888593914587
ID_5CE93590E7,0.04427156119920631
ID_8D937083BC,0.0325550449774129
ID_008304EA2D,0.7782113663846754
ID_DC1A1B5C61,0.04154266862536886
ID_48A982E4EF,0.04340199242162134
ID_156670CCA3,0.007637016850240758
ID_7B45A0F3B2,0.12309002021867396
ID_6D638BCDE1,0.003008005607045037
ID_5647E9647F,0.002
ID_B1FDF2A071,0.0037525094441549036
ID_2C459CD53C,0.2091654516943328
ID_5675A352BA,0.29179514017458313
ID_4DDECB3566,0.022344854802929096
ID_5AAC4CD652,0.06757592004651063
ID_1A9F3F09F0,0.17584756344749902
ID_7DBA24D072,0.02143919542914348
ID_F524A4BFCC,0.1027375361563556
ID_43A84EAFA4,0.002
ID_CE6A62610E,0.002
ID_1F137AA1AB,0.00645425407959334
ID_C4384E58D3,0.009517799704064517
ID_9336872473,0.07298920785090839
ID_386AB7D6BD,0.13042848728051268
ID_33B2ED0546,0.08842311782866404
ID_5DC7B41AB5,0.050531479026773185
ID_4C26560C10,0.0029872808109882225
ID_1F2CEA706F,0.09544361424401247
ID_3BCDE19F53,0.02694518025219938
ID_CFEFE691E2,0.07525300278069894
ID_49D4020527,0.3569983240688427
ID_04BCE4CB5F,0.002
ID_7E136FE5A3,0.27035501404012424
ID_5C53F6AD2C,0.006844178854895963
ID_65AB9F8EC3,0.002
ID_23BBE145C2,0.11989987795962906
ID_AA07CD2488,0.9789881260933654
ID_15ABCD76AD,0.002
ID_C0D0DACE65,0.007295905978537344
ID_A48486BD52,0.2837202216444938
ID_DF5B0599BE,0.02387304549802026
ID_A926591FF0,0.8654666038278775
ID_E2F059D8D4,0.06859294111935285
ID_F975929934,0.2552588839911017
ID_2C88B4A749,0.13866696445355153
ID_110608F582,0.06501348839118105
ID_5C2CDF95A8,0.01096436718418992
ID_46834C7DD5,0.03908552999432116
ID_FEACBD0A42,0.8696889426288917
ID_2CCE2473F9,0.04828198320292514
ID_3A3266304B,0.005694353583498954
ID_15174F6078,0.002
ID_D1F2D8C2ED,0.0630308306905178
ID_B7775702B9,0.22408723134219474
ID_799B0320D2,0.019783399135097197
ID_CC787B9CE6,0.2194710108628669
ID_1948D9FE3B,0.7537283472182442
ID_A134BA88D7,0.6620798229570422
ID_F17CBF4403,0.021863016225894805
ID_0A76FA030A,0.6421721396618009
ID_6E142F77DA,0.002
ID_9ECBE18D77,0.0964742133209282
ID_264AD72BA8,0.4447323857281832
ID_9B05CCC566,0.765537961019975
ID_0201E8C92F,0.015458010469064351
ID_D6C6600BBF,0.012484428584979713
ID_D89AF51D6E,0.6748896767569523
ID_B750404219,0.4200380623630495
ID_5936576CA6,0.34267108128661544
ID_998259C5B5,0.002
ID_EC1532CB30,0.26734637178261667
ID_56E19F44CD,0.3052722465580044
ID_CF16C9FA1C,0.17363906133177462
ID_32932630F6,0.006540637163994305
ID_CA443537AB,0.014302133986383973
ID_0B735C1947,0.06872431488202958
ID_2CF185E178,0.4881691241913852
ID_290DE09A30,0.1524921203590984
ID_CFD9E27FCB,0.14047593197891142
ID_E1CBA4C2FB,0.09516137120946004
ID_E113EE6C24,0.04592621637089142
ID_FA8B3F1475,0.6144927628351492
ID_775304956A,0.1355108587630097
ID_B8BEE77A3B,0.08353442443611091
ID_7EB5313185,0.011596339568960725
ID_DB249091C5,0.07241908585710416
ID_1EF196EB20,0.02556081858859186
ID_9A089F2633,0.004679738028698289
ID_02A161B882,0.002
ID_6346C636B5,0.061269490761266025
ID_E40140C6E4,0.976071779007513
ID_7666727FC8,0.21222788381545135
ID_0230938A51,0.00622167532513967
ID_975E51674B,0.040539764998775554
ID_3D130CB394,0.5128749507070041
ID_3E5F069BC0,0.5034194903483467
ID_68530C0067,0.2579795876459645
ID_7A38BDD9DD,0.5916512842843504
ID_FD48B5FFC8,0.15295649982199722
ID_71E561F3BC,0.9972816594502417
ID_6FDC449F6D,0.10210166665870894
ID_8E4816B1F3,0.5061495857458245
ID_A2B395823E,0.20471924034513583
ID_1E4B2568A4,0.016559579444111627
ID_618C8BAFE3,0.015702392971811557
ID_C45A8462B4,0.920700416075954
ID_158E1AEAF8,0.01694662270174824
ID_62A4BDD2A8,0.006542895396177521
ID_9E6A9F7F24,0.37974039422328837
ID_5B22A65CF3,0.7590100384521669
ID_990F870C80,0.0062925586724871035
ID_D01535E8ED,0.10387116455541827
ID_71773F98CF,0.002
ID_3D4C2D79D1,0.003335834283734648
ID_6C9A17DA91,0.00874619539133137
ID_4141D79DBA,0.06756321418271158
ID_32E37713F0,0.6838309800789957
ID_1131A67898,0.002
ID_3FA8C3B126,0.07444528388252916
ID_4734455CD8,0.5867411764035038
ID_195A2FBD27,0.002
ID_31914D057F,0.016683984194911735
ID_014418E0A2,0.030844344953862075
ID_E95AD85CB1,0.20690106164397912
ID_DCB101BCA7,0.0022227870204713993
ID_1E435AA2D0,0.19644790334608878
ID_C578A284D1,0.6685065739682375
ID_E2C2B4D44A,0.026860590152704516
ID_B77FDA483B,0.9907525912145978
ID_E4AC29BF1D,0.010203802723725137
ID_745EAE990E,0.0751062075226823
ID_8DC2AAF8DF,0.046322837810004285
ID_94780D4BCA,0.21327430494400101
ID_463D6BA80A,0.07262753002422825
ID_BA1800220B,0.6704264767962205
ID_083339CBDE,0.14875228045316502
ID_94968C5087,0.08862765281098436
ID_1E60E0EAE0,0.02186473390303108
ID_A56B1385B8,0.003164213031082241
ID_9086369AD6,0.04632524463576055
ID_A4EB3B6CCC,0.1580963007624579
ID_66C880D78D,0.01895478076035853
ID_1C5BD50815,0.00707215189417856
ID_8247ECCD2B,0.9499593331678672
ID_FF50B1ECDC,0.0320398500909468
ID_BAA2928D67,0.002
ID_A015DEF485,0.4171879448455144
ID_75BA0EE7AD,0.6843831390138234
ID_5E834BBAEB,0.012290301674374619
ID_0D815E0CF1,0.0027852053932532336
ID_08077057D4,0.002
ID_8E985752FB,0.002
ID_C121716CA1,0.06656892649650073
ID_D242ED01E0,0.010852369389815993
ID_E7C4323508,0.007160848427385513
ID_59CF1414A8,0.7102308317535997
ID_C96919238B,0.0663044919005562
ID_AFEE051E23,0.8188396630625162
ID_B7D81BA360,0.1753798732828891
ID_F1DD4B2884,0.020803787962210125
ID_2CFBE68785,0.14386422364966764
ID_9CADC243B5,0.13671596192449362
ID_27339F1B21,0.02461423365963079
ID_AA14637C90,0.032646783880314216
ID_8719497113,0.017662558100904748
ID_C580B954F2,0.0367171478560832
ID_BAF64C0525,0.00633315447513432
ID_1F27DAEB3A,0.2112572994571604
ID_EB8AF7426E,0.05984699704403848
ID_7C86283084,0.15253412672305625
ID_44AFC8AA6B,0.0027180417558854302
ID_73BFE74FE9,0.018883668539099174
ID_BA6D105883,0.005203768611156849
ID_609C402A77,0.057561963643595206
ID_70A2CB33F7,0.8082010226437906
ID_8889D90075,0.4127910518268527
ID_C2388AE194,0.04944413146508048
ID_FFC387300C,0.020156223327790112
ID_0FBBA08109,0.012777472081206973
ID_5986868FE1,0.16564179140378754
ID_21BD9414CF,0.002
ID_4AC86E4904,0.02321244538058898
ID_37C4D51E67,0.002
ID_64EFD8E0B9,0.014100905282463093
ID_EFEECA18F4,0.9956517184678463
ID_83E5A65443,0.1377872460174586
ID_2C9748797B,0.002
ID_8665BBDFF4,0.006222473558565687
ID_EB1BECDB59,0.006333432956345364
ID_452A88DB3C,0.09206837433458534
ID_5F0EC44C8E,0.007694515279253753
ID_B22C3C02CE,0.6078532554767794
ID_1396119916,0.6718325502819583
ID_8A951FF732,0.0063807789117677205
ID_BCE01B08C5,0.019599493752986558
ID_114825D9F3,0.01132540135874613
ID_07C748FFF2,0.006862092326808424
ID_AB25028B46,0.2000020609763345
ID_376C7ADCEF,0.019070760548387137
ID_5BFDDD32A5,0.5449214536229524
ID_3F0EA81C75,0.4590703826657405
ID_EFE33D1663,0.3502530759575504
ID_534F236895,0.04483678849981695
ID_6F58ED0EDE,0.017762602164903277
ID_F008EFF18A,0.002
ID_B2A7953B93,0.08132335232399414
ID_1E29A40815,0.03032318388358666
ID_5348F45331,0.06321976255586632
ID_A6173BDC19,0.0025413738165924425
ID_AB0F6AF3AB,0.002663862047112313
ID_7FB1FED8AA,0.184011157612988
ID_661EF97FAB,0.030713680891723803
ID_B7FE25F8E7,0.011232817423946929
ID_160D876E03,0.002751063605662407
ID_19933DB6A2,0.1357367813988628
ID_7CE0315175,0.002
ID_C3BE91C777,0.024240063024520853
ID_C3C779EE3B,0.4743514733054618
ID_A3DE19C0BE,0.002
ID_599CC9A9F8,0.0036679867958173333
ID_7E26994DEF,0.16783035196989265
ID_BF664FF427,0.9967956993534123
ID_641711F71A,0.0451463702322996
ID_A4FBE7F835,0.09117933655364777
ID_9DB2DFE700,0.048202572289138435
ID_252437C4FE,0.06635030795355518
ID_5E0D8B5697,0.4243275280354585
ID_E6598198AA,0.024082951447930472
ID_8B39AF19C5,0.028602471521754238
ID_3ECCB76F06,0.27480001495622025
ID_20EC9DD96C,0.11620259082793291
ID_2403887ED4,0.13117467600834853
ID_9E1B2B635D,0.002
ID_AAFDA6CD6B,0.002319747520425452
ID_AC6AAB3DC7,0.49874122979115404
ID_10ED35B6C4,0.9911099510195333
ID_93D7ABE8A3,0.002
ID_951D7ECC02,0.4108100906898361
ID_B295C9BA59,0.12169791739014134
ID_5977AF3D58,0.021743832797902613
ID_0079DEE10F,0.04034921613840345
ID_85421E396A,0.004987332987935919
ID_E5C727F23B,0.0072876443990480015
ID_238BA66359,0.002
ID_6A8737C2D4,0.002
ID_4580D6472C,0.36081361627212705
ID_48730A72D3,0.002
ID_2A8899B2BD,0.002
ID_F39C7FFD48,0.04217183890537839
ID_EFEF0E19BA,0.024417493058300987
ID_0101B1AA97,0.31499320734478975
ID_287E70EE66,0.04339335359103468
ID_7AA4B81826,0.002
ID_900CC922E3,0.018377976950420403
ID_0DABD55EC4,0.7481314922722904
ID_8381420D8B,0.004108930881929107
ID_F9056C7064,0.05003725383046953
ID_631970E2C1,0.056999985293657164
ID_9D1B776542,0.2642145748958001
ID_4DF9CCD039,0.018425724526469837
ID_239A4BD35B,0.012286877820814654
ID_1F30201BD6,0.25288067221625654
ID_E7600848B2,0.34501730417174525
ID_13FF2E6056,0.07046017475093572
ID_CC0A92211D,0.016407012209335523
ID_83A2E8997D,0.04492628912987562
ID_833DB26C43,0.005943065681519873
ID_79AC965697,0.002
ID_6DDBD1ADC2,0.021048596634398137
ID_B213179E06,0.006442698363012872
ID_94406100AC,0.01500963565328649
ID_DC811CF51E,0.010980845042148748
ID_D14EC024EC,0.002
ID_C17BBA612C,0.04487903619145197
ID_EBC12F125A,0.17952526200472385
ID_6E1D54E14C,0.11510552995296365
ID_028BA380F2,0.23832169349070795
ID_127828EE5A,0.014048381912237853
ID_249EE2C868,0.906057608193788
ID_5A233A83D7,0.6493255996327569
ID_1449E47218,0.015043258237580608
ID_1F77A9C90E,0.009171177972960621
ID_E822198B63,0.002
ID_E17BBD18D9,0.011435315105843774
ID_80CBB5AE53,0.027728237673860807
ID_2CF00EBA7F,0.5445769608148895
ID_ECB4FFEEC9,0.006941628238854227
ID_B576C26580,0.37702435441378984
ID_034CF60D5A,0.26210202944763467
ID_9B56FDC2D1,0.019735865371303993
ID_992DD71520,0.03939521140238366
ID_AEF582664D,0.014910777325860824
ID_8305446FF5,0.2478896038733508
ID_9CBBEDC1B1,0.25477748640124276
ID_A39721C7B3,0.7173577971453489
ID_814BCD3E27,0.002198679194441184
ID_3AC72FB401,0.10925913661425019
ID_44AB64201E,0.002
ID_4D6E260349,0.2900453664986557
ID_2FA7DCFFC6,0.9200252466460644
ID_32FAA71DDA,0.00780464228291995
ID_66AE350B6B,0.006561310617658908
ID_C324CF81F0,0.408790961996736
ID_F8B16DFB2D,0.0034518613250926365
ID_72823077A8,0.0249460970412193
ID_68B227B9F9,0.3848452778263171
ID_DE279A639D,0.022245274306393392
ID_A655389F89,0.02320043770202004
ID_A8A369B388,0.9394686411920498
ID_C2A987BC85,0.054233932850071
ID_E097A17CE3,0.1368804741480669
ID_BBD4D89267,0.2700457933191136
ID_E4045FFE7F,0.002
ID_D1946EDE50,0.10875254817027145
ID_F45055B8AD,0.009675365660406662
ID_24F2B6E983,0.42171615548915353
ID_B7EB80CF4A,0.020636262344280388
ID_A729AD9DB0,0.007343066207511383
ID_42CB0BEB4D,0.27378167853551205
ID_C8D92FBB7D,0.23132245470053528
ID_44DEE6D54F,0.014057075824679173
ID_3816593427,0.07947544488573452
ID_61C434BBF9,0.2685489693228442
ID_4C99DA9758,0.012894798009589292
ID_9310955051,0.7489544160778021
ID_874AD1E03E,0.036441658901308564
ID_7F25EA069E,0.008475417138270137
ID_50444EE68B,0.9545689762056856
ID_B790E7E4B3,0.006507511901011762
ID_49BF1D1282,0.006193725488488413
ID_A96DD98DEB,0.011017535637920342
ID_924ACBB077,0.2386193051356935
ID_41C92C2DF4,0.20258157033265023
ID_D778B63D72,0.6844078992324022
ID_104ADC73C7,0.002
ID_42A9F410E7,0.006280512277040028
ID_73D6C34B60,0.036169826199159934
ID_A40EFD47B3,0.07514851277914165
ID_B13A2FCA3F,0.1582641161090642
ID_1C9C8F8517,0.03317153846220881
ID_2B9EDD6E7A,0.043001461779958935
ID_102B7CE72B,0.09656671792489387
ID_4FDF7D7CCA,0.0068723151328069386
ID_69BAF0070B,0.899007448754733
ID_4E00A56933,0.032764941673005095
ID_E0EB0EB82D,0.0328761910428656
ID_36A3A46E8F,0.006319321990666229
ID_2717716C13,0.005720830983609515
ID_F12F26E104,0.011043017490461778
ID_D969EB4A9E,0.7604347575980308
ID_6F98888787,0.02083281571900344
ID_AFCB42DF57,0.0032944545606019464
ID_9CC5F1A99E,0.0034474400186743407
ID_CF491102BA,0.30610816246340566
ID_AA7EA39696,0.002197597728314311
ID_AD89A0BE4E,0.03320352110137466
ID_A34E135316,0.004790637405206154
ID_AE7473669C,0.002
ID_2E70B19DE6,0.008924144115562447
ID_398D6B8592,0.0067593043674624015
ID_6C41A2F318,0.28963587778704686
ID_5DF71E6357,0.004077450401357791
ID_A7D4B3AB7C,0.38166693722419676
ID_8DAA97E3B4,0.021687410716241386
ID_0E8C25DD26,0.03170443858420357
ID_AC8556BB7D,0.17025563804482582
ID_5146C6A64E,0.017602455320860022
ID_625D572CEC,0.017895404992682995
ID_D030F71042,0.002
ID_D451C436AB,0.002
ID_9C71778772,0.002236013709096571
ID_A763CCF491,0.002
ID_7BD562497D,0.0046995707801753194
ID_7B794BBBAB,0.006068533642459562
ID_B0CAE503FF,0.002
ID_147C91263A,0.1561032306629363
ID_47964D276E,0.26940355870277644
ID_8019FFE12D,0.02280577582027043
ID_D49A21E110,0.025493855270875804
ID_E97A560BCB,0.044559344449173394
ID_DAD3C2E953,0.10491612565417217
ID_33B16D5AA9,0.023989755830821455
ID_3FE56070C1,0.007055399012186503
ID_FE7EA88F07,0.6920481041489964
ID_585CDA1703,0.011905982623900526
ID_76CF95A604,0.002
ID_5D9F3D9CBF,0.7538560550597139
ID_C7ECEC1C4B,0.013822219893548185
ID_3B9E5437E8,0.6167373843970578
ID_6A854FF917,0.004558312715142754
ID_2B096A7C81,0.3624382430974304
ID_F80D2F1C26,0.01477023569598984
ID_358A9BE268,0.03294792560836187
ID_1B6DA2EB03,0.01987376366497956
ID_BC9F7016E6,0.06052747416228492
ID_89BA45C6B5,0.007772813005402624
ID_445F5B40D8,0.15229022255952937
ID_30FC965CE1,0.010618945727208456
ID_99206A7892,0.10065920032761369
ID_C05C53AFB4,0.13769604065239613
ID_2386D76616,0.0071654599713352595
ID_4FCBC27DA7,0.012586809307776442
ID_B354CC6D08,0.14907664007665475
ID_9460A8BA53,0.04514451175704303
ID_AEB2714A31,0.022464158668847052
ID_8F0C07E94A,0.13353136184607386
ID_6A75F54AAC,0.6371812818437441
ID_104EAA7935,0.44610873356303815
ID_78005C2EF4,0.002813731195146294
ID_59792B30D8,0.002
ID_B72CE13B28,0.028202324984511654
ID_AFFE47B4B2,0.5767797146717779
ID_3146DCF64E,0.019731782863948104
ID_D8396CB5FF,0.4640193012673784
ID_E41FE922BB,0.008087699960784567
ID_E13DC90DD8,0.00615275372310932
ID_9E1AB0D3E8,0.17665631252153657
ID_1BBD20ADAE,0.8991928953360006
ID_CC930D5433,0.04086223351554412
ID_4C471380BE,0.45199196132241176
ID_1C9ADB5BDC,0.13568268261070515
ID_B63C0E5879,0.00617541166703662
ID_10FE32DD83,0.08915290910185221
ID_C1858DD01B,0.04663306789750484
ID_7E5CA770EF,0.031246594194435845
ID_4779E8E3D8,0.002
ID_B6CC2B157B,0.006956489583415382
ID_2EB5F485AE,0.04502786193016172
ID_B42BE7294F,0.004956219592704995
ID_221EA9AD96,0.04153118830364322
ID_0AA76CF102,0.019042440708699256
ID_4AF3581A05,0.5273100204675621
ID_2E284301C6,0.1705058418910356
ID_A51A359D2B,0.014958830219925801
ID_B587C1C43B,0.007145288703061753
ID_8046FD12DB,0.15250936127700948
ID_B3DF2E2C48,0.008112267342532085
ID_03DE43F61D,0.0023750449074770317
ID_54D8D3E946,0.19404881467855442
ID_7D52C1BF24,0.04235256163918512
ID_219ADD5C44,0.060127410134947636
ID_3B9D9037E6,0.024626064119236235
ID_80CE6A2347,0.09101435898323443
ID_881BFA2736,0.029169444242096835
ID_DB91A376E9,0.3541366693308054
ID_BCC5567DBA,0.05494352658010572
ID_AC050A0897,0.015707065878953222
ID_3205FAF180,0.002783609986097204
ID_2CCFE309B5,0.175643166330741
ID_EF73E073B0,0.0910804765621087
ID_E0F755405C,0.002146037930578852
ID_129F0F714A,0.055690036868058866
ID_D92871D08A,0.007415796267845022
ID_BC53A82D7A,0.002
ID_61533C67B6,0.061209192595511906
ID_0FF626A33C,0.9955267821653844
ID_5B38012434,0.8989117443592808
ID_1F13A6B339,0.012642169061231301
ID_2C36F5587A,0.2024045101195408
ID_01FD0F041F,0.557824682475492
ID_A3F6A1B60E,0.19453983748544543
ID_33BD3FF3F1,0.9931549812951734
ID_9C158B844B,0.13913511804390546
ID_2E6986C3FC,0.40610067001676514
ID_126008E2A4,0.05393381303709366
ID_B4941683E2,0.10364228321460782
ID_64B0BFF393,0.43138009249898446
ID_5D7709C279,0.002
ID_E7A5B97F8C,0.44576115106189207
ID_C8C6442255,0.17521491051460075
ID_5868EC0695,0.002
ID_DDCBD13BBB,0.5876185672977579
ID_288AB435D6,0.8833646656247655
ID_74BDFF014E,0.19982341365222242
ID_DF2BEF90AA,0.014467107451712627
ID_ACECA66E6F,0.019872133782571577
ID_6855179A7F,0.04343673471948428
ID_38887C2248,0.005025945556150324
ID_E4FF1F6DEC,0.35417685549831845
ID_6829D1C78F,0.025308511881311543
ID_955095EA79,0.021584759126597797
ID_6C13FB6684,0.23529887110970898
ID_4F76CB4A03,0.1928406185454939
ID_67699B7BEF,0.006974865852501917
ID_4BCE0F3B6C,0.7579393589501059
ID_8ECFB670BA,0.0027599728339699208
ID_714DCE92CB,0.1739341007156213
ID_7D02C94953,0.007702856249457715
ID_884E97BCD5,0.28079548685898276
ID_434E9D8CFA,0.04451844593994929
ID_498D26D53B,0.5340792115321841
ID_07E19F4C53,0.21939966691006002
ID_94A6B1AF4C,0.07111556276467057
ID_2B2AD060FD,0.006853399439865883
ID_5EEC3854BC,0.0027826251136750723
ID_5AFE9DBF2E,0.2580909231855125
ID_3841110310,0.0062163711590422
ID_4D5D762AFC,0.014220478307008767
ID_CA98858659,0.9918384187675413
ID_7E564A3B86,0.1275836796331945
ID_1EF4538B9B,0.002
ID_2FFA39F99B,0.005950934425587789
ID_495AA81109,0.4122753090801476
ID_4FCE8710B3,0.045964740952841844
ID_9B84ECECA0,0.00807416298323199
ID_EA72CBEBF7,0.028895004237151856
ID_6C08742783,0.10684967021229454
ID_D7E7C1DC5B,0.002273076088572501
ID_CB4DEEE13E,0.9323063367419775
ID_FA4C840F50,0.005988496060971054
ID_A981D48BF6,0.024301735274759987
ID_0032DD55D3,0.14166762135323885
ID_0ED14034D4,0.4127308849624456
ID_37D57E097F,0.00527462027740296
ID_01344E6A8D,0.10920967517222716
ID_D97DA6CAAF,0.01928780559046578
ID_F6D6D3770D,0.9980254602900425
ID_15E9DECF15,0.36609577480469885
ID_D96278FE70,0.011721966288563252
ID_8F39BE9AE6,0.0904203160675443
ID_4BD64E1BDF,0.016539296953423314
ID_A0D3A1FE3E,0.0070551347126244475
ID_4DC3DBCA91,0.023418831152177706
ID_A0C8D4C09F,0.191858876394101
ID_4D9CA042B5,0.5220456298081658
ID_37F24DC060,0.06914321233394867
ID_31322E5B53,0.3443304013225999
ID_5C25E92B4F,0.020195424899000582
ID_C8BDE9BE0E,0.03085841073468127
ID_403A1DB727,0.11742755013885924
ID_3F06EFB315,0.26168369123418345
ID_913DCD651E,0.0033177841722998127
ID_09F82964CB,0.012276705940095996
ID_BF3E27CD74,0.10937254176024983
ID_66D04AA895,0.11388902162573211
ID_C01CBF9CB0,0.11574250111187782
ID_7AD41C9FD9,0.05218762597149161
ID_6C88D94C2F,0.10522173100445845
ID_365C7BB13B,0.020496896142440203
ID_B2FC461055,0.02246309032471374
ID_446C6DBB5E,0.01955299499856322
ID_8823AAE236,0.020932516730898024
ID_232C08B962,0.016581265358356446
ID_94F2568133,0.22421197582992058
ID_ADCCD27805,0.005063547985093612
ID_AB0D8053F9,0.16172697116444051
ID_7482E4DB83,0.15108437801005067
ID_658FE2C1AA,0.31967124911222894
ID_DC942556C7,0.06693448157050307
ID_97938F8F13,0.01787547696435598
ID_6F49A9C3A7,0.2892423074101222
ID_E5DB23C44A,0.280226423770365
ID_4042C0E27A,0.19752814755205106
ID_6117A4BF0F,0.011452846004992565
ID_930CA361D3,0.006778275306413999
ID_B585002169,0.011350153111379083
ID_6CA31F7FD9,0.007050458590033227
ID_2866E2F966,0.1458619323815519
ID_CD3548F6DA,0.006532473822938381
ID_EB2876DA3E,0.04364648464133986
ID_09CA462220,0.02090863620463169
ID_2FB5684834,0.002
ID_69007C6CFF,0.1990201272957916
ID_CBB2E0039A,0.014070911554751292
ID_C9E0CCB69F,0.6577676876715717
ID_9418A907A0,0.08262951768080772
ID_B79563AC20,0.002
ID_55A01CAE37,0.006726699121847228
ID_E317A2183A,0.002
ID_4F06EB6176,0.010678969977667402
ID_389826174F,0.06093269690449099
ID_FC306D4193,0.27896924307915866
ID_6C1FC91A4D,0.08273591716523156
ID_74BCF2FF6D,0.1565786645875698
ID_AEA6792159,0.002
ID_8128AD86B3,0.01963341968775545
ID_DEC7C9022A,0.10251100526840952
ID_1AB9E7E9D8,0.0020704828593862026
ID_C8D9764151,0.24668926400596874
ID_9EF93210B6,0.77454370116136
ID_F6C42FD435,0.9979527856113056
ID_69A771E906,0.360811751974609
ID_8DABBE5AF8,0.024955777808387546
ID_163A50083C,0.07128736200185626
ID_4A3D672A24,0.12369752326045187
ID_20E1E4245B,0.002
ID_69F6C45658,0.6403633322203804
ID_7CB8900691,0.06735319940009603
ID_381900BFC5,0.04556478168413544
ID_98C5F4205C,0.5153956996005826
ID_FDA2B0000F,0.01290914371595777
ID_78C86B5937,0.0426566160072419
ID_6FF233D732,0.05425530911427346
ID_3750C7C0A0,0.05612453421631505
ID_830E16C10C,0.21751228485741572
ID_CF087E0808,0.004072108160207233
ID_0B1C59C07E,0.01910100281386062
ID_AA8F0AF174,0.007322970893099035
ID_89B9B12684,0.002
ID_E0B62FA4B7,0.006668360799827283
ID_1EF5BCE2A2,0.017968305305269643
ID_D2E9F2DEBB,0.002
ID_E0836C164A,0.007178024675344625
ID_DED3D9B680,0.9908518648971407
ID_A15B5B86F7,0.021381178819454737
ID_8DF53C552C,0.002
ID_4830C59206,0.029888664951554567
ID_F05F549533,0.026239865396899258
ID_49E74CF23D,0.004572194982565468
ID_AB23EA3B94,0.01155168565662904
ID_1F1DF338B6,0.29405013929617724
ID_CBD81B7361,0.00666495460352382
ID_F8C590B57C,0.09335054436258974
ID_02D745F47F,0.0037420335760500766
ID_192F73ED8D,0.545451715232796
ID_619DDADC20,0.06411325809782299
ID_D45A3E89BD,0.9974857472592502
ID_45D8B3E57A,0.26646109327838174
ID_89F58E9A2C,0.22196972108176177
ID_FC4D39DE08,0.0209923787297724
ID_FA79036956,0.002
ID_5FC977E0EC,0.04237079996221797
ID_3C89F5C2CD,0.011324593007072342
ID_1EB21E4B3D,0.002
ID_11FCBEAB7B,0.10912610356912687
ID_53C92816B8,0.041013578516279695
ID_2770318358,0.02232906489799471
ID_A90D896357,0.04436482294415397
ID_AAEBD0526E,0.06812544430804149
ID_CEFFC39A7D,0.002
ID_AB1AE58AC6,0.08864828470866248
ID_F715BA0915,0.003296152961653598
ID_071EA723D5,0.012050611615532838
ID_6E63E0FEE7,0.24281117127301963
ID_FA2B05703E,0.09491344611114891
ID_A24CB15A48,0.9967480687488789
ID_E2B971604A,0.6458528174880511
ID_2F3B4B3447,0.22364271898427893
ID_84535ADA67,0.9977890197474818
ID_74BCB5FBC9,0.04474228270773907
ID_022BB27432,0.004777164928144433
ID_32C01F6350,0.0032633803002363637
ID_A5E29F9462,0.005336523715099601
ID_3E669A748F,0.00367439499231768
ID_CDA0746E9F,0.002
ID_1CFFB12384,0.03260914757046585
ID_5A89DFF49B,0.002
ID_EEC57E41CF,0.005267256925863291
ID_BE3C8E276B,0.8499722198741195
ID_FDEA6FCF28,0.010552344994960841
ID_3487D98019,0.002951391449343991
ID_EBA4E42900,0.23075081202929743
ID_841E351F3F,0.002
ID_F90D58CAEC,0.00822438301026943
ID_2F546042A3,0.014834350848647074
ID_33D299B1D4,0.9036780815309762
ID_481B036ABD,0.18551143320735436
ID_DDDFD03272,0.09156794572358058
ID_EB4259AEBA,0.9672825463673467
ID_82885EC313,0.0055201979192407505
ID_05CFF5393A,0.02082053184242294
ID_93FAD7807F,0.01721288795826861
ID_09795E416F,0.10721395209025279
ID_6D0C319E4E,0.04449367000084624
ID_3135408E0F,0.016703948788898075
ID_200B15291C,0.04896271370129595
ID_5849C2C90A,0.26225474931271386
ID_B27225F357,0.016428257931928807
ID_ECD6D9109F,0.0056036831402666715
ID_E217740C82,0.1698240662030147
ID_EEFE4A7535,0.06703807036145948
ID_65F3C3EF5E,0.006469177225111546
ID_1EAD7FEC49,0.13433992865790947
ID_687F9E06EC,0.008434925299889472
ID_B1A1B09B8B,0.04109830155491246
ID_A022A4A416,0.708105043691484
ID_5D7936FB7E,0.1306017018565299
ID_6BF6FC1444,0.23021762839198429
ID_DCEF39C8CA,0.09254697138768492
ID_35DF49AF03,0.18718059400889078
ID_755D05B687,0.5907633254619435
ID_FFFBBBB6AC,0.015811589027803174
ID_0A1F84231C,0.029083526423816036
ID_6E36ADF7E9,0.0134104212237461
ID_07A63BE37E,0.29659285701036125
ID_0E80073BDD,0.23329039880232105
ID_848DA791FE,0.203515320792069
ID_885E9EBBB8,0.07579890944034351
ID_F36F62C17E,0.06522134329907071
ID_49A07D0F1E,0.9565150043430405
ID_931A3F7612,0.002
ID_7DA854092A,0.08364084260604665
ID_E2FD16315A,0.04420768707979817
ID_E274E1A10D,0.009893931589826755
ID_E4A1BFDE46,0.019516297990163387
ID_FD3EFBB7F3,0.044643756418201105
ID_58996DE403,0.002
ID_FB14673591,0.7195988127426965
ID_64F1FC34BA,0.002
ID_D9FC10CEE6,0.0023115695493869707
ID_72C93EC17E,0.002
ID_65EDC60A7A,0.022245383467054226
ID_22EA9AEE14,0.007924042009627848
ID_9C19BEB7E6,0.4427261770562853
ID_0AEBB800A4,0.05557951084891442
ID_02FB7C93CF,0.25705466752436473
ID_C576C6F0DA,0.00824143987502309
ID_7EE4295F44,0.002
ID_EAFEAE9DCC,0.007144448880669014
ID_B3FACD5E2C,0.028518183893715597
ID_A4CCB80FA8,0.055242967769207
ID_401F9EAA1B,0.07494871027465332
ID_FFC6683A06,0.12684854677665966
ID_3F476C5FE2,0.054387318939270346
ID_098423200D,0.09137413642028216
ID_C04BE4608F,0.18805753076258364
ID_93A4DAEDC4,0.13345847919295822
ID_736A2F4841,0.6861769497259191
ID_FAF86E3C9F,0.08494681827146781
ID_42055B6C0D,0.14217286329409218
ID_A9F8841EFF,0.2534042426625961
ID_E7E4A454FE,0.05848517334188665
ID_C614BECCAE,0.002
ID_40918819CD,0.021900762333460656
ID_0C138E5AA9,0.29073904116505384
ID_066A319EE1,0.30889114720405864
ID_7F46CF2609,0.1116462972061895
ID_5BC4894B90,0.002
ID_ECB8311A70,0.015412360075792667
ID_6B17F0BF2A,0.004491717295725349
ID_DBABA054D3,0.12287997515828873
ID_AAB9D9B60B,0.048307256158936385
ID_79D5238821,0.904526710510217
ID_D26099305F,0.9962458861754581
ID_DC2BB2551A,0.26907470944398587
ID_BB5758A1AC,0.21539653291903896
ID_698B9A0A74,0.22051467778732586
ID_BD8D3539DE,0.29486900766498575
ID_EB80718E04,0.002
ID_3C3259FF9F,0.25729538367444343
ID_D6CF6C15C6,0.43519780979407297
ID_4FB8049DD2,0.03358653453261312
ID_A6298CD21B,0.002
ID_8E1D67B3B6,0.29794206609300594
ID_0814B5EE9C,0.9812160485198687
ID_4007317392,0.11550146384179812
ID_2F803BA520,0.016298830686387687
ID_F7E9EAE520,0.04464401655046683
ID_E9C279C1DC,0.002
ID_4CFDDD0B6C,0.010175456392194516
ID_966D7DC360,0.0020776971357961563
ID_5A4195811E,0.285520985733009
ID_98D9AF369F,0.0026959825452731634
ID_DD13CD6BAE,0.006408342087661595
ID_7E173CF786,0.002
ID_500AA7384E,0.13038029778809893
ID_A7171219F5,0.10080886786685703
ID_E8F3530952,0.005220390349886669
ID_505A587357,0.012403823486411367
ID_A14FCE0EF9,0.002481466026269887
ID_4307BE851B,0.13653335651606138
ID_AAC274FF2A,0.01904869799425502
ID_CA67D4AE9D,0.002
ID_CEA4B209F3,0.006648090972574381
ID_A46146374B,0.06793504557854083
ID_2844EF0143,0.02023445939623344
ID_E92BCDD737,0.051140930252862954
ID_ABC7CF8DCD,0.002
ID_2C2D2C4F03,0.05606527070619028
ID_75214D3CE8,0.0022668353111087967
ID_7776A3D822,0.9920322120417325
ID_2090F6802A,0.002
ID_C3BEAEC683,0.026058326815685477
ID_1A9A85CD3C,0.0020133455993068933
ID_59BCE59E70,0.053309722621643615
ID_D112D3BFC9,0.0050220888210432465
ID_26AC8D0CAB,0.5554924057342472
ID_A1F6CF8625,0.002
ID_B365DBCF3D,0.002
ID_9CB163271B,0.010046779477525114
ID_CCDF0B391E,0.02949501145349521
ID_042A771E3F,0.34232213279086976
ID_3C68A1A42F,0.3068451676383528
ID_648673D557,0.11153457543323597
ID_2BAB7A054A,0.022962524698603454
ID_D8378A48F1,0.004052054810964034
ID_17B145128D,0.02536194528626106
ID_06A33A0A7B,0.3653424875388811
ID_E6C1EE61C8,0.005889455494932795
ID_00CB6A9D34,0.0023293418738313085
ID_6637FC41F5,0.12333479752768067
ID_571F462F77,0.007719384438395356
ID_EB235EC154,0.013146206971608369
ID_3D61E6B3E1,0.0354789016303536
ID_74DFA4C131,0.012338865674551053
ID_38FDB031D8,0.0033676102411615626
ID_0891821C3D,0.002124188400806274
ID_731FCB0B8E,0.12662482711028683
ID_9439BC4FE1,0.1074671798797487
ID_31127B06EC,0.1716322804357993
ID_3673470BC6,0.02372650060889859
ID_C8B08A881B,0.017544036585194708
ID_263B05164A,0.3216450220304309
ID_B24C254B63,0.10355270492488412
ID_E4D6ADD197,0.007217391846300338
ID_46716FA976,0.19035085887953448
ID_0A0CA53988,0.00574012772883442
ID_5214B58742,0.5515091228110093
ID_61866C672D,0.01748541828568704
ID_850575AC8E,0.028485727050919035
ID_EECF890B25,0.01368954988655859
ID_7B7AFD4D40,0.13570437221765982
ID_E1A4665A0D,0.2504222363436388
ID_2C59475702,0.012695369243574915
ID_5AFFEDDB70,0.011397168839978438
ID_60541DBF5A,0.01650665798182373
ID_D326C92C51,0.9158701413647284
ID_505DB3FD6D,0.006711861178602836
ID_33BC8206B2,0.005532856158595726
ID_B244DC9D3E,0.14750696384067588
ID_0C6B661BC0,0.046706723662620526
ID_E11B53758B,0.0069156386468704365
ID_A29438E051,0.9245322010136828
ID_14C4564763,0.0075244133390735025
ID_0CDA7223C5,0.017039282841950443
ID_20377FBF07,0.3218880409020414
ID_87F8796830,0.02536210208554812
ID_0DBBCC362E,0.06874384516953795
ID_E87A8598CB,0.013490679873112681
ID_BF13DDAB78,0.48633686281355654
ID_CD4C7C56EB,0.00650187977157988
ID_5F304DFB8C,0.027446327935703493
ID_1CE4F2F808,0.00539919192419378
ID_6B22605AED,0.004857415571801955
ID_4AC2E9B142,0.5109315918809897
ID_6FD2F40EB3,0.002
ID_FFD7A1E001,0.06359035897494383
ID_E40ACEC2F4,0.0136813248504943
ID_734467CE93,0.002
ID_C31605B373,0.028020273078545987
ID_EA8F076B42,0.012117478493277316
ID_92F805DCA5,0.04911164812765378
ID_4BF8E18723,0.32660930199188243
ID_60A8058F4A,0.01244627164447492
ID_1BBB550B3C,0.07505275381137994
ID_6A0DC9F0E8,0.0020878212032170544
ID_0A688C476C,0.004825438286656007
ID_D85991A945,0.5500959463048355
ID_86679F4AFC,0.014122105770185618
ID_546B7BF44E,0.019970717359099523
ID_745943AEE5,0.022452984748461854
ID_16C4C42463,0.023580152226600735
ID_FDDACD4164,0.020238276561841052
ID_59D8B9EAE2,0.005636384064340661
ID_6F2C7D1E7C,0.00241588782978454
ID_8BDCD34D46,0.006481127104513707
ID_5304E3FAFD,0.9902576777371023
ID_1055B90C4B,0.10810922847298543
ID_7D01A4C5E1,0.08729349847758688
ID_E95D190DC9,0.2696190530094801
ID_456ECF5B4C,0.06903223957891702
ID_A2B9C016A9,0.41900214456193413
ID_0E4FDDFAAE,0.2628525732654092
ID_7CC6439051,0.011295741058930256
ID_F768D93E40,0.7001478541470134
ID_862B4932E1,0.004505203620839502
ID_2C218B41C4,0.2545457776094636
ID_63F3A790BA,0.09614249274668916
ID_AB16157BCB,0.0027925523072542197
ID_BE834F0BED,0.13428104381969647
ID_50E43ACE1B,0.002
ID_700974CEA4,0.9969855859540259
ID_7B05712AEE,0.319014964379002
ID_BED1FBA0F6,0.01590785969974652
ID_22DE331594,0.03476850492787579
ID_C9B5AB1BC1,0.006094578989297
ID_40029A9A6F,0.044813450634657574
ID_7F0492D6F0,0.28379906119710463
ID_BD293EF4C5,0.025401158618806097
ID_FD9E30B8E8,0.3677751965464233
ID_9CCD93F9E1,0.07391702443174522
ID_0723E41842,0.28115111244848573
ID_6665C92B4A,0.04702279470733903
ID_332691A8E4,0.012592924837970853
ID_6189DE7D22,0.3897111481159519
ID_23C4B69E5D,0.037629770634468415
ID_17B3D8CB15,0.0635159384201545
ID_C31C3D1261,0.002
ID_D3F623CC84,0.12116393948160775
ID_12E75594FA,0.2227961421551567
ID_84246ADA20,0.002
ID_E790BCA222,0.002
ID_ED8BC9B5CA,0.011799140660709903
ID_1C7CD1B101,0.9807616222034565
ID_86E1B30BBE,0.011073280627271049
ID_4780FC07ED,0.013826555802199875
ID_6E3ECD88EC,0.045894449257310205
ID_C06ED74056,0.7138446300845855
ID_09F9371BFE,0.4237701278433814
ID_3D60564314,0.013902714535821457
ID_D5BB28BDF2,0.09762371889217696
ID_BE05441E82,0.1265133374910158
ID_154FC70559,0.20871269721850905
ID_E51F38390B,0.9848916259664233
ID_6851298D6D,0.04013203138039039
ID_BA87F9B3B9,0.00993331063576976
ID_145D4C3314,0.026162608136185216
ID_F653DE69C7,0.018129629868499992
ID_17339B5D74,0.8579499657811331
ID_DF66EA9F13,0.1555256615152397
ID_2F335EB0BA,0.2519056873468342
ID_9829B58302,0.18644693222987707
ID_010552C824,0.021750385316541575
ID_0085B4CFCB,0.002
ID_D202161E37,0.08503850039644577
ID_DF5AF2CBCB,0.0022054132209256517
ID_0DDC01B446,0.21146081484629145
ID_C465B4A9FB,0.6905611115379824
ID_03F4391FEA,0.003452769499627575
ID_40EBB91AAC,0.023321468742762145
ID_7DFEB0F47F,0.12022436700945223
ID_5ABC33049B,0.44846902185781207
ID_F4E57BFDCD,0.8757031496004318
ID_EFB9081641,0.012043241828481025
ID_2091F3B6D6,0.2222803375111052
ID_92979CFB64,0.002
ID_937DB880A8,0.1267015321193071
ID_27ABF0E19A,0.022669664946194084
ID_E1D759DBAA,0.9100652369156469
ID_41525100B7,0.9975754424791814
ID_83B3DC4B7D,0.014176868104158078
ID_8A318B1EB5,0.09666614179781328
ID_EB896ACF21,0.008445366391737031
ID_B846B51703,0.9715417172366074
ID_926AD4C1FA,0.01994439088603216
ID_6F2625B5FC,0.014540987407359535
ID_85B13041FC,0.4346374093148089
ID_A818B2A845,0.025074138585243582
ID_E929613FAD,0.014586725906792412
ID_9E793D9CD7,0.0520172168629944
ID_0B0C3B3435,0.012199453997941602
ID_4A781D9DCA,0.09664228634832732
ID_7521003E71,0.6746309606429115
ID_105025BBD3,0.40967633512897017
ID_22CF1D4E75,0.1921257324877777
ID_1137844B45,0.09391951419196896
ID_A2EF254599,0.36761968870440953
ID_566C11E4DE,0.07164535228703098
ID_25D0A428CB,0.002
ID_1528BBF91A,0.002176685254449922
ID_9A5F872E06,0.0028864594978915397
ID_B43274267A,0.07635134174660814
ID_67196DEBB4,0.0688582031951889
ID_AA1CFE81C3,0.04214226105716159
ID_0A5359E61B,0.014452941202220073
ID_FC025FB916,0.06568536020520872
ID_4E6F572402,0.01114502751038521
ID_F67D45B03B,0.1620056561296091
ID_4F967A05B5,0.0212855061336093
ID_FF9D907501,0.002
ID_0136ECB1A4,0.002
ID_7F3AEC49EA,0.0067777854282867625
ID_4B7856A5DA,0.00765641731234307
ID_5E3948961B,0.012452144475927929
ID_73548BEB88,0.039630610933902743
ID_511CB5AC07,0.006289675216742153
ID_E2E68804F8,0.5446279444310451
ID_2B1E7FF6F4,0.01169849616657284
ID_724AD07F22,0.07722633581535823
ID_1D1D7AF9CA,0.04667828373396444
ID_C2389AB450,0.02009298046666598
ID_B1E0A6073E,0.007749975792794068
ID_61CE67AD5D,0.04328416348305896
ID_869BAA07DA,0.5104502485674589
ID_5BC5A4F1AE,0.1998967429204126
ID_69199ED6BB,0.04135850174747363
ID_DD3F90BB9B,0.0065704526412177075
ID_1EB434908C,0.0021823051892477146
ID_30FE9661B6,0.6968256706431528
ID_F30BA6AB8E,0.014907610016782955
ID_F93716B5CD,0.006956188807684722
ID_4BCD9581E4,0.054908504469149993
ID_6FDF3079D6,0.1352920527265641
ID_15F5DF4695,0.5808676670281243
ID_8EB6646A96,0.11481066041912742
ID_B7383F9F4C,0.05358598489065862
ID_DA36E21CFA,0.7535366852286609
ID_39D61B84EB,0.06964282618928162
ID_677E868EE4,0.007414402614235853
ID_637DD69726,0.002
ID_02BFC639CA,0.020079924984640767
ID_C968409571,0.25296405103478553
ID_018C1C470B,0.012254219373133445
ID_672D7CE288,0.02339361913092943
ID_AB3ACC0484,0.04682232550596692
ID_FBE5B5069D,0.0070236782760152655
ID_8BD7D9D2DC,0.015990440306076336
ID_E053B4736F,0.4878965479666755
ID_D7D2E7142F,0.024245124634661427
ID_40DDCB9430,0.03885315125308209
ID_A2B12B4660,0.14094308943362863
ID_328CA20B59,0.007831380649749298
ID_9F83D2C36C,0.06574914286568548
ID_0F1CB76D1C,0.019806463754930698
ID_80F03494B3,0.12423098892056553
ID_5148853744,0.6607070363941966
ID_638FFDD0C5,0.14611299855538384
ID_7AAD088D2F,0.008018374181609457
ID_2476941E5D,0.026072942596748205
ID_915D25C54F,0.7736894426416565
ID_0AA0431B8C,0.2413493413867417
ID_FD35298326,0.0765085153790027
ID_8A5269861F,0.14418730154336665
ID_B90DC36AF4,0.01782681907898756
ID_C290649BA6,0.13010094030277816
ID_F79293AC7F,0.009770283056743472
ID_F0AF149706,0.20751528843991213
ID_43818823B5,0.08493076140254598
ID_C3E216905A,0.4449326326721853
ID_CF92B8BA30,0.5321294498537312
ID_9438A5EBD4,0.005414919361806069
ID_8FAF311E41,0.03515413806934665
ID_FFE90C4E10,0.0022759145055061512
ID_136798E54B,0.7958349632563272
ID_6D921E3713,0.08627952225750594
ID_DA2087EAD7,0.021268563389015442
ID_EC6E31FBA0,0.038044145663323155
ID_8BA18F2B83,0.059111993030798934
ID_6E302B8591,0.01627247564291617
ID_5D3D54A799,0.7563322120209057
ID_5DF0128498,0.23640037760953533
ID_5EDE3A9E8F,0.06316853740048993
ID_61E68322CE,0.009401334488549
ID_4FB9FC9154,0.02394952142532675
ID_21481385E1,0.5046577129465101
ID_304435F9E8,0.02539877696058264
ID_8C57F90E27,0.20277917401771198
ID_21317A0BD7,0.10431645822295958
ID_D6E7642AB0,0.00662855182967291
ID_FCD7FDAAA9,0.002
ID_D57B618525,0.43831446925497475
ID_D8978C9F45,0.03364968347957898
ID_7FA9BD7E76,0.7113545372888218
ID_D020E40BA1,0.4940005572496292
ID_1851C4C181,0.6973720824918831
ID_85D8B4D8BC,0.11000525775013638
ID_EEA07AF2BA,0.13735657466409723
ID_7ED331E9AC,0.0120257274660375
ID_5573F27D71,0.006086062452948919
ID_DE9227F69B,0.34839076685931547
ID_094DD2B789,0.062452721518539776
ID_F7D29CB11E,0.19015574802765753
ID_12E99BD178,0.02807120142287649
ID_41F16993FF,0.023879169061459513
ID_3D2CB41CAD,0.002
ID_9C8960E083,0.002
ID_A8EBD83734,0.022616710081088547
ID_328C871275,0.018599209656955926
ID_4DA233E409,0.04122378302639708
ID_A572073652,0.022409004953782258
ID_C15DBE8B4B,0.08729028169660837
ID_99E74D79A2,0.0048173045978018225
ID_2EB4B609E3,0.09567564236609806
ID_6459FBA2C4,0.022062868170013968
ID_4B902F9A6F,0.032030614214683284
ID_2274230A7A,0.0029520314273627905
ID_F11DD5CE62,0.37918766247591346
ID_D7A3F33AE1,0.31721799860370553
ID_42ADC12A92,0.13376273881706324
ID_1F49149C15,0.0129201564918748
ID_5945D2E870,0.00214809064890445
ID_1D5F62A42B,0.01267835962933047
ID_69C0340CE6,0.01694121065863251
ID_1B84C88FA0,0.002
ID_641475D9FB,0.9177519690745823
ID_73A3606662,0.22436582354321621
ID_1BD9A48E2B,0.012582587813241316
ID_BC321460C2,0.002
ID_0151AFCB9B,0.018408203797707738
ID_E71A4747F6,0.013122627511208584
ID_E946D24704,0.8283791789593845
ID_152931E88D,0.002
ID_98FEA5F4B9,0.010988762404621924
ID_D82B49A9A7,0.7093815392285973
ID_41FFE5385C,0.4702127997619404
ID_A50CDD96CA,0.005614602861340737
ID_6464D9CA26,0.005808911122091216
ID_A74A32730B,0.06178565904049409
ID_87FFFE8EBA,0.08647241864175254
ID_8E66BF2690,0.016934373036009007
ID_EB87B0C80C,0.020142113227177037
ID_92DCABEF9F,0.04097942718760983
ID_A7283F5E80,0.010059982899420897
ID_5D824E093E,0.018436131943992698
ID_75938E7514,0.24454851223271332
ID_61635BC1C6,0.07675306373105578
ID_461E00DE2A,0.002
ID_DE85ABC5F8,0.0449926250423047
ID_2D121943FD,0.08033478446140843
ID_4D83F5DCBB,0.005845565578407393
ID_1B8A585D70,0.5433803598735365
ID_9868B99CEE,0.006537337614652512
ID_C52727E743,0.0028617116266303577
ID_563B7B2AF1,0.7487735766413698
ID_A5F89E8D47,0.0057605881250346715
ID_04DDA88FE7,0.23853261439728937
ID_FEE42B0AF5,0.04364645854511751
ID_8D0EF1B25B,0.0977665204770116
ID_BCF286A538,0.12990481159888134
ID_9E552BEF18,0.023310576030469102
ID_57A478EE68,0.48494112804265
ID_442DE0E151,0.9826441080501707
ID_E6A229CBFE,0.00220999119155761
ID_33B288A5C4,0.003654554621569589
ID_5A5CF7C81C,0.857072345051929
ID_9F08544240,0.02486535816858297
ID_8809E8FA90,0.006646835550813724
ID_77121296D6,0.01667188460786325
ID_426E4BB426,0.0194690704733536
ID_E60F527B7B,0.5445731504644167
ID_8691DD4A42,0.9916675713325727
ID_7EAEE0CB92,0.9070756706378407
ID_A40AF032AA,0.7299116444052722
ID_453E710A17,0.025974358423206886
ID_25AA45F577,0.002
ID_1A65FF1B16,0.0033950124329956565
ID_57BF45ADEB,0.015003486246649643
ID_7FCC6F9147,0.2185140919705426
ID_4A48AE7946,0.012476416510024641
ID_510B487E7B,0.011932645454353744
ID_2B806A5982,0.5298392236413767
ID_D7F0A78BCB,0.002
ID_D0E2CD96F5,0.006554668531369367
ID_1BB3EDBF39,0.009095798331414275
ID_C8FEA5F8D5,0.40187491839417844
ID_C9A4D36E9C,0.07168114496136564
ID_03088BA23A,0.006227018031916336
ID_E4A4A6E926,0.07449376423775751
ID_555530B596,0.0070867292253139445
ID_8CDD3FC69F,0.002
ID_A6B6ED6F3F,0.023241910088446095
ID_E47D92D9A1,0.6460149534219085
ID_5353F1B392,0.009936096685938168
ID_6D1D3C774A,0.055260265706362964
ID_BD37BCA3FB,0.02099020211324408
ID_523C374285,0.012548061539377554
ID_A498BC2B7B,0.003466225438049186
ID_1E677A23B9,0.006267934388828692
ID_FBCCDF06C5,0.011695951992466607
ID_03BDBD57D1,0.053484260974297294
ID_5F0CA3A7E8,0.049344294600744736
ID_0950D975F0,0.27961096372211836
ID_C728DE6951,0.1379438328424125
ID_17567FA2A6,0.013666590252341161
ID_9626E01E9C,0.5707103104249327
ID_2EA67D968E,0.015651522865240765
ID_BE84B001F4,0.030382036971131274
ID_E9B33B85BC,0.23799435173971825
ID_42432DECB9,0.24122760403507895
ID_EE40F80781,0.4681569844414258
ID_E228D85E69,0.006824811627518534
ID_99E7BE89BB,0.007753258670508674
ID_44E8EBD6A7,0.005761309686615603
ID_D00DEDBC33,0.09416266433392964
ID_D4A92DFD38,0.062080522932031514
ID_3FB639A7E1,0.006233345303889796
ID_A4B11BE31E,0.09989497278171686
ID_88370CF12F,0.18542616071437407
ID_5AEB6EA6CE,0.22333691643132678
ID_4FE390E617,0.002
ID_B335F90CC1,0.04122386330800419
ID_E6FAB1CD9A,0.02235456040733843
ID_B3874B4B48,0.04135325238445292
ID_64D7B93149,0.4501687322961828
ID_7F65BF50A0,0.004722084456646448
ID_BC32E47698,0.055714107652854124
ID_A6CEA144F5,0.002158012063826368
ID_D948B5921D,0.01906787018626239
ID_39C089674F,0.006171992578706947
ID_FA2A477493,0.039962580846807746
ID_0F622BA24A,0.19637895155382712
ID_3C22F60305,0.002
ID_5BFC7808C4,0.004407928039626797
ID_0B930E0C1E,0.013139619428422235
ID_0D9D9A8CBB,0.20098869893820875
ID_E9D488BB0E,0.004685612906067433
ID_ACA11EF475,0.0075331970874135306
ID_A53E9BC746,0.002
ID_5AFD815BD7,0.009863533656450357
ID_5369AE7188,0.002
ID_47EF4FD03F,0.18916133525007808
ID_D62E82DF96,0.6671215107209956
ID_00EF4A6878,0.0045952294158838275
ID_3CFFE7132F,0.002
ID_8D33FCB99D,0.013880033983398746
ID_EAC7ED002F,0.04720922910343697
ID_91713C2509,0.02066685850793399
ID_AD9059C06D,0.06612035761692711
ID_5630A3358D,0.04220586708754394
ID_E738BD83AF,0.0035822290864736058
ID_0055893FED,0.017206121633601475
ID_73F97FA2FB,0.048796102616026044
ID_A1195D295A,0.003015154266080829
ID_5709CE40FC,0.02250193849336388
ID_EA173E9709,0.04596135701083423
ID_980EE1E4D1,0.012907763200739114
ID_3B5C48AAEA,0.06098075033020929
ID_AA1E9701A0,0.15047321935207342
ID_4144955286,0.6270764851029794
ID_0533E39DB2,0.10948259853723033
ID_F018699EA3,0.02179649394236326
ID_683434EEE6,0.6750838512210409
ID_F0D6700EBC,0.002728701388172571
ID_3E08B5ABC4,0.4537678808129101
ID_623296E17E,0.08658001368195449
ID_54C502EE17,0.06299014191881791
ID_68C1F73C62,0.022076704813689178
ID_326EE11A4B,0.26221746630451803
ID_CB45CC1ABE,0.2671459160024784
ID_45A2A5CC80,0.05595025617606477
ID_5391A81E79,0.002
ID_5883569F6A,0.08436144947630107
ID_8DA8CFF975,0.5044829014267602
ID_EEFAFD8A65,0.02803759470142324
ID_0C76725F37,0.0020960939195468517
ID_CA218175C6,0.0035426425373459498
ID_CDE3797EE4,0.04459509913596452
ID_6C15C8949E,0.17331996365736338
ID_B46164E6D7,0.007046585656872795
ID_18EBA15115,0.01369034985904465
ID_E3BC60F83F,0.0020074660642021708
ID_74B5163ACF,0.5612005326400816
ID_F780D406A4,0.032108663627228126
ID_AD00142861,0.002
ID_94A1EF25EA,0.05116756214747059
ID_4A690957E4,0.08101031632932792
ID_077C97682A,0.8541868818926561
ID_6A0F311BB9,0.28193362114783743
ID_6E248CC238,0.6303075480502457
ID_33BBF56DE9,0.003605277266792343
ID_C3429ED3A8,0.004732949781089496
ID_09EBA4145B,0.005091597243917363
ID_803475C464,0.006696719153406722
ID_2F2FDD9F9A,0.005064289728557442
ID_0500B85B04,0.0028127979098170022
ID_7547221193,0.003621233116298487
ID_5B379A47FD,0.014692205696980603
ID_D036E19E22,0.35374856589611203
ID_C3A3DF940F,0.02097433296021862
ID_5F040D60DA,0.4341608334354779
ID_04A64289E2,0.9340770993897104
ID_8E88171C8C,0.003082856361251259
ID_4EBC33A898,0.010513778707431627
ID_383AC34AAD,0.1463731788383239
ID_2A0B119EA4,0.4512563973393049
ID_A04863ED18,0.03555766562787775
ID_EF2A2814D7,0.016173618878652755
ID_DC18DAE31C,0.2490188804905861
ID_D4DC2EC035,0.03802352363422868
ID_38753A1083,0.006346590618083614
ID_BC77971493,0.08168041240414715
ID_C7C5C7A0EC,0.02664746103991548
ID_19BAA5C257,0.34894497756477894
ID_D21631EE7E,0.012091353667941031
ID_6F8617126F,0.1446705241422682
ID_1F635D23DF,0.005286464183189988
ID_9A1196E485,0.04464153895684318
ID_CE635BCDF7,0.39028279515366143
ID_A09821F072,0.039372053055958325
ID_62727200C0,0.012897116974445604
ID_94BC3F0BFA,0.02526020924800955
ID_3C4561F987,0.011119828174238781
ID_0F6C2ACF14,0.03955918353825076
ID_0A8AA746E1,0.013887568069379653
ID_41C7B400FD,0.555367267538537
ID_B1C2E303E5,0.07764292656613365
ID_A189CA20C5,0.002
ID_067A62C36C,0.04507124471420129
ID_5EF8269AD2,0.07302988676825212
ID_490F2D0EB7,0.002
ID_5EB38A58BC,0.002
ID_42A7F7DAD0,0.5680202356568427
ID_0004484A7C,0.08726772185050925
ID_D6AB729144,0.002098881714560308
ID_01377A5428,0.36585865594761147
ID_88B37BD0E6,0.0035330735275975107
ID_81314680C8,0.04446039702190086
ID_C5D87D45A3,0.23243859417971674
ID_84455B5275,0.28096424724381464
ID_277D3747F7,0.0690717396256764
ID_821B13F754,0.021365117889511665
ID_C1B6ED488A,0.04557732405507204
ID_77630AFB18,0.0033397348434489097
ID_6C2D908EAF,0.04888209684134114
ID_E9BCA0677D,0.019060213754476762
ID_6A1E307EC0,0.0037261738184325723
ID_01516D296D,0.44154857301971023
ID_63614CFE67,0.2775094022972183
ID_D2372779A5,0.009176607066854518
ID_8AB340ED99,0.0959588228611204
ID_A2342EAE3D,0.002
ID_B4DA4AB203,0.022901991533895053
ID_AA55B7ED5A,0.21403677041816457
ID_F7FBC0F495,0.2770485507673058
ID_9FCF059901,0.005742065703085541
ID_699599EE82,0.0678031249176279
ID_C076AFE851,0.07276485456466973
ID_7C21BB9EBB,0.0020558543097356414
ID_FDA9281301,0.23343708599927224
ID_2543C09965,0.315836129501417
ID_A6FC755D3F,0.14268781718414345
ID_D0E9ADE721,0.01288391131342816
ID_F8CCA039A2,0.012011565429303771
ID_8BB15C2D56,0.011736137296044993
ID_8FA68EB719,0.012104291033219845
ID_544E94A7A2,0.20271878448420297
ID_B5AE180E1B,0.9866641165568837
ID_3DA6C93281,0.10129242967802654
ID_896199999F,0.002
ID_93CA187767,0.002
ID_A14BF1819B,0.045863864275898
ID_663951C49D,0.9914882154532447
ID_69BF5A1DDF,0.04045323648588495
ID_AC090E15B4,0.31199069627308557
ID_2AFA33F16A,0.33719667397147274
ID_560213ECD9,0.013914180099663765
ID_A0679B761C,0.0506227867168576
ID_BAE425DBAF,0.06666893725025087
ID_588EE562FC,0.006649754797633044
ID_36D31AFC33,0.03902566730515244
ID_CFF30968A9,0.008617566702209185
ID_A0EEDF217E,0.5010691355387378
ID_5CFA067C03,0.015976917722899723
ID_348AA0C57E,0.006066518820057942
ID_156ACD6206,0.18506098204584578
ID_6EC3189D9F,0.18690166612410988
ID_F6E1621736,0.01884218750681502
ID_4C25A9C7EC,0.0046799323028881255
ID_A16C638293,0.7652420515590096
ID_E405941E92,0.19086356985962152
ID_EF37067BD9,0.05708757896877066
ID_24FB52E797,0.020886464579655307
ID_82A4568A24,0.044396454940144194
ID_CA04D3C5D2,0.002
ID_6085D7CA88,0.03989660487254615
ID_6AB7AE2ED4,0.007041725627552172
ID_D61EC6C031,0.02555351412058869
ID_5BB39D5FD9,0.019073625234412483
ID_502B5E87E5,0.011085886515165438
ID_D061C76918,0.006781725681813543
ID_6569C5B0BE,0.006394083393106247
ID_C166C342A0,0.004113838216684432
ID_05207583BA,0.0028484110590965817
ID_8465E571FE,0.22580002061095575
ID_54A0836DDA,0.155078218107713
ID_308DD8BE0A,0.10673057780861353
ID_ED7511B52D,0.010029869766422
ID_E42AAC11C8,0.002
ID_B70A4C0DF2,0.22209177279311199
ID_2C16C73C62,0.002052320327477265
ID_8D46AA38E2,0.002724813157811602
ID_9E04672884,0.4379418418584103
ID_007C18C6E6,0.04009939833442215
ID_B50C852305,0.050909176277207396
ID_C5DA3546F0,0.24473306075332785
ID_8928946D65,0.34738523540135735
ID_D93D0CCB97,0.007480925716786395
ID_C2375EA6F1,0.22134091583508908
ID_BBE3053AEE,0.007542879244940709
ID_12C4C3A96A,0.06975260544934453
ID_9B7D90BC8F,0.011543806765640669
ID_6B06618F9B,0.006782020098669141
ID_F4B43D03B0,0.9973851842015412
ID_D7F367D33A,0.38392613362866723
ID_BFF323A948,0.002
ID_8D44ECFC11,0.010191184367878902
ID_88E65B5291,0.006597001154917742
ID_ABBDC2E1BD,0.03747493605988831
ID_37DCEDD711,0.002776401132457356
ID_E3CCC9C12C,0.22710706596463767
ID_CBCA96F88F,0.8651757826439646
ID_BA99DBDE5B,0.8472556288590639
ID_C140706FD2,0.002
ID_24E816474E,0.09694815013959278
ID_69E6FA1A89,0.30336180142364494
ID_EC17B6E661,0.25344598231021964
ID_D92014E3F2,0.01548094390456599
ID_0728BBCF5A,0.059209615353677
ID_E7C1409446,0.04861960604636771
ID_1D7600897D,0.002
ID_8AFA57F08D,0.01551795627455187
ID_3F6AA2880E,0.002
ID_F5DE33C0C5,0.0037431771477249645
ID_D91B69D72D,0.0026918801064959143
ID_90946879AD,0.004136251432438473
ID_12EBDACD17,0.0020972242021020243
ID_9C183CD2D4,0.12231958117045387
ID_F772D1BBEF,0.014608744589455734
ID_3F2A34286C,0.1072243872998502
ID_1045C72E0D,0.0860519837267041
ID_2570C9EB6D,0.002
ID_F700937BAB,0.027641586027295294
ID_7216126565,0.013722644895144761
ID_0DB7B7F79F,0.06919112560433996
ID_8038E0ABAF,0.0057556799109635855
ID_D124ABF023,0.019611923391584723
ID_7589B590A0,0.15475482582046776
ID_7FED85A462,0.06655762298468601
ID_53514D3CB7,0.002
ID_7AC4458A7D,0.006475696861127393
ID_157A49311D,0.12499660500317118
ID_648FBFE879,0.305233157852217
ID_E399712C55,0.12162706807102446
ID_2CE30BDA49,0.1092685385197349
ID_0B1E98CD3E,0.002
ID_BC879F4E1B,0.04427389383144128
ID_9C0A566E10,0.05893627709235328
ID_853663FD8A,0.5281860449524919
ID_0C9FB93CD9,0.5935612688323016
ID_04007219FA,0.11267587314253846
ID_C4F5386DEA,0.002371991156299863
ID_5C783A19DC,0.023330876898345437
ID_908575DE1D,0.018507033071159765
ID_DA7331B72A,0.011758452305964241
ID_A56BCE8658,0.044502792456667405
ID_DBF54D0F2F,0.07449313067205261
ID_AB8CFFF5E1,0.4948346296107595
ID_4FB1097650,0.4720758395562943
ID_B966E08F9F,0.0063722658655986
ID_96BB9E8999,0.02439275114647702
ID_780FBAB542,0.7855069813738754
ID_70E4449B31,0.25785138029532534
ID_9A04615203,0.05296123778056353
ID_ED239DBE56,0.04243369945537738
ID_A943886A67,0.011856597857958865
ID_0157029CDE,0.8832839472664432
ID_1512FAC1BB,0.013950276640000168
ID_117F917792,0.023106370181785144
ID_90AAD99989,0.20724927302583915
ID_9E502CC62E,0.002
ID_D709941C8B,0.1626312813696119
ID_B08AC5D654,0.01127694758741012
ID_319C6CDF43,0.04487791241673769
ID_598BE3E8BC,0.007198483536387233
ID_9294ED8AA2,0.00559781824793343
ID_6D248947C7,0.002077987773258449
ID_97D523B2F7,0.01972863639517926
ID_F19813A7DB,0.03810243219548535
ID_326881919E,0.013034617809894325
ID_9F3FD6C8C9,0.02525044400958815
ID_6005511BD7,0.020565332788419065
ID_C3AB3CD0D8,0.905171512599351
ID_C5C133E2B6,0.896653706584723
ID_38E98DBCE7,0.010771664700372973
ID_88D5FD2312,0.013310782787227698
ID_5D23404CBB,0.017918974618048877
ID_5FC2654D91,0.028586339779148172
ID_4098965926,0.002
ID_4449E51723,0.006665687062528125
ID_3AE61B5190,0.9965873893029225
ID_232B753054,0.27563817608662255
ID_C0DAFCA579,0.002
ID_EC609C2A62,0.004766024985297864
ID_93361757F8,0.9809238280807822
ID_3CE03530AF,0.002
ID_7EC18A6AD3,0.00831237733845801
ID_225F553ECF,0.9493860471289866
ID_6ECF0AA3E8,0.010339856027909313
ID_E3068B4CF3,0.5214919216077266
ID_4A14BEE8D1,0.7912034894184239
ID_E153A17F4D,0.027613502216460237
ID_3242516841,0.10699902731538699
ID_5CDD222B12,0.054875526536485926
ID_39C97A9CE7,0.011923741342740758
ID_023101027C,0.0066752165187510945
ID_CE4B0B79C5,0.01689946850417368
ID_417989CF64,0.990835618613356
ID_2922A2B995,0.7838691584557387
ID_5D26A84989,0.002
ID_814CBCD27A,0.6439938945162245
ID_8783A46D49,0.11992736349141939
ID_E1B606BC97,0.2573387794682893
ID_B67DBACA0B,0.002598824861198069
ID_C9C9260711,0.04248161412189172
ID_64BE22A910,0.0690388899878966
ID_7CBE9D8C64,0.028930734714742123
ID_8FAAC53494,0.11182239213871153
ID_8F9CE669C3,0.09592171777345528
ID_6DC29E1D40,0.13091853723337202
ID_62BAC2E3B3,0.9549094472157761
ID_E902AE8847,0.12903042484357824
ID_F346D25F76,0.038438058057948865
ID_75C2B1E7D7,0.519981658240517
ID_76BD0EE31C,0.006896482433896422
ID_324EBDBEBB,0.7756103620806447
ID_B9D151D5B5,0.002
ID_2624C6F738,0.002
ID_33B15002E4,0.2135029857889695
ID_22E6D4A43C,0.002
ID_A2CB4C3A7C,0.033906497176122846
ID_3E4A44E45D,0.015413500850670251
ID_3CD2EB95FD,0.2286148728692131
ID_BBB3D05AAB,0.11697669934777136
ID_D50370D0A8,0.002071158471228433
ID_D392DBE4BB,0.0060771265434491056
ID_1403624777,0.11123249981937369
ID_FF21C17C0C,0.07514399119532443
ID_6153BC12E3,0.002
ID_AB395FCA51,0.20440598832369303
ID_EE15317A7F,0.02945802952534267
ID_51B133AA4F,0.0021281670928114584
ID_301FADB81D,0.44533322219497906
ID_E9FB9EE198,0.008555283304820836
ID_BCAFA47F53,0.11345692334777886
ID_50CB669B8D,0.03158354755207728
ID_E1CE924905,0.23899465798038919
ID_40AE7ACBB8,0.16356029934273716
ID_636F0800D6,0.05490975422133231
ID_2CCC67DED1,0.0412297756431218
ID_D12F91EB4E,0.3279366114025273
ID_C8258B3E70,0.007156145524056276
ID_07A86C0E28,0.4505443925624635
ID_C3B4D4D454,0.002
ID_B30700B058,0.011922162515659768
ID_0481479737,0.4233492040686071
ID_2EF3CA9062,0.8924697883736704
ID_9C310E89D8,0.020575821753477223
ID_4337EB4CF7,0.01456752137609671
ID_3878854B1A,0.13208084694014335
ID_2CE3087658,0.056668471958131704
ID_31882608D8,0.9418281822360011
ID_6EC7C2FDDA,0.021971944440321613
ID_8DFD7910EE,0.04509393792637599
ID_8554DB5085,0.02683087076803573
ID_DA08DE7D96,0.05124190269212421
ID_83A921087F,0.002
ID_ABEE4F65D1,0.06819186513324799
ID_C8C112B156,0.21661471562241325
ID_ACBB777EEC,0.04221061829303374
ID_6A1D3C2336,0.20589432295878501
ID_BE8CAA99FE,0.0755355780172491
ID_C9389BD3C1,0.34301653844721897
ID_A75BEF1F0A,0.33964778260736406
ID_6BE2B92178,0.9846630656377804
ID_90EA80D3B0,0.011208400181973452
ID_655C02E2C3,0.02038752009812211
ID_F43B2CF3A2,0.18991985369633438
ID_2BA8E54761,0.2689125092396881
ID_4376B424C4,0.1379700160284913
ID_35B8117392,0.01560890707190791
ID_02CB22F690,0.10855398795627322
ID_6008D3FB2D,0.002
ID_B82B3483FD,0.02795840057577059
ID_7E75A6EFEB,0.1767512351004372
ID_24BED887A9,0.006341220661080991
ID_3B567C87FC,0.4571537631956438
ID_F55FC25446,0.7687241277726319
ID_C3743CF4AD,0.12878761942911698
ID_49D85EA2BB,0.01935151121554368
ID_A031832E10,0.002873109181585801
ID_B1F63D440B,0.025221698195386152
ID_994834D348,0.002
ID_9C281CB065,0.0039340934903319014
ID_200623207C,0.1186675441917952
ID_51F3C67E74,0.015139949093870234
ID_0CAA598C23,0.8260123178025135
ID_CB83C4BB57,0.005279925437228392
ID_08586F63D9,0.1061955576518459
ID_A422B004E9,0.06056415720534571
ID_3F5065DE9F,0.07885835411675356
ID_2BD7C55E6A,0.014568940840318232
ID_EA9C4AFC1F,0.15724948312316891
ID_822058C80C,0.006852050115265475
ID_FE7FC345F4,0.07402605510940251
ID_AE47B50940,0.06907491435212854
ID_74B8200814,0.02757450018821008
ID_708CD9EBB5,0.012807635748115326
ID_F1225DCB05,0.007174140441525166
ID_70CF6D2F95,0.2932224730902751
ID_20B24F1A78,0.0021096772430227785
ID_518E592F87,0.5288977913180232
ID_320C565468,0.0078063229335510066
ID_CDC36B1D94,0.011200867249757489
ID_4F9754F3AE,0.006137813883330955
ID_4956A7D126,0.5303115712540339
ID_CC893FAEF1,0.9952765323525384
ID_9A3A056F1C,0.02473218662161789
ID_BFEE2B4B21,0.09443007435908059
ID_42E457DB48,0.018781025752096628
ID_B828863E3E,0.00632602327201912
ID_C6E41513D5,0.05503453592159494
ID_F048EA9966,0.7279941380428115
ID_10BB8CE404,0.1374598624553455
ID_4EA71E84B0,0.13438547187373853
ID_0AA597C2DB,0.05080458681057234
ID_54CFB9AEDC,0.4395629740151149
ID_5A4C08AF2E,0.05744882037094565
ID_8100711478,0.010118692898280844
ID_227A24012D,0.3927528827052698
ID_6C94756816,0.07847356801857848
ID_582EFFAC31,0.016948095124328228
ID_9848F118D1,0.023026482330939308
ID_E325E7A5D6,0.002867032417208015
ID_96E9064240,0.22985947706916574
ID_8F04BB5B16,0.7545413373190456
ID_5314F28952,0.012369283247458718
ID_FB1EC9387A,0.002
ID_1EA0208A43,0.04435664143894898
ID_0E6F2B1140,0.21611148676136113
ID_222990F285,0.014907254034774326
ID_7F9A741906,0.2068817180674729
ID_10C2D7500B,0.06733099005643273
ID_137F1F7445,0.886586808844648
ID_899C1B2F01,0.1052374016038601
ID_51A3DEF3E8,0.01234103633489915
ID_DD410B9106,0.3548147148386992
ID_F59DD2CF60,0.013962671544930572
ID_5E257BCDC0,0.15322854042682604
ID_BE2736491F,0.6671799992181756
ID_A95A0E121B,0.08493606536506136
ID_D832447874,0.04709614663761656
ID_2DECF7CF78,0.04134073925297399
ID_74F1801DA4,0.006959049889970838
ID_2C26080F70,0.007392425364075128
ID_97AFB62D07,0.011933461354026554
ID_BBBC044DB1,0.8630319384750907
ID_5B34B37A6F,0.04022694182575999
ID_FFAC44D0FE,0.17992703609359162
ID_3115F1C1CC,0.8003410462668767
ID_E8DB013CDF,0.00586640757948857
ID_8CC4656407,0.017279957042121732
ID_EB71B8174A,0.34055479096176905
ID_E87D58A93B,0.0030212853317171553
ID_5E1ECB3994,0.47850224432077343
ID_313C280C44,0.002
ID_D690EB2C9E,0.12114267335437857
ID_A448EE1A76,0.026537564928671757
ID_80808B752D,0.07581415834464916
ID_501A2D4EAC,0.007825195140487172
ID_0359ACE198,0.004614245659450647
ID_408769F8C8,0.26854630453421635
ID_5FECDDF473,0.697382423215234
ID_B244CDC6CB,0.019854115217719303
ID_664DBEAA98,0.006190109164401325
ID_E648F789EC,0.7659554001805273
ID_738E942997,0.01899679296213545
ID_8EA1803216,0.0075781528908370034
ID_14A3CC1AAF,0.009968934887574506
ID_0EDBB3519A,0.09228843885494452
ID_B8B7F48584,0.2596114391429015
ID_42EE9F43C2,0.06705310083824187
ID_DC47261522,0.4857867570759486
ID_D5A8DD062C,0.013595159094039976
ID_47E3031150,0.053017285512629395
ID_20F9F0D135,0.014892149605997116
ID_3151E645A6,0.06527617406934626
ID_3B3359DB12,0.8806707641088858
ID_69B6289717,0.12887650665785624
ID_CAB26D7919,0.027564082251405223
ID_2CBF5B4BF1,0.016298591581270883
ID_82C9629CCE,0.9829620227966168
ID_E537A21F8B,0.04251498164473907
ID_C603F3022E,0.004320607162503702
ID_9D67317D65,0.37702877949648794
ID_EDBA22060E,0.28308318494676327
ID_45B254C071,0.007866846967139362
ID_5CFBA3F4BA,0.002
ID_E51C566C61,0.8546915086574096
ID_0448A7D7DE,0.05100909946525535
ID_81F6F65283,0.06348747618898955
ID_8B8B8E915C,0.0038814207844136387
ID_BF1AB0C58B,0.8851952366713106
ID_8151A4408D,0.7581769993122941
ID_7DDE5A5E35,0.01923464040508356
ID_1F9ADC93F4,0.01093004606702412
ID_3D68EA598A,0.056458176879573864
ID_74D962E57B,0.9691096700492354
ID_E34496001E,0.020827441552318224
ID_1FF978A158,0.002
ID_EF8E36EA13,0.17035914537456143
ID_33F789001B,0.008224670728631329
ID_AA16537EE8,0.002
ID_970A7F2745,0.6100363759389468
ID_8C69AE4F4B,0.041069724621507
ID_CB07B3BF13,0.11462295971300361
ID_9FA006CC77,0.08310259167561312
ID_A6A264EFCA,0.027680802790628265
ID_4C8C402B0E,0.014872294163222713
ID_460C9E1B5C,0.21197801611120595
ID_1A5CDA5208,0.38471724839342414
ID_9CF1DA40A0,0.7335439695152793
ID_BA7D5D03D3,0.01497355244458022
ID_83DE693E65,0.028510470345598803
ID_790F00D698,0.002
ID_ABBC0B3F7D,0.3701863746078095
ID_08285AC8A1,0.023603523980645524
ID_9140F4842A,0.044863605256808145
ID_855E72D2D4,0.04382631336959903
ID_01A27B84DE,0.02208283432496493
ID_3086DA96C5,0.01784022503307892
ID_E7C38FA49B,0.5315588715392401
ID_37B98FB3D2,0.7150476826254304
ID_1CEB92D065,0.04318763847245794
ID_0CC68A9970,0.12451985465307927
ID_A0501A3567,0.5622370899752193
ID_97C92C8873,0.12429711029355954
ID_53AC4864DE,0.6038134408442863
ID_7EE4603FDB,0.04644322466142237
ID_8B88169FE9,0.9138665426033515
ID_463FE7BA9C,0.08572383949492848
ID_7822E5B0CE,0.07714638182911172
ID_978B3BD2DE,0.5920447886405046
ID_68BA955857,0.4758290389984225
ID_E7D3E697B8,0.046230669790064904
ID_E2851C3D87,0.07810677592549144
ID_883A96A012,0.2828563871831484
ID_79F4DED0F0,0.04060409173950662
ID_72369EF3CD,0.05113448778592518
ID_F2FD3FE3D5,0.12299133656257658
ID_F1F985010C,0.21775716284972646
ID_BB4F4601D9,0.41219915148904807
ID_64B9420C6E,0.007301498740469095
ID_5DDBA34001,0.051108218558094595
ID_78BD4951F9,0.7427403581539666
ID_D96B201673,0.03332280126408109
ID_F9A9E3CD5C,0.02402089590214045
ID_0B25A4ECD7,0.03701350973290428
ID_FE1C0C52D8,0.015134021422292062
ID_B52D223502,0.065080675751369
ID_06BC55D635,0.17720949581290169
ID_D602E4CE3C,0.20504708630655255
ID_3622099289,0.0407748873373211
ID_C185ED41F0,0.05159714798009954
ID_3F2B8F0286,0.04442308019675894
ID_16BB0AFDD0,0.1578796681618693
ID_458F7BD83E,0.12492165782445695
ID_18B66B1D6C,0.045905393307107654
ID_9F10C02273,0.0038854294294005513
ID_2CC4369CBB,0.060725065982147865
ID_E2F555079E,0.13054914420424119
ID_BEB414D74E,0.039065626147391466
ID_1DF74351EF,0.004691611968218263
ID_90DFB7416C,0.10760163976300681
ID_C2C1E40CC4,0.002668825860130374
ID_7DAC8637A2,0.009014536002879285
ID_9614BD50D5,0.0131901728311083
ID_DF7F2A106D,0.12299893561623088
ID_A6F287E77D,0.08364339418617754
ID_79035ECE42,0.02069561831083837
ID_2CB5515A8D,0.002
ID_601EB649E2,0.016882394285182862
ID_B3C0CA65E9,0.11937066606440519
ID_A883E5559B,0.13588241782958713
ID_F8C3F7E7D7,0.018908759094452762
ID_E68EBCA774,0.06265302392851174
ID_5ACAA88552,0.01675575611081785
ID_7C81D41200,0.15694628606913172
ID_8F68CB6878,0.2887776615770099
ID_20577D2960,0.2522759962356329
ID_40E111C4A8,0.01442068059980262
ID_4D9F895F7D,0.5119811540182432
ID_085B3FFF71,0.1674329592368519
ID_5D883035B2,0.0071187322028674295
ID_7CB5388A06,0.0037804114335107343
ID_9E8386306D,0.0687933616137356
ID_AC4AF45EA8,0.6635570336779875
ID_3FBFD9F963,0.002782843550886157
ID_A58A99FA0F,0.023544389351485107
ID_E210FEDC32,0.002
ID_4578754421,0.006727780369606266
ID_C2BF4B811E,0.0021134547019962834
ID_8511B7B4C5,0.0027628492913124984
ID_2EC7D5BAAA,0.02119241630950563
ID_7EA3DB019E,0.35777462897714707
ID_562F8C5B87,0.002
ID_8599609336,0.02391924407041346
ID_05F6DCF878,0.004882266313805998
ID_11CBD487AF,0.06703612317884453
ID_75E68E4A4B,0.17061048900057332
ID_616E3D623F,0.0021667825578284288
ID_DE2CFA31A1,0.045397462248487175
ID_275FE65830,0.006544425785327366
ID_7D02EA2D94,0.9678827184941551
ID_31BC07EF3A,0.36205435102881944
ID_56CA23373F,0.04768679426582033
ID_D5D60A57F0,0.1225177385454009
ID_9D473A40EE,0.5065956498830134
ID_D089FF3704,0.012208222302080261
ID_F0CCDF01CD,0.9820519744475652
ID_841993F45E,0.5455286149313961
ID_BA46ABC4F6,0.20157581238898076
ID_0EFCB7A941,0.04586225617023125
ID_D05F5A8C85,0.04221873376956156
ID_046261869B,0.9897835425377911
ID_DC2A1E8AF5,0.002380258242824939
ID_77C34B5BD7,0.002
ID_661FAECCD1,0.02530185790767215
ID_E3F2312A06,0.021112737684310427
ID_D2D0DD8B74,0.7489055239069218
ID_D698EAF2EE,0.002
ID_F7DE54B66F,0.9339001930607993
ID_BE70FB2529,0.02281160440642504
ID_0D7B56A8F9,0.12484268580930727
ID_1B1C282B30,0.23348081366685375
ID_4A53C86EFA,0.16534674868297897
ID_BD7A698DA7,0.24323811470859583
ID_285F3AD3FE,0.6540130331981544
ID_95B35D3D24,0.002
ID_93C3517974,0.08121604945350329
ID_F328A7FE15,0.0033728610082578744
ID_4BE1F16267,0.8437398933118296
ID_19A4B552A7,0.25913283062657755
ID_21ACDB35C2,0.00725150804208436
ID_FBD963F911,0.01931645360920786
ID_91A9949662,0.002
ID_402B8C4A87,0.028841520026570977
ID_C46DC693F7,0.011128751789289942
ID_D65F36ACB7,0.47542839408348675
ID_E935D5EDC0,0.7076587747269727
ID_CEE515BB7C,0.08456239845702013
ID_D9DE8DE1FE,0.054336150118829606
ID_1956DBDA22,0.015367406026671198
ID_351F3F633F,0.004605018421759982
ID_0F330678AE,0.04462189750244227
ID_65FE0602DC,0.005974803330520069
ID_C1727FEAC2,0.0075250548171209115
ID_78AFE2FA7E,0.005982762803803743
ID_32C37CEB0D,0.0224159636938303
ID_878F6EE47A,0.09327213579189107
ID_24F345BAC1,0.002772081054199271
ID_E8D8F9D3A6,0.004758321905921742
ID_AF9739C57B,0.11756581307834078
ID_0097536DCF,0.006438271815926384
ID_95B751F53A,0.010018613285484722
ID_DAEF474261,0.002
ID_C213F91658,0.002
ID_CEA0F8918F,0.04270502236124406
ID_A45BE79522,0.4248400352787969
ID_3D06420A3B,0.1699359953166779
ID_B5B6E13E7B,0.6738408091572783
ID_5B06EFB3FF,0.35923759679767453
ID_80BC05E268,0.25937981688069206
ID_F027D89389,0.006448313783036719
ID_1FCC209B8C,0.35389107412535553
ID_10170E9DC5,0.002
ID_B3723E2324,0.08447502858245656
ID_B60071264C,0.12018979891786387
ID_87C4E8D4F0,0.006969440273999459
ID_DEBBFA2F21,0.013906094752429255
ID_9A75AFC7D8,0.0694461866896205
ID_36FD7B7C9A,0.08119375374154446
ID_DAA03F5756,0.07855102926573299
ID_83153D3F03,0.020453366288132407
ID_A68D464A1C,0.059853153539083846
ID_B4DF713DAE,0.8056790480559491
ID_EC4FE882F0,0.002
ID_9F813A84FE,0.007240595505795058
ID_25EA681B06,0.01599173100259624
ID_94CEF0907F,0.011220609230315787
ID_A804061537,0.006353159085087932
ID_ADFF9270F6,0.01061930451573519
ID_71C6866224,0.053688196185158014
ID_66D6F43875,0.012689650068323259
ID_C47C9B6A76,0.0026808347281591636
ID_80C21E11FD,0.029096660702743807
ID_7E40FEC7D9,0.6665975467094106
ID_0E8BDA7125,0.006649549901848643
ID_C8D2807C53,0.9970209670924411
ID_9D16D8330E,0.31104566991311805
ID_FD44934EEA,0.3466904598672879
ID_22F68E36FF,0.006372579939695588
ID_09221065A6,0.006548835308724697
ID_D43866F555,0.00690037784723861
ID_4F6C141A11,0.11635048256817973
ID_B882AF31C3,0.0064348496448340285
ID_9A80D48E97,0.002
ID_2B395F4FE5,0.006522501927161711
ID_8587C1F49E,0.006326818257959303
ID_84100CC36F,0.05980528577712812
ID_D3EF181428,0.02046624086346287
ID_1F1926B9D7,0.002
ID_CB2F843F5E,0.0067798763494571895
ID_160CA3C439,0.02505535543369297
ID_FB22F3C2D5,0.22220900904886526
ID_924290EB3F,0.17102533126781774
ID_90E10B9686,0.9922099392434921
ID_4BAF9545E4,0.5891877825959349
ID_B2789AFB78,0.002
ID_48392A37B5,0.16615874871018543
ID_5EA34C348A,0.002
ID_467CB2DCF2,0.10586885781658388
ID_B107B89F32,0.002130484542469751
ID_13F977DFA2,0.09637856498211812
ID_F3E754E5A6,0.04719517204430977
ID_DB3618C9BF,0.0066522314187455744
ID_D659C9FE03,0.951112485313202
ID_2CF8E4C5C0,0.6516583578593879
ID_C1C518317B,0.002286276102864655
ID_1CDC5DDBD6,0.0055322138652259285
ID_C2DDBCF650,0.007008034474026248
ID_5D8745D2E9,0.002
ID_109EDAFDAA,0.09770552236970757
ID_E24E11E97C,0.14226587921866896
ID_E2F3C0BA4E,0.48173232415789424
ID_3F405F4CA9,0.888061758390801
ID_B32F11314D,0.35156560357569383
ID_15936E3B2C,0.15878096691314475
ID_34E87806A1,0.021960839601778685
ID_36A1F30760,0.12275958130505274
ID_5A9BDC9DC8,0.1421215181719908
ID_BFF294A897,0.07189835066294421
ID_BB6E56C74C,0.07224488418577134
ID_B91211C8D2,0.08147278153209728
ID_81F68A0ABA,0.03767597533839445
ID_B79A40DB8E,0.023389520179204336
ID_FD01F4BB8C,0.003406879756591414
ID_E3329D149B,0.007711461166486601
ID_37D796567B,0.4247768971601487
ID_0C838BE992,0.6888221456704915
ID_2F6B52D40A,0.08306275751149454
ID_6C283E6483,0.05184152943665322
ID_7C8E0A9DED,0.13734709940537057
ID_5C702EB677,0.8538100304489938
ID_4C0ABB3A18,0.025720240412099065
ID_E9EFE60D8A,0.07353612141389852
ID_D44D9373A5,0.002
ID_DF9886117C,0.9813459388101408
ID_1BE59540B4,0.997865418008216
ID_D9DDFCEFF1,0.002
ID_A4B0AC2537,0.002
ID_198D38C371,0.003093592684976051
ID_D3CDEC2308,0.002
ID_D77F34A1E0,0.6759193799586006
ID_D8085B8C4C,0.22722751737418037
ID_AF85DD0F79,0.44114446181490324
ID_52344FB662,0.012354800286664826
ID_254BDAC104,0.011399437104793724
ID_39BEB2EF96,0.35317853231971114
ID_EED67EDDB6,0.18512060234615554
ID_4C6D2D4A01,0.11761306213887676
ID_82C5E8B930,0.010551946353384451
ID_4EDBFD945E,0.1578012558524589
ID_6EA86E582F,0.024736813285463146
ID_F7522741B0,0.013963863661409566
ID_9F29FD2255,0.034403888859891124
ID_238BC9913F,0.7065831904505534
ID_3BCBEB6918,0.002
ID_3CC1EFC03C,0.01177817774996684
ID_1FB0B9C190,0.015662556749281204
ID_6FC0007D4A,0.4237438992753135
ID_63D5420C86,0.05542269084988004
ID_1EC9041912,0.02701190028151873
ID_CE3AB30F4C,0.020898732597516
ID_492AB738F0,0.7577041098300937
ID_680F050447,0.13358563671760207
ID_72358692C2,0.06227524365099638
ID_FEC1E01743,0.015281665592231413
ID_72E134FAF0,0.021542658840391145
ID_FFB9BF419F,0.21473312884707904
ID_97204DDF72,0.002
ID_EBD848AF4B,0.06662469246260896
ID_2D9984B672,0.11433082366319013
ID_A8D271152E,0.004720139733923618
ID_F41F7BDF87,0.23404959627779695
ID_F00B1A0508,0.24309597092176208
ID_C9670BDF03,0.023714586222952368
ID_D205FA5C05,0.38506531241901365
ID_D3764EEA05,0.10009796839128506
ID_7758924BE6,0.7949563330779505
ID_4AED2FFC38,0.011069330350832952
ID_B2DC439FDD,0.002
ID_49EA030885,0.00265921630244376
ID_0CB34DD79C,0.24972148960238572
ID_20EA533C41,0.133828660791134
ID_509B908E0D,0.006649092058377416
ID_BCC61E9B34,0.02417231356619088
ID_195EF05648,0.011349230003055258
ID_88D8F4E0EA,0.058261959436524076
ID_E3EC46A192,0.002
ID_623EEFCFD6,0.0035264952203266694
ID_1E2A9871F7,0.002
ID_B8AF7A8733,0.005436102561329294
ID_A553674271,0.07109284268333585
ID_81B6AAB740,0.002
ID_BCA1828343,0.0043879450907313355
ID_3288739D7C,0.04631384978338045
ID_EFD0474E5B,0.0034750637365890164
ID_078D271C75,0.06222103572627839
ID_4FEB62E26B,0.006275801280048882
ID_51445350EE,0.9113442749516756
ID_C350CCD087,0.994211086466665
ID_A0226C5838,0.8059151475245507
ID_77CC91B9B3,0.11342047794426437
ID_C6E9153E3D,0.5632166236220558
ID_3011271957,0.0113520737537667
ID_1E501C6857,0.10203629415485227
ID_BD9FF8B8FA,0.23557475393501168
ID_596060440E,0.15737803020960767
ID_F2ED4FEC99,0.39132322863876223
ID_AA597C8476,0.834491648959746
ID_B5DE2E176D,0.3685195725857195
ID_5208FEAC4D,0.07146549022445305
ID_C1FF2AD621,0.012503872355498926
ID_A12FAAE4CE,0.002
ID_F52DBB2268,0.00372309353405306
ID_47FB0799EE,0.609493244041202
ID_258A55A098,0.006651224317407503
ID_75E0C93039,0.002
ID_B5C2E99765,0.1138737823464898
ID_3706F9FC52,0.010940316146972842
ID_A2F8721970,0.01714413796638262
ID_9C6D3B357F,0.577744916887334
ID_40A1AB5184,0.13862332774386774
ID_43D6B48F47,0.010513107498203306
ID_E29B809832,0.007356828360417031
ID_7162DBB66D,0.3094555909500749
ID_4EB9BF8274,0.027540240880117108
ID_0CF85D417C,0.04816119344820454
ID_8A5264B8E1,0.17747471481818536
ID_80740D697F,0.01467476215207834
ID_89AC1297B7,0.28659849722121
ID_EC8D93EDB7,0.0811713920928279
ID_9CE046F887,0.012564993131495472
ID_5DA1420DB8,0.12589477005309835
ID_BFEC77F381,0.03912328387106177
ID_054C0CADBD,0.01049103013136077
ID_CF224C6493,0.03454401433681437
ID_67A8ECB56D,0.028296231537578948
ID_0B9D37DEAF,0.011442361967402387
ID_BC7142ECBE,0.20419417831812967
ID_0567511A2B,0.011574932813092442
ID_8445703CB1,0.002
ID_BD7508B1DE,0.060963459729328845
ID_32C9CAA096,0.004009385697161455
ID_A938B589D4,0.03784907863922975
ID_F68D4C1A15,0.3642804491776768
ID_BDCFEB169B,0.10950200585659832
ID_6D966AAA07,0.007441655837245036
ID_173800F7C4,0.2303875765594446
ID_697ACC771E,0.04470679598986895
ID_4A020878E6,0.009295109897784311
ID_9A4C8B99FC,0.002
ID_27B4F93F00,0.2595126773669615
ID_37AFA6A5B4,0.004695153097956546
ID_4AD9FFB9B8,0.08599471280004119
ID_F7FAC4E8BC,0.003922667933301816
ID_70B00867D9,0.014304259570346145
ID_C4272C70E9,0.04109406223674358
ID_61B2F0FB70,0.05533792607406937
ID_1D0E78882E,0.014403295540027216
ID_2EF491FA91,0.021619015536653415
ID_D48F5A89AF,0.15657231655003218
ID_D2E215C86D,0.3283756668897543
ID_5A0AE6BCEF,0.4569339257576837
ID_91EA3A9291,0.05103767754577658
ID_D693533151,0.019315316407838987
ID_23D13A20E1,0.3406242463028396
ID_3B0CD46C07,0.002
ID_0FB326F618,0.7990223895289921
ID_4532895292,0.2544460589495342
ID_2404B8DBCC,0.24379229725509338
ID_9F82AD46FF,0.0461302845316648
ID_0DFDC9F7C0,0.06571149690406747
ID_5D8D35A031,0.1991833999694883
ID_CDED49D464,0.004622240184479128
ID_74DFE1D69D,0.0038604289155371105
ID_6E6D390806,0.024594125340587695
ID_7DB09814DE,0.5045674438845731
ID_5A6DCCAC30,0.004442957147724538
ID_7D48367B90,0.2764256724093591
ID_D6E336DB11,0.14673786004811656
ID_66AEBC10E9,0.0049791026460013965
ID_5FA389B832,0.06230386298778691
ID_13067F8834,0.009429254869360859
ID_393BDBDAFA,0.22811625147121947
ID_9EE43F2D33,0.1675126070436989
ID_69756CD26D,0.0076493433512044105
ID_437AE11B7A,0.01825937726044725
ID_D87AE9E263,0.07891629312960964
ID_E8642CF0F6,0.002
ID_E645C50919,0.06458193482609498
ID_88999E26BF,0.002
ID_52545DA1CD,0.0035322647820370773
ID_E576C14DD1,0.07924533050135339
ID_2DB459EFBA,0.1415611094375715
ID_16E3AB574B,0.9436897292794246
ID_20E4AFC62E,0.005412027100506423
ID_553D92DE1C,0.007152763742416278
ID_650B0CA6C2,0.11799936647216909
ID_04E6DDC3BF,0.5124372934672821
ID_11E2A53F74,0.038633856498701116
ID_FF420E9672,0.0027977654878890237
ID_F220DE434E,0.002
ID_C10899CF7F,0.00694478721960889
ID_45BF6B24DA,0.04561125432018862
ID_6D78012D7A,0.9708452922858863
ID_3F17F98CC6,0.15819996855859894
ID_9FB7E4B735,0.0892850548943162
ID_5FB7B57445,0.6089877252750463
ID_3DA10B1340,0.005411615387746349
ID_16525F9F69,0.02367874172153764
ID_4AAC1C550F,0.002
ID_AE2679CF16,0.015347094298193828
ID_30417CA2AD,0.002
ID_756559E8C2,0.12292579695941735
ID_2A50BD4086,0.002
ID_48B6AD35E4,0.13431929883513918
ID_5E8685EBAE,0.04651859795996866
ID_D1DFF62156,0.2887534904422974
ID_EF1CDFB635,0.4816898103185782
ID_41BA0DF754,0.006000224037589002
ID_605AFB5BA1,0.02358645513138164
ID_C86F6C0413,0.002
ID_372B03ECE6,0.005629680915648726
ID_35D2A6B776,0.0060437254124156795
ID_BB1AAFAE99,0.015054772697903365
ID_C90C5CCB62,0.8648755002981228
ID_4661E522D0,0.0020519598868851737
ID_ACC640260B,0.635585048412711
ID_23C8F8A3DB,0.2687479642702707
ID_AD9A70D435,0.11297211404761211
ID_93BE91DB00,0.0028637408048370634
ID_030184D05C,0.0030072413651922856
ID_8E1F333371,0.02232988289406447
ID_36668FB3BB,0.14801133100056535
ID_9D01152476,0.9043984525127715
ID_DAB969A460,0.06573147585970367
ID_60EEB3D64E,0.004204936963677325
ID_040243F188,0.05646283112232554
ID_4F8ADC4A72,0.04720965355836983
ID_001EEB0EA3,0.10294357104380383
ID_7340FA4218,0.016402199777785027
ID_7E48302F3A,0.010611327601351365
ID_2A1110BCD3,0.002287795463457378
ID_091FB4F24E,0.2051447431890698
ID_9D22279F17,0.23233002198031727
ID_FA431838F3,0.004461108208217147
ID_DABE64D55B,0.7794681663032066
ID_73D3FAE8CC,0.1428691145316385
ID_B91BCD86AD,0.09640256146938636
ID_7D5896296D,0.04266351417605706
ID_6106D2F323,0.012330345630485628
ID_FC08CF556F,0.023365787184189423
ID_6010478CC6,0.021473556900711285
ID_144AFAC705,0.21199641315492818
ID_14F4F3D01D,0.007125574842028776
ID_7AD40ECF02,0.826982740172721
ID_5D2B27FDA1,0.9756717909853543
ID_64498BC5E8,0.9703204212187364
ID_642A75075C,0.04028748503495999
ID_A0F8C19B62,0.3726544814383369
ID_D9C774BE89,0.0143010810714575
ID_514A0FED24,0.779902877770345
ID_189CCC1B2D,0.002
ID_22C82EBD1E,0.5085642562301768
ID_907E7C3E7A,0.002175511115785691
ID_8405C01B8B,0.06954011808287325
ID_5C6471041E,0.214467065520184
ID_5219B3BDC9,0.04519752514183221
ID_7416D9BF37,0.002
ID_42CDA9446D,0.0303824255967181
ID_97C2286C7A,0.026483005833043884
ID_25136ADA45,0.017263351558543732
ID_8C03CA7BFD,0.04037620665974869
ID_82FE4A611D,0.04349718933964096
ID_EA54CD15EE,0.4048878386827506
ID_E9F68F5652,0.008122207054379306
ID_7F9AE77EA2,0.0836733245187248
ID_C44AFE59DF,0.24603899852838243
ID_D5E76B057B,0.01714225355320992
ID_B1C85F649A,0.011508529476941592
ID_D53C188D52,0.14903775915816167
ID_A5D30D9857,0.11499582093566214
ID_B5EB409C37,0.4881081663722846
ID_5BD475D930,0.015574119570360014
ID_B71DD335AB,0.6736612101426737
ID_CE4C8B2F81,0.6599480558089327
ID_233AAA64D9,0.18058950953759406
ID_77D6B3DD95,0.02333443237575204
ID_5D1CB5B51C,0.16539601631591092
ID_FEB1731072,0.0028438319841797566
ID_DD950D5EE0,0.3344807345022662
ID_820C0BB32B,0.15935194243623982
ID_777374B41E,0.11279655273787209
ID_2B147B3D17,0.13788076877906932
ID_FEE33780AF,0.01747070763682319
ID_D2DECB03D5,0.12782198565888778
ID_95741FBC93,0.012149929560788567
ID_FCEF72E879,0.0036798862700298685
ID_3768B03A55,0.002
ID_CED77242EF,0.06880567778439785
ID_19B4A5F4FB,0.012636001085242758
ID_2CF6E49D75,0.02029850551610706
ID_206C359282,0.18246308622414595
ID_EC51D6223D,0.002791843536958049
ID_814A030168,0.007681987239757062
ID_07F659582D,0.012309589660929363
ID_3AD97BC212,0.052994204173269194
ID_BFEDEA5E0A,0.00215543896376834
ID_B1870168C8,0.1704553505676527
ID_3B04E21B2F,0.0021175667728453975
ID_AA23F8FFB3,0.014023306083190386
ID_758B816EED,0.0027810828002605165
ID_B1FA6FB7A7,0.24744999795462982
ID_DF4E2A6A44,0.02722761056600392
ID_E6559CF176,0.0040133804703829275
ID_EB96561ACE,0.07299426913548075
ID_414B3561A7,0.002595452635389097
ID_F8FA6225CE,0.027568828379311322
ID_311EF62847,0.002
ID_769CEF5B50,0.049139080412741405
ID_81FF7B7733,0.4090662339438658
ID_6F10442F4D,0.02057022495116112
ID_35758E9FE7,0.004852750897832225
ID_5503EA34B8,0.05691303846211406
ID_8E2F61C56B,0.12226491037478958
ID_9CE08110CA,0.0074902356844246155
ID_EB8239E5A5,0.5558438375870111
ID_0B241434FF,0.05585545776662273
ID_5A60496199,0.0059522175143631095
ID_3E5DF03D2C,0.43238635908456513
ID_3C6303E7A1,0.03733633846034831
ID_45A645CC89,0.0034066187569788886
ID_E6FC69BBD9,0.02401943136105114
ID_87B2CBED8B,0.008038078520357582
ID_A48EB5EB77,0.04516922031995485
ID_DA2FE79C7C,0.0025626147445823046
ID_14594DC93D,0.09661393524863399
ID_D860EE858B,0.015278672937738904
ID_ED18797292,0.43199911339165287
ID_AE72A249E2,0.25735484057401503
ID_A429F5661E,0.002
ID_D5E361F831,0.08497489250548115
ID_7907AB8176,0.17579846961007792
ID_3560046852,0.07352519289504764
ID_C5A5B7AB0F,0.006863172672749081
ID_E39E50F40B,0.013897613343997549
ID_C2C80C352D,0.20817300802049554
ID_90D83E0C6F,0.017714143785407678
ID_0ABF096853,0.013575436397994465
ID_E816045C23,0.0037303628606165065
ID_519B23C291,0.004848574370155214
ID_F783E9BEEA,0.003639895980906481
ID_A143FA8D75,0.006981471511955528
ID_659C34627B,0.006803768167670291
ID_821688718D,0.04860872550789526
ID_13FBE70939,0.08430299449207485
ID_3EED480FEA,0.0217488387235969
ID_1D9FF9EEE1,0.010987578425949919
ID_5D0D3AC6B8,0.07961836210002012
ID_86AB0623A7,0.002
ID_2C251B5C75,0.020727684420746403
ID_28333D5E82,0.0058224930097567455
ID_E3B68E5703,0.22569229028451773
ID_6B7B238E40,0.647681139523477
ID_C295CF3F3C,0.0051610207875395055
ID_26C74B1246,0.20783525819120494
ID_97E79305ED,0.005601252396027216
ID_E13E12DE66,0.05173759345121639
ID_BABACDEEF8,0.024656960605647184
ID_A4EA7EAC2C,0.0033080938501330918
ID_F6B5967BD2,0.0021684054017773254
ID_925F957F17,0.004643826437513347
ID_113566371A,0.01562673646810618
ID_E814494AD0,0.0501421256215687
ID_BA7717ABAF,0.04581321989560691
ID_93F0C818E9,0.7890392783616913
ID_37EBA0D528,0.014027749250000162
ID_9F6B0F1F1B,0.002
ID_0D8C4DA514,0.10325286607346931
ID_CA30621F24,0.01299572270921772
ID_DBD457F5CC,0.002
ID_86D9C2B95F,0.007177745049765266
ID_10B7AA0811,0.11388081364459698
ID_F0EAE2DC1F,0.023604773164846875
ID_A98ADDF60A,0.045492524637913444
ID_A2B647C1DC,0.9462234288609628
ID_E6106E3957,0.07671914206846385
ID_D6AB0DB620,0.08768297542938275
ID_70A2AA9E37,0.1522703079865543
ID_1EC3FCC5DD,0.02020359679452529
ID_C80B368D55,0.030282931068463623
ID_4FEA032B1C,0.004906370116406353
ID_45FF2F73EC,0.0073612101672171455
ID_2513770D57,0.12332128805400751
ID_EC530F189F,0.1300932563329229
ID_E7AAA4D52C,0.22722628776277445
ID_E3620443D9,0.06411932021711028
ID_CCF7F99044,0.044942327965554196
ID_2A0C17FA4A,0.005678202233072722
ID_EAA41A8FC6,0.028979075137734654
ID_2F89D99DDE,0.00222088976258101
ID_C7DE7AAFA6,0.012697205906550628
ID_447F6C2C2B,0.4134493239047463
ID_8E6D92E428,0.03860105601978458
ID_7B9B4855D7,0.01175119165786084
ID_DEF7C7143F,0.01799881806657157
ID_7A680C3923,0.020171614747933258
ID_E7DA5EEBBA,0.0073183774998090145
ID_F492552215,0.002
ID_5B7D48531C,0.12642222887649907
ID_F30949247D,0.002
ID_FCD342DCCF,0.02269889400267394
ID_4081A9F9A4,0.00664265608501909
ID_A8BFA6FA66,0.6275544917940236
ID_00CCD6AB82,0.002
ID_9166BD9282,0.23508744326907316
ID_3F94C1421C,0.04856341303631321
ID_BE580086C7,0.09862381429135238
ID_7BE41F1C97,0.894268767115813
ID_F33A67A468,0.2491669341723642
ID_70A131E88A,0.0056863380423065844
ID_7BAEECAF2B,0.02590760522485012
ID_3679C20812,0.008293887804924432
ID_09FE16CE04,0.8871118188323894
ID_E393475A74,0.3818884871429798
ID_A7B57F3F03,0.04160818018893859
ID_B55EDBD700,0.08241068072485978
ID_698724978B,0.002
ID_A5A070A949,0.9762104735013615
ID_39FC71DEEA,0.0028447062965772465
ID_260F87BC5F,0.19581970877323254
ID_C27C13509E,0.009396833374391206
ID_29B28D8181,0.010952828957341868
ID_8C0C2FA624,0.00611202145478068
ID_D7C94EE1C5,0.637029378082758
ID_44AD35A026,0.8374094128571283
ID_CEA8BF92C6,0.1260232953460693
ID_DFDACCFBE8,0.002
ID_BEDFAC324B,0.022324270509077808
ID_028F3C5DE4,0.8542696677149092
ID_D8DFD63630,0.4865494832710304
ID_436C16CAB7,0.7824466029372744
ID_F0F8DA9E85,0.010710495710452784
ID_CBB08B2BEB,0.07074981768414546
ID_6EE2166357,0.8174620511718025
ID_BBE865F3B3,0.06306196887885834
ID_7BDBE7A283,0.0214354949341742
ID_5C016D589C,0.18109101701995234
ID_05CA4D1DFD,0.02889690346495974
ID_FA07C11B63,0.013620495126004158
ID_0550848716,0.0449380145799999
ID_0FE35C9284,0.5473380229635265
ID_43F7124FE0,0.012780572563413285
ID_F262487413,0.04169631430131467
ID_D3A0037871,0.006129757480192738
ID_91B4714412,0.002
ID_B22F35F1D6,0.02311842403916946
ID_B734C5E161,0.02748655904903953
ID_424E62F012,0.010064206151032111
ID_D542E6C7C1,0.23894076473932832
ID_23047FC8B5,0.8331336977427563
ID_78475F4185,0.20117081751436194
ID_F55CCEB6D9,0.002
ID_247AF67872,0.22288503293755055
ID_7BCEDAEED5,0.012393255980728905
ID_75DDF61346,0.008225611994173059
ID_049612B713,0.12402637525088052
ID_D7B82A82C4,0.002
ID_D9B0609622,0.02103654698591806
ID_29F2A3F777,0.04156253900067576
ID_1C357AC481,0.10006058239982779
ID_298003B8C3,0.08058179858512665
ID_FFD9CD7D33,0.057498398286675446
ID_4A7E34AFF9,0.8063497011329542
ID_2ACBD6F61E,0.008040132617099299
ID_83AD1AA319,0.059389650540427025
ID_4818C4C265,0.021651013692974373
ID_E40C8A89CC,0.07927728819696218
ID_A68045656C,0.5532003080831778
ID_A57FBE380C,0.002
ID_BCE58D6D83,0.01322771940728725
ID_59A64FE617,0.011220749143042696
ID_AB9F8E4DEB,0.05177113181282785
ID_6F03AB6296,0.5517352855052552
ID_2751A297E2,0.002
ID_F9488759B7,0.05183323695279396
ID_3687BCEF61,0.02612777022820634
ID_3278F3093E,0.0035394140304644143
ID_C18558F6B6,0.024919096196246122
ID_6A75FBBA79,0.007115758420660872
ID_67E3DAEFEC,0.002
ID_5B7D5BCC8A,0.015107824173765097
ID_65AC6E5859,0.13609212628988823
ID_7F94459902,0.014114528053852849
ID_55063244BD,0.9462858045056389
ID_82A6051FA4,0.18148547638716983
ID_753835E41D,0.024568069423415037
ID_0A356025F2,0.4420929647660558
ID_8BA8650EAB,0.003274693531725879
ID_2F5152D2AF,0.006723095167965099
ID_4D9104FA8E,0.10456009578727728
ID_67881A65FC,0.0073054207350291694
ID_A8AD7EB65C,0.016250246602101868
ID_50618EDC96,0.0028992778815697833
ID_A48FD46A64,0.44274910672749845
ID_D35B5C9FB6,0.257893472363636
ID_92FF41F99D,0.005308615618936523
ID_4F01ABA0DB,0.07523917002783848
ID_AD5F9A011C,0.43443014216232695
ID_E726AF3631,0.0028107421931764533
ID_128A29BB5D,0.0026793402752857296
ID_AE45D868D7,0.015033231380092838
ID_FBB53BDD59,0.015123594189090582
ID_A257141588,0.14343961052392878
ID_CC1EBD23B3,0.016631694090734086
ID_DBFB87DE0B,0.8101522666335451
ID_CB70423870,0.3602700975483945
ID_4BBE1F2432,0.002
ID_5F2CED8435,0.0963802332986703
ID_BF2EEC1B9A,0.5204445723780843
ID_0514A110B0,0.05586857178931418
ID_C04854DFEE,0.17217921717626974
ID_87D7DF8ED8,0.10616019016222275
ID_27C2C75004,0.1299070761864901
ID_0EA12D8551,0.017498056480032713
ID_D78D850FF5,0.2436972764669906
ID_C5B7DBD2AC,0.509335812225197
ID_9D3FDED7C0,0.01093797462607907
ID_4FA21A6AD2,0.013992702983005258
ID_FC2E639F0D,0.005968623431625365
ID_15CC78881B,0.10553513400135679
ID_36900DFBAE,0.002
ID_B915C223A6,0.00731543264585459
ID_33D1EF43D8,0.08667572518287138
ID_1238E5E2F2,0.060523006478468
ID_D34B1ABE2B,0.03733267154914348
ID_670A3B1EC7,0.012486106960497258
ID_9BFD92175A,0.002
ID_204D4ECA27,0.007108551203095185
ID_5439A61907,0.14083507049579747
ID_590D098FCE,0.04265665548628648
ID_5AD85CF6C6,0.002
ID_05BFC55516,0.1447835204471929
ID_0E596B3C16,0.992140844169742
ID_6EE5F88571,0.0035355944195036466
ID_7D7378986D,0.2598983582359133
ID_74E993D642,0.004517594738096117
ID_549575C48C,0.06943740704961014
ID_ACB814B7F9,0.009055006079668736
ID_77A2F76B85,0.09798603769902056
ID_97C8E24C4C,0.002
ID_2FE9A266E0,0.0407800166161758
ID_0732EDCABE,0.06760037805984966
ID_F50F7D0D9C,0.01078069527124333
ID_BD8DA8032B,0.02072567276583452
ID_44265C88AD,0.011081228303609617
ID_40426A3720,0.05073697617033844
ID_534D371017,0.06946163999062466
ID_6020FD42BD,0.7771648167028467
ID_75E0638562,0.010065693243953093
ID_FD1B6A4FF8,0.002
ID_4BF04A33C5,0.2195112427627469
ID_179A3075E1,0.3784830351378314
ID_47668D5D0B,0.004744532749041189
ID_2985670ED0,0.0022832784727187874
ID_D7CBBAE7CD,0.02743261706016891
ID_A3148C9F56,0.029314494120961036
ID_A1096BF32E,0.5972007520359323
ID_AC45E0AA89,0.2521592399039819
ID_0831C266EF,0.1347942496820572
ID_09E36F1A80,0.002
ID_861572EFFF,0.9746763679727536
ID_4716C13A59,0.09533425116609914
ID_5F2889F55C,0.020051766707368697
ID_BF53CF071E,0.14309546706563542
ID_E26F18C6FF,0.03844331779497452
ID_CF520AA8D5,0.06396704332461474
ID_F23303321C,0.008550601505696646
ID_90806EE460,0.021698746653224583
ID_57B22C91D8,0.015091957075160995
ID_989F3BE00E,0.26894892480521615
ID_357198AE40,0.005736904869701507
ID_CB7A721B51,0.0026595286490218566
ID_ECA6FB3AE7,0.48342421048918344
ID_D718FF028D,0.03173332207461619
ID_0B5F06C476,0.5570724363023937
ID_6728341811,0.17703220948273923
ID_09007DEA93,0.009238332251011084
ID_EE49D63CF7,0.06153854511944396
ID_6264715D2B,0.002
ID_348D00F8FA,0.9402361399826697
ID_FBB0754BFC,0.12022669777097254
ID_BE9864EE60,0.15494497685605035
ID_1221A814C0,0.0065234548286566855
ID_3AC69DE7EF,0.14078852533064112
ID_FF272573A4,0.011374274930927129
ID_F4ECC9E156,0.058652974231775575
ID_735A64ADEF,0.09958074399289263
ID_6ED51A6403,0.011459722831475908
ID_119B2CA3CD,0.005089594967858696
ID_F395CEDF4B,0.040874708621885435
ID_A45F502462,0.00271981922461236
ID_D646E5A66E,0.27995803037902595
ID_33E4CB782B,0.19301624267180983
ID_4F31AFDD30,0.257550445666079
ID_545BB650E2,0.002178604999528234
ID_FAB28062B0,0.9901016389574939
ID_3678E39617,0.002
ID_94CAE39998,0.01208067804487941
ID_8D2DB9B538,0.7376108968214339
ID_2C14FC2D91,0.1300305721001686
ID_FDB2B185D2,0.1678102478450061
ID_1491F31A00,0.0026596246959971594
ID_6E3313584C,0.11331665234832561
ID_A234726669,0.002
ID_2DA6094202,0.0064551004333938495
ID_F4D1A23A6E,0.0021194493087505757
ID_5D60F4E0B9,0.0065901585270547215
ID_AF9F888464,0.002
ID_9537B6F996,0.21698634579846016
ID_E451E30E08,0.6351111651952482
ID_08B6CF1C99,0.0841993579086509
ID_68AD548803,0.0027874025859706917
ID_CCAC066F42,0.9973570158327819
ID_E914D19EA6,0.007147766525973634
ID_648C6A6C5E,0.030134714513153787
ID_9E57BA036F,0.7194610356256446
ID_F0D4CF4019,0.09245582126381405
ID_2F189DBABE,0.16022416331311992
ID_60EF2F62D9,0.4562151745307029
ID_F3BA7BCAD4,0.015967531100441322
ID_C68279BB34,0.007331677089375838
ID_5ED826D680,0.0032067589429580585
ID_E1B8C6F894,0.002
ID_FC298F3DC8,0.006807145735116923
ID_B77488935D,0.018384906350275367
ID_CF50A9D262,0.04821337406002223
ID_9051297D2B,0.029240392996772398
ID_F6B9F422C1,0.12188353770476078
ID_514E2722A9,0.056672798800167005
ID_623ACAADD6,0.006845603358952384
ID_8395B9DEC4,0.007897225266694606
ID_1085E84CB7,0.10295252627284009
ID_88A66683AE,0.9056959126747884
ID_C53CFADE29,0.002
ID_86FAE85E43,0.007017033460168658
ID_06E48EA223,0.008810273385692126
ID_787750E0C1,0.029071625650299422
ID_6877AFA049,0.002
ID_FCF11343BC,0.020581806010341867
ID_C1E4AD51D8,0.06631023327251952
ID_4606146243,0.1453763827984425
ID_0664976201,0.3451848636266747
ID_53DFEE728E,0.006430483830169789
ID_E8DE269884,0.058973843979339524
ID_5FDA49FD52,0.2954435418554449
ID_1798A65712,0.36935359760772773
ID_06B46B8D68,0.04952924685651558
ID_1A5342CE0A,0.06131403549822578
ID_2CBF18CA75,0.23731460802055918
ID_58307BF5A4,0.8560853865212481
ID_7F6CE2604C,0.18936107733205426
ID_6D934BB835,0.9275081470183016
ID_E93B260EA2,0.01382326783241929
ID_FD3365E3D5,0.3336428040568088
ID_AB62E00D44,0.06170955315818376
ID_3CFECB6E80,0.22530368303544657
ID_6DBBC1AD5A,0.002
ID_606E13FBC0,0.002
ID_9435FB3102,0.09743104860694529
ID_A1344B628C,0.10703478290932265
ID_EAB045A5C3,0.002
ID_481EE16857,0.4010057214391198
ID_B6479CAECA,0.3273517880521078
ID_4231B80BF9,0.020823709728966903
ID_94B4C36907,0.002
ID_B0784C0458,0.00660199490828767
ID_993CB011CE,0.30216612448170027
ID_5BAB18C790,0.4118209197920635
ID_F79B7AFCFD,0.0028667309712839986
ID_EC4B67AB53,0.06974857296193851
ID_B5F1135121,0.20822854210326552
ID_E28E9BD0D3,0.539007335361246
ID_0A0A8E1B72,0.01488231518913336
ID_9ECEEBED95,0.12242857635143581
ID_72CCDBF225,0.3176912527399452
ID_B3B596C8AC,0.8499497998697801
ID_27E85B1B32,0.0041938052394954965
ID_41B2DE40F4,0.011907871305946501
ID_6265B7C648,0.006731377170328889
ID_BD6989A5E5,0.002
ID_9727E46A14,0.019962598834661293
ID_D16765E28C,0.20440464609029976
ID_A5DD6C86F6,0.014638676149310722
ID_40E8CFA832,0.1364298660964301
ID_3E53EA2C17,0.28765095787277173
ID_C7E206EAF8,0.015186901318846148
ID_B9666A739A,0.002029506215151314
ID_E2E10404A9,0.027670802686477175
ID_ADEA185E2A,0.06230605241282909
ID_9C4826A97D,0.884152211447287
ID_CFA685B42B,0.32706145100653816
ID_5A15AAF058,0.11361360047088921
ID_FC00CBA03D,0.025095979126172067
ID_A2C4A5BE2B,0.025651366584307635
ID_FC180CC570,0.0047858858507260574
ID_97896B996C,0.004632024480498616
ID_3A630BE107,0.06936040964704207
ID_05BCDCAD84,0.02391518987769703
ID_7FD2B6F5EC,0.04885014141109168
ID_263D3C83B7,0.021735403491282706
ID_58E3304DEF,0.00682221328236866
ID_56D942FA6B,0.0787071413345914
ID_E023D0E931,0.01689083514950216
ID_311531B57D,0.011373945034469844
ID_AD1EAEC736,0.002
ID_F722B767C1,0.11087275856218785
ID_886F44EDA9,0.14201580341174433
ID_FE98FCEA8A,0.01436886934323077
ID_2E804CFDB7,0.002
ID_DF9AF9EB9D,0.007166675755213943
ID_9CF578B076,0.2230649190195395
ID_9E324CB1C2,0.17531505679644152
ID_433782D5E2,0.0020279408216421855
ID_9D98ADA9C4,0.16159578041307626
ID_9D9BCE70AB,0.02323339524875114
ID_21F369A262,0.005024515387317811
ID_E2AFE3761F,0.026990186679108113
ID_EE11014FEF,0.0173887836613315
ID_1E313987F0,0.8190900937240355
ID_404B62289A,0.09557952615822045
ID_45D9AA206B,0.02216081341924229
ID_B0FBC79F04,0.021447153905966534
ID_32694875F9,0.5006492852407864
ID_5D48A528DE,0.13087276765428021
ID_386F9C9625,0.06925018583933956
ID_34F591270F,0.010399866504664887
ID_5BDAA8CDD6,0.01120357924018368
ID_7891023229,0.002
ID_2D4040C755,0.9822584672421678
ID_392BCFF741,0.021067843047017212
ID_A7ED2122EE,0.04365784198220067
ID_810A8618B7,0.005885707043753377
ID_819A76CB24,0.006264256103477309
ID_F8FB73968F,0.05876515795979378
ID_1E66C9CD4E,0.9977821403756172
ID_39C56254B0,0.49532888541968917
ID_A3F1B21108,0.002
ID_D6BE9EE829,0.006498287074509194
ID_E0963F95B1,0.003510823040123051
ID_953ECCB4C1,0.9847302195524092
ID_7B73353011,0.005506804306020923
ID_32D67F756A,0.0043064047787250825
ID_82C28DA058,0.002576379592720163
ID_E68DB3A475,0.01088218462128848
ID_ECE75C2E8A,0.09785393866166606
ID_A29FDC11A7,0.19165063811068106
ID_8120DEFB35,0.031131098996848076
ID_166E98ED90,0.006929434502654445
ID_23A04B9016,0.09865071411477923
ID_AA3EA90DB6,0.014061281946223289
ID_24A64F24B0,0.9850666267046836
ID_3F06BC7789,0.02233191755871062
ID_A45B7B146E,0.11852191379970117
ID_4026DBC2DB,0.008100290492752979
ID_E2B425311E,0.05051188721489101
ID_F9EAE19D57,0.02337447311659822
ID_19DFE3D2E6,0.2575545938632087
ID_1A5B3EC2F8,0.406288327754333
ID_FA8B097CD5,0.4947567814108046
ID_60D42A9FE4,0.12375439817264784
ID_6C329273EB,0.02099176308021402
ID_78576F4FF3,0.016714403070550148
ID_F3D58D42DC,0.35657282968550225
ID_6D340D9908,0.7407451868897127
ID_7DC5EB3B17,0.6750095069396118
ID_7B28589488,0.13477595329406
ID_DD5029C11A,0.017588785711252147
ID_A97FD424E1,0.05044311236176655
ID_A9259DB7F4,0.5586963218797959
ID_F73185CAA6,0.29056676026965395
ID_E36D27EC19,0.053044493379454494
ID_8E7E390E92,0.04797335691350658
ID_472456460B,0.04350885614743037
ID_35DF708645,0.16287522388540032
ID_3DAB879650,0.0028535445896517293
ID_3934CC19F9,0.0039587005626780265
ID_D1028D16A7,0.24284612393083563
ID_AD283A0051,0.007201921745354097
ID_DCA84FFD5B,0.9760508386986112
ID_BE9C861C05,0.003988543634269052
ID_9E45F17605,0.9904872605698145
ID_E77E2A284B,0.02717214326495194
ID_BB9EBD647C,0.007760965557058489
ID_12264D505D,0.006828755197463122
ID_862BC1A013,0.9735670873584313
ID_E6B7B5F6FC,0.0745263466565294
ID_A104C407D8,0.3622136066389657
ID_3C95E3B4F5,0.135208908212714
ID_26DB5CB205,0.008209731784705415
ID_BCD24550AD,0.00511898093639329
ID_9C526DD4EB,0.007541316078039087
ID_90778A38E7,0.012228754590980384
ID_212759133B,0.0028344150666610233
ID_68D1854D18,0.002
ID_2DFFFEA228,0.05285658075367578
ID_E81994BEE9,0.002
ID_A9B012CF21,0.282446159095238
ID_A4A387B96E,0.6617124239546023
ID_B79FEBDD37,0.23176423154286926
ID_5F27C340C7,0.8761553443277112
ID_C9628871F6,0.006720224888191092
ID_943D635BEA,0.04244532278073602
ID_934E0447F7,0.6991247718807342
ID_1B88009ADD,0.002
ID_E471C72C2B,0.5069491164516202
ID_E197AED217,0.020667716372824028
ID_A64032AACA,0.09986587014307698
ID_B055C3DEDC,0.04718119650793756
ID_AA83E95F26,0.05846037059108863
ID_3D3AD067A3,0.027281913784803324
ID_0233677580,0.023084942587194787
ID_366868F77E,0.14003460146878738
ID_7E61BC1D7F,0.018564130989274893
ID_66C6027808,0.1206833206266894
ID_9855AD5B02,0.002
ID_69E79F2367,0.007307052627803734
ID_0826F4A28E,0.0027545905010839945
ID_E384DB6C5A,0.5018687321665289
ID_ACEE34A5CD,0.003989318791176631
ID_81464E5199,0.015167812329272544
ID_D9733BBFD0,0.41241627049162033
ID_059364336C,0.002
ID_508E0A87E5,0.28626331718858067
ID_4F55F167EB,0.39405341305143565
ID_2E44501424,0.013278035614718846
ID_1FF5D6C140,0.048774081642812425
ID_A6D2389712,0.0034277409060697295
ID_169889D276,0.12668426929899232
ID_157171D692,0.02079746871781083
ID_8A06597CE0,0.006516620871769028
ID_63E26E259D,0.15915936331377564
ID_090FFEB31D,0.026190181236449856
ID_1252932591,0.020792395658345366
ID_592B7AA8F0,0.00644652628636942
ID_95CB7258B7,0.0069035031949030495
ID_9480CF9067,0.10225076632573904
ID_4C6F49847D,0.06054664394061102
ID_D12CBD4668,0.29829337644863757
ID_BA99A6BF57,0.06641738671066022
ID_81CA71F11B,0.013419116097033024
ID_69AA6AC903,0.002
ID_43A1BACABF,0.24701054539276754
ID_0319342A33,0.0025530673250477314
ID_CAE0DB8C95,0.02291082371922774
ID_57C92483B4,0.01278162589617337
ID_0D5AE10383,0.002
ID_A2E97BE258,0.0040478466696400395
ID_111E01C0D0,0.014486278569041833
ID_107BDF7AB3,0.00690660685831737
ID_35DDEB7D02,0.1595346509004519
ID_47CD89B345,0.008699850487830823
ID_F207EB1192,0.017651279140982214
ID_E5B8A084FA,0.006659483983739087
ID_AEAB2B209C,0.0029314341622331485
ID_1BE7E16C36,0.7995429094106359
ID_90973FD419,0.006805236896395966
ID_E13A7D89EB,0.9077064823611011
ID_419F89B8DA,0.01291258141719998
ID_5F7A3372DC,0.17928869630709907
ID_D70E8F3633,0.0020852731569997447
ID_87A3CD6243,0.12198959860881771
ID_6B688CBCE4,0.012979751714174214
ID_AD6E026E2E,0.06275302491144269
ID_2696520D11,0.0029562871219956806
ID_D068577EBA,0.012224387914596005
ID_3F7BDFEBFE,0.39216590180524746
ID_14C1468E1C,0.19401241159502425
ID_73970416D9,0.41859419673944026
ID_EE02A7198C,0.11180545030313004
ID_0C4B51DA6D,0.011281164235454746
ID_33360890AE,0.02353515310589611
ID_C00198BD6B,0.0028529161026166323
ID_1E0C79487F,0.007103923476415868
ID_838EAA22E2,0.8054636420186595
ID_882DE9E1FF,0.16445975439923224
ID_774F7E5846,0.0868411270889536
ID_53784EEB21,0.03411619157932723
ID_70E77DA1AC,0.0481453667860427
ID_B5A95B7D00,0.014802035065052925
ID_135D1E6EAF,0.008176651411353951
ID_0C28706537,0.4920209944010018
ID_26FC382AD1,0.04155783017245516
ID_01C7B87FBF,0.005346689704885741
ID_9F417CF1FB,0.00669932681489292
ID_7BC49A7683,0.06073710561821733
ID_29426AE215,0.04650464144669768
ID_CCCD4C2036,0.3098209132572079
ID_32877759F1,0.013467902958088593
ID_8D7954C3DA,0.0021628039404079746
ID_D60FA08B63,0.5198208280085271
ID_078CF2C0A3,0.002
ID_7B2CFD9648,0.11646515864953784
ID_208A1BDD09,0.3973434380290156
ID_13F56A2C02,0.9824720997679562
ID_4483F6C00D,0.063428440782475
ID_BDAFAC8CB3,0.4073944219774964
ID_5587BB8DF8,0.0021639583141704207
ID_530B96ECA7,0.08145002869275872
ID_7CE8EB6A50,0.026564771401619305
ID_D9DF83EDC0,0.6715824511679724
ID_969F3A4176,0.9965942470998771
ID_5200AEE953,0.007188209033527643
ID_48E57A0D7E,0.002
ID_F6B9081358,0.049210631322431746
ID_A33B73F0F0,0.023843517596366316
ID_D1F6FB3796,0.13559900620075369
ID_8A667DCB7B,0.7920982907524732
ID_C6616A70DC,0.06412323620618468
ID_B65150DDE2,0.44151115632926363
ID_0FD6E8CEE3,0.19973783763642713
ID_74D4652F8D,0.023001486136650918
ID_A1DA5325C3,0.002
ID_1DF6874580,0.010025514920386894
ID_D967A42785,0.2417378483156223
ID_5571F74A52,0.09551440053662275
ID_0CF1221FC1,0.0473049171768202
ID_0B2C8E10E5,0.2907349899955174
ID_B31C057239,0.023598734646868246
ID_1DF887D11F,0.008700021495280002
ID_2F5BAE93E0,0.006180658052724344
ID_3859567103,0.6210180526082103
ID_0DD1F9C86C,0.002
ID_E98B0893E4,0.14818096457432886
ID_0D1B3792FB,0.8909554950050744
ID_4423EC1480,0.007336704859695523
ID_34D03DC325,0.002163011634156505
ID_98B7523AB3,0.11298741759564097
ID_C788F6542E,0.002
ID_532F0060FB,0.26535573725322653
ID_ACE03D4484,0.022889202863501053
ID_757F54B795,0.013547842768045638
ID_6769352846,0.8488244943081216
ID_B581CA6CEB,0.2489015770949943
ID_7617CD27DB,0.662593057147627
ID_3FE8033D54,0.27571600416392894
ID_A77E3C6A88,0.125357579866629
ID_6859742D14,0.16275754190806793
ID_D3221692AB,0.011933541366765384
ID_8B1006FEE8,0.019998725694767912
ID_7D32124043,0.8344042959148388
ID_0296FA453A,0.8123736037077152
ID_40A7364C7D,0.1627805947110711
ID_2EB4BCAA53,0.011875909077794226
ID_37CEEB2F74,0.02610391711799676
ID_C91E9BAF9A,0.9168974283578489
ID_F4C5F2D884,0.017106874250070417
ID_44505787C0,0.002
ID_1F6D736326,0.015287958964416407
ID_E87089D38C,0.12925224303355884
ID_504B19F70C,0.06783116752379494
ID_0417D7763E,0.03144105580953504
ID_1332AB9C8A,0.006608953015672482
ID_0DE18FE95C,0.09680169412970184
ID_15396D44E3,0.010154112794623634
ID_15DFD937A8,0.5479761858326738
ID_0B845823A5,0.016393977532455053
ID_C7B63F6AFF,0.011590673469061836
ID_689B08558D,0.9823269416499277
ID_2D5C9054F9,0.01991082108834347
ID_BABF682B85,0.01151974695303183
ID_6017CFB3EA,0.011350465728477912
ID_8E5019884F,0.017600473316423334
ID_4C7A796CDF,0.7536369233834577
ID_D48702BC45,0.017934188418827497
ID_FCE4C0FE1A,0.0022909627978396426
ID_CD2EE77719,0.007618570166523752
ID_4055DE3DDD,0.025317926271183577
ID_666F056E6C,0.29042650780543594
ID_5017DA0ECA,0.002175885105732108
ID_644DDF9FD1,0.002
ID_779D636524,0.006314739823263954
ID_A6F41CA71B,0.020053886786921795
ID_6D3DB56CFD,0.007451488596069302
ID_CF4A77B094,0.10686550930029146
ID_6D24C3DD47,0.044329106936132685
ID_772703EFC2,0.0373766285250828
ID_4CB454CA0B,0.0020377708961624216
ID_585ECD7204,0.00635411909365493
ID_EABD4CA817,0.002
ID_6DF5F83907,0.012699183906721673
ID_8DB5DC614F,0.0048252984458940105
ID_20E7EC767F,0.02190094537408114
ID_FC64E694BA,0.0026437171980221905
ID_6F42FBDCE9,0.006997529665583664
ID_0749876A95,0.002
ID_5BCA88AAB4,0.690917107128781
ID_7B17BC316E,0.7247712298619303
ID_40309D6844,0.12993816228859245
ID_D90754ECD1,0.011600255052006092
ID_732B6FAF65,0.4019087742909949
ID_41319A53E6,0.09222321687660645
ID_0DE50A99B1,0.006763460739193554
ID_614ECEFE30,0.11460900503251235
ID_BC1C7DCAAF,0.38687920916609064
ID_8ADD91B68D,0.3067378100852934
ID_2634E7BC07,0.06997212321658725
ID_B8B5CF4A23,0.01435203276232493
ID_584A9C8196,0.012785119448438298
ID_D44D7E0D5F,0.009110008568808649
ID_824F469884,0.006177756203906316
ID_0ADDE037A0,0.7545158105669212
ID_51164EB5AB,0.21254793777149264
ID_0DA1D41BDD,0.8392665358305523
ID_9E393C3281,0.003827673632975346
ID_334DB035E5,0.2719725526128652
ID_6585401EB9,0.046675722402490065
ID_320C93E9D4,0.002
ID_F26F91F99B,0.0021572359364632992
ID_FFC390A9C0,0.28193684397262053
ID_0DA7B11ABF,0.10682669695039619
ID_A858E1EAFB,0.27871173781650843
ID_2A38CC731D,0.00214549566455315
ID_62DB5BAC6C,0.00283229712519697
ID_088D40DB6C,0.09190167409598426
ID_EA896947A4,0.12542545470254332
ID_24116E63D4,0.06990550366459863
ID_D25F109E0C,0.002
ID_5D4947B0C1,0.011959007007063937
ID_E3F54D129D,0.002
ID_25D37D775E,0.05173538592824145
ID_88B6585B42,0.005655166280582324
ID_E4357EB3A1,0.14979474178121135
ID_E688FCF1A8,0.12573288828014476
ID_4DE7BD8129,0.0042804761969637995
ID_DCEED69AA7,0.01329184316078659
ID_71C16840B1,0.19667133955229604
ID_BEDA0A2ECB,0.022041503245957925
ID_D2178BEBBC,0.0769098195986727
ID_288D71E747,0.17774027207824433
ID_A2A4332727,0.006970491780947084
ID_BCE42852A2,0.031087854039767666
ID_159C6F00D1,0.002
ID_0F9EE28361,0.0139944391793765
ID_BB4EAB3818,0.07357303497456265
ID_C62112F886,0.10933516095536011
ID_C8EC13E1B0,0.006398442867657257
ID_26435E26A8,0.0030529388934489123
ID_64266D2C75,0.5437334721122369
ID_9BCD253A6B,0.027386181049294956
ID_D9BAD1605C,0.021239721555525233
ID_000606FF89,0.00743344669743941
ID_E5545AD8D4,0.07653052354301598
ID_7FD95883F0,0.12451823291486394
ID_AA29D25174,0.017325914129477035
ID_DB5852F11E,0.013666266575870605
ID_CCC98CA118,0.013781571659488795
ID_45E2F2EDB9,0.35679625471960463
ID_7A29611985,0.022317495996334
ID_52CEE9B816,0.021628282407215024
ID_F405E53D6F,0.06705595983217479
ID_D2110F94D9,0.028285354520535887
ID_8E05641A3F,0.1531752434244264
ID_8CD3452555,0.04237599466064085
ID_A9AB7A0DA7,0.002
ID_7495542B9C,0.1577325107846201
ID_4C095F7023,0.7530893575432743
ID_244DEEEDA9,0.002775526374091924
ID_6B9B6D45C3,0.006721172108321168
ID_A4AF760837,0.017333460354612973
ID_9C1FB64843,0.6625317888829456
ID_6B523F9EDF,0.0070890061579405896
ID_0C5F17463B,0.005983492425897796
ID_E0D70F83F3,0.010753651982669761
ID_BBA90424E6,0.003290126533953856
ID_9AE2F1323E,0.005866017744887174
ID_CFA4BBCC81,0.853196649183075
ID_3AF0D78CB7,0.5309327368091692
ID_F87E265344,0.002
ID_045ED7284F,0.15769652399116316
ID_18CEE7FCE4,0.0044984679284198375
ID_5B2D287D8C,0.014760697760333466
ID_499DEE98B3,0.002
ID_3680C2C6AC,0.8427284650277711
ID_FCE7CB6F3C,0.009202502877537305
ID_B43C04AEC0,0.05614749533560253
ID_87FCF1A891,0.04215782911804633
ID_EB898F81A4,0.5549318707078572
ID_B0C86101F4,0.10850677395651641
ID_4FCA4F2FA3,0.030965898722192763
ID_3AA4C06FBD,0.02692560019144867
ID_94B661FC35,0.002
ID_ACFF4E6ACA,0.002
ID_9E8DBB3A1A,0.005920842425793063
ID_1D014E4B54,0.002
ID_01BC77970B,0.2494989404669211
ID_5EAE86D162,0.004485633933843529
ID_CD00D5678B,0.40944462403650156
ID_8F23144316,0.4986719312572219
ID_B51F8824E3,0.1023834597844452
ID_631C1DA41A,0.13773814599721412
ID_B0E2F6D063,0.022868055068180206
ID_073AD123DB,0.269405146746921
ID_50664B6128,0.00443613327457962
ID_BD7F7ADF48,0.0022205841596435916
ID_1DA896478C,0.7006380459276607
ID_CCEEC52F66,0.007087140980640222
ID_1E5ED72ADB,0.42762654589873134
ID_709D6FA512,0.6640731495395719
ID_27570954AB,0.006519247811989155
ID_15667B714E,0.11105984975053501
ID_2F4CA17ACB,0.03528857877710537
ID_412B0DC055,0.04902999989401222
ID_8324B8B660,0.0034734223612998424
ID_EA26B49A4D,0.010997689783848179
ID_04F87138F0,0.04063953147668411
ID_2F992ED602,0.002
ID_EF58CCFD80,0.07264710390005645
ID_F65CB6522E,0.002
ID_98CFDE1F09,0.38018506393062446
ID_458ED3D6E6,0.017022187551153596
ID_33397E261C,0.012098633681751073
ID_25D7CE689D,0.6950633536198937
ID_8B4C7F7126,0.019024425878520088
ID_D66B5EE94A,0.024255817733903264
ID_F78A6ABD51,0.9649706944922322
ID_80871CE069,0.002
ID_5B085BB494,0.017785521956255892
ID_112127FC27,0.21238315001419056
ID_AE1D217998,0.00671759460795521
ID_148725CE13,0.22216092210630264
ID_3ADFCE83F3,0.02409468315519444
ID_39F689707D,0.02958140483692919
ID_7B9294E1E3,0.00362582450508727
ID_DD1602D312,0.5317091258989565
ID_78377C9165,0.07103598525159971
ID_A9918E6134,0.14595963936987072
ID_0FDBE6747A,0.006635918121842649
ID_20DC6A819A,0.044025292700093296
ID_E8FF94CF21,0.5128014808455453
ID_83672E94F3,0.021671758364212645
ID_D89DE8C9AE,0.3769169538281383
ID_675F5580C2,0.002
ID_457A1F078F,0.024939775541878418
ID_E21DE55CBA,0.05781064231564244
ID_174B89DED6,0.005891100373229257
ID_500BFE65ED,0.00585574533955071
ID_3DA2115F26,0.21903374563326783
ID_61B5C8B5BD,0.02415443691953249
ID_B710D317C7,0.022874485155771472
ID_B53D834BCE,0.39936909313104996
ID_ED41E5C4CF,0.898248956633146
ID_C216CE5F59,0.04897456501471386
ID_7D83DC7CEC,0.29115158375507727
ID_D13DD0BFDA,0.002213019490560768
ID_3B556CF261,0.002
ID_36EAC7DCCE,0.0022169066135820418
ID_B069835BAE,0.9927576461631701
ID_E17037B1FB,0.020430230764068615
ID_267286151E,0.4183272000426142
ID_160C805900,0.03426603424125678
ID_166B802DAD,0.020134893681875734
ID_64C84C150E,0.0076825336278234695
ID_5E69BFFC01,0.016439611201765753
ID_9C84DBDC1D,0.0032495888682187225
ID_8FA7992F39,0.006540466463753503
ID_4B78F86E17,0.002
ID_146D3450E2,0.47216043036757205
ID_7820B1ED07,0.016732300981021523
ID_F44BCA2800,0.004869165293233584
ID_6D4E229A83,0.006377978132654499
ID_8A008EEA10,0.2239059601352353
ID_3D5850257E,0.048760673958584244
ID_5A6D503BB5,0.002
ID_EC164A9D0C,0.08090882283582149
ID_2269C08A38,0.002881332755975176
ID_981D042321,0.09386367300672054
ID_B7B9C54F77,0.02939889555297894
ID_960A02584A,0.07139622247710468
ID_D22C71F8F0,0.22730053663935965
ID_894BDB0690,0.5549342716792669
ID_21CF9B6804,0.12325833758334127
ID_FADF936156,0.021606691002585218
ID_DBF405CA8D,0.021718174722996912
ID_DEF98FEFD4,0.014945932803986624
ID_98DDA45B37,0.006383260825929407
ID_57CBB00719,0.08969210650223515
ID_2377C564AE,0.30205731090086096
ID_D7CA65F42F,0.006204073820755929
ID_ED4158D702,0.002
ID_52A68FF911,0.00266401868754934
ID_CB600398E6,0.008330469915585111
ID_6CB5308D79,0.015452398418896516
ID_3E91DF2B31,0.052259168705441665
ID_45C0ADD5ED,0.002
ID_FB1822FDA3,0.10446601850620697
ID_AEC24F218A,0.3758540082609695
ID_278D8DA1F1,0.26665056364994977
ID_3F4855FFA6,0.1409278395966698
ID_151D395EAD,0.002
ID_85D50C3A73,0.03191822938643728
ID_B9AF55C5F1,0.002
ID_6513C10347,0.17505201107004698
ID_17FD771988,0.29834464965453594
ID_F9F5FE2C8F,0.2152422508941565
ID_7D859DD510,0.07921048570754084
ID_928511F199,0.11141162328956578
ID_07EFD499B2,0.9873819329540031
ID_3B83BA6C6F,0.20391873725281198
ID_916390D3DA,0.05094675223946956
ID_B5AB02C213,0.01467705734915417
ID_7802655D75,0.024803768276992124
ID_C82A32F893,0.8835350948667978
ID_9A606996D0,0.4685342499339159
ID_9E324B24D6,0.17166418806509262
ID_0FBB812479,0.024836068863545346
ID_D4CD7A366C,0.008428586555935315
ID_2435307429,0.44759513626151465
ID_42EA47D60C,0.025716205363693338
ID_AF511A19E2,0.003577925472670813
ID_84FAF23350,0.8795273955281182
ID_5AF08B71DE,0.3461023179586901
ID_EA14F1525A,0.27251966376521625
ID_C5A72A2447,0.06838622864291063
ID_6DCFAD8329,0.05793474866169113
ID_08C3B59FC9,0.22072319061272488
ID_653861FD18,0.00615779982983734
ID_536BEA1801,0.0843673734314178
ID_3D72F7B1AE,0.1451398904291511
ID_835582CF95,0.25957339724178713
ID_22D6925883,0.4400926827274319
ID_F0DD412EE5,0.022272837988654655
ID_9BB855FBD0,0.006558357427103194
ID_845556C11D,0.002
ID_094562AC6B,0.02264981153816192
ID_C4FFE981F0,0.003747959709180077
ID_EFB1E23D5E,0.0058958040562396554
ID_9A122E01E3,0.004627106980511947
ID_9177C6D9F3,0.05796204333958503
ID_1B0746EAD1,0.007111939109682526
ID_FBD8769DEA,0.0021843208496264356
ID_3D9F050D45,0.020118064971682628
ID_4BA992AB68,0.006123375224877429
ID_CAD5FAA3F9,0.4791543266154353
ID_9678B91025,0.016601237899873493
ID_91F7140F78,0.007636016446533418
ID_8E7F28F1A5,0.22922854461961978
ID_754D67B0C9,0.0021661685586908132
ID_C88B222BC1,0.8843101985437555
ID_334CBC8DEA,0.35412308079085447
ID_5655ABAA33,0.012996218884870977
ID_ED59C406FE,0.007775993723471578
ID_E83770D7EF,0.17575326673265942
ID_42A6E359C2,0.09521056651692782
ID_FD9AB9E8CE,0.028286338706841038
ID_53F1569A6D,0.0029561568157588708
ID_5813A0176F,0.0036125040962162003
ID_1E6D2A3FB5,0.022143011928217063
ID_64CFF10C6B,0.23572467724940607
ID_8518438AF3,0.7008674455106809
ID_88117F5C5E,0.055505139361182766
ID_2310D39B8E,0.011098749953606407
ID_D56DA60A4C,0.0457307715558494
ID_D273C1C3E6,0.08681285430035124
ID_F29F297780,0.002
ID_F2C7D9F93A,0.5337957540825489
ID_EDF19136F2,0.006873817340649057
ID_836B2975E7,0.022851638405060028
ID_2B8643B95D,0.12115697098381847
ID_CEBD636266,0.7752939016315569
ID_18B0CF21FA,0.010934814138236656
ID_C33D6A4C25,0.006165105339024773
ID_CDFE351C83,0.011788713804245054
ID_A3380B3675,0.006825863293953323
ID_D3B8F0FD80,0.04964426872029922
ID_BE20C3AA7A,0.08863492465663421
ID_BB170175F7,0.0951607149156945
ID_5A0A3B0947,0.016071513618687302
ID_75D19A1803,0.002792254481857916
ID_C5CF5DEE35,0.7999570675336526
ID_4839761BF0,0.02353687438423719
ID_4FB811169B,0.002
ID_5DD07221D6,0.06515505235648733
ID_FC16D754ED,0.7924298200365073
ID_08CCA865F5,0.5646026354739417
ID_12F938A8E9,0.0027031355011068996
ID_072705D8DA,0.006308442633018944
ID_4B466B2DB3,0.16816904854367382
ID_D7D5CCAE72,0.6806706226778594
ID_729A28F714,0.005915428992927923
ID_ECA81B4547,0.13679304398189807
ID_BBEAEF3E04,0.09540920596047366
ID_3CD74C53A7,0.002
ID_737265100D,0.004431606489475732
ID_E1F4E8E7AC,0.9753770487626279
ID_7BC1D38837,0.020840517735698245
ID_4B6BAF682B,0.00641646030514072
ID_F258EC6126,0.09108161243662062
ID_4E8C4076E0,0.16425309936401866
ID_D59B224F45,0.03311330638543355
ID_D9602E0294,0.28869287842759184
ID_5B2358280A,0.11940929754063215
ID_123F5238D3,0.002
ID_59280A48B0,0.08945787146906796
ID_D514B201DF,0.01166961177067796
ID_456D9DC3D8,0.07281515608874095
ID_1FDB9861DE,0.029557782145391367
ID_1926790798,0.01128941525411086
ID_7D770AD017,0.281354668426815
ID_36B71C5F40,0.7491234360380495
ID_468C5ED49B,0.9924669753611061
ID_BCBF2A1F31,0.008387574906997744
ID_78FB15FF75,0.3000508029959757
ID_AE0EC1C53C,0.5683893268837201
ID_6A516497DD,0.0022812724572301
ID_0CA3C860A6,0.02302068375804715
ID_52CCB80BA1,0.002
ID_4EC4F1F7D0,0.3999524235238614
ID_14B94A0418,0.06416884161978749
ID_B51763856C,0.9913195914914589
ID_1FDF4561B2,0.045519128732265705
ID_F8D7149E4F,0.029119248487146133
ID_FD804A7DBF,0.002844477862287617
ID_6C4CD37A2D,0.011622779742628929
ID_5AD44A89DD,0.5336610397545782
ID_B0B7DBBA6A,0.16672120633978377
ID_7E7175810E,0.013686081744139478
ID_77C3B22139,0.04823452466729716
ID_E7D5E7F94D,0.003856101179194948
ID_FC714D2D63,0.3208779555055443
ID_911BF598D0,0.04113228098385865
ID_F25DBA697F,0.3129876331077134
ID_4E1325AC78,0.0075553869881857605
ID_77946DA34E,0.6079170502045326
ID_818934CE05,0.02239813359598214
ID_43ED778005,0.17490442083506577
ID_1CBE098AC4,0.7814354810981156
ID_ECC7EF37BC,0.010994367426072271
ID_C0AEF54A67,0.2502165599634501
ID_FFD85AC831,0.1352395200898124
ID_FA6CB9AA85,0.02157863144381124
ID_75F210FAF6,0.9320721236707274
ID_07B4E9DA8D,0.08142258125069729
ID_E49A83F26C,0.09595238176795079
ID_372C765BAF,0.6861247017119891
ID_C75A09B5FB,0.02594122133944828
ID_54E6F6E7DE,0.002
ID_2047DF09C2,0.2811318335720747
ID_4AF7395C53,0.002
ID_9E155238E4,0.4885962140352479
ID_765C5C2193,0.07457224580136756
ID_974FBE3C95,0.004049290056823839
ID_F307D39845,0.07736206366185296
ID_960183FC8C,0.037364191081588505
ID_F09CDB3842,0.006567564377257991
ID_63294F2590,0.0037974771821174275
ID_27EAB6ECBD,0.014141803927178362
ID_DAA8E0981E,0.014280236415929116
ID_EC12627212,0.003396555717693866
ID_A27E9D023B,0.23168755143368955
ID_5B9A9F83BB,0.002
ID_A19EAF9B89,0.005640885368956786
ID_F9958CE795,0.09067263602425485
ID_2343354F7B,0.4474164866612515
ID_30CF854131,0.002
ID_9CBB93ABF7,0.23912023164533786
ID_E35BC3A062,0.06378015053194255
ID_68BCF825A8,0.007220158307932025
ID_EF2EE6D142,0.0156558637484869
ID_9FA83D7790,0.002
ID_89A4FBB631,0.08464412595665345
ID_C389FFF69D,0.25571963954838656
ID_B6FB30266B,0.053037260086888194
ID_424279B294,0.1091897785396668
ID_880BFD5F17,0.21311688279616142
ID_B86B21DE58,0.018384272552075684
ID_4E1838C8C3,0.1449413987544591
ID_71B910CB0A,0.002
ID_6993650994,0.6875683856538364
ID_357B26E67E,0.8865479531511576
ID_D71E14D268,0.1276268937615879
ID_41217C54AF,0.005062010146459699
ID_9DD8229DA2,0.3127169567325262
ID_CAE6F941CC,0.014500100021107073
ID_AE51D1DE4A,0.40649072845794526
ID_36E33F88A2,0.014363904071379004
ID_E9D3EE89A9,0.04995493165909074
ID_71966A7F7C,0.002
ID_F598A66A5F,0.5032333243695455
ID_AE3934035B,0.005060617886258631
ID_F72547482E,0.006530358823471677
ID_AF979C5EC3,0.34723935363532826
ID_163C06764C,0.0859279786362555
ID_AB7647F5E0,0.00272336468004351
ID_15FB25AFC2,0.006777851114312872
ID_F584C5449D,0.518304448535259
ID_05BA84E119,0.16345088511736114
ID_6D9CA838CB,0.08396824466038817
ID_F96754BF7C,0.05605812653356507
ID_CE49527249,0.22795960507145774
ID_CBC99D95CE,0.010432817464812845
ID_B96815DF03,0.6487388394928681
ID_14F17CDEBD,0.007617589035653928
ID_D26CFBA497,0.015534328505870498
ID_332C69DCFE,0.16588131974215348
ID_06187BF3CF,0.007055233328001074
ID_31A87A98CC,0.5175460714294585
ID_8ADB49127F,0.06536096014488597
ID_6BD15F8409,0.12545613922369941
ID_571A90BBBA,0.07375097322233318
ID_BAFC01F164,0.041279492674614456
ID_A490D909CC,0.9885106410441081
ID_6C33C17CB2,0.012687505354055958
ID_9898475930,0.5964652444724243
ID_5A424B06CA,0.25525386936403577
ID_5F98DFB9B0,0.9962050876874915
ID_A6B2DE8F04,0.5692182539833285
ID_E0D12B91D6,0.0063896486111254085
ID_476F105DEE,0.04546211193138863
ID_AC61DC03FC,0.020606875895721386
ID_3589E599B3,0.060116771690103564
ID_CA4346B2F2,0.2135232912015051
ID_19F74026F6,0.0902488003980728
ID_49D2318297,0.013369704791173562
ID_7B9710B18C,0.0020963967143982263
ID_3B837A8797,0.0027505301735313214
ID_9701470B50,0.007567488258388554
ID_18401168DE,0.8673591660004475
ID_E7BD202FB2,0.38538945411162484
ID_5A6A91889B,0.015171978320578865
ID_F42BA9D9BD,0.8084603884471846
ID_7AF88BA0FF,0.004751693850731916
ID_B99DC96343,0.16270790352027972
ID_11E712DAC4,0.012886993332500237
ID_C47F15AA38,0.01807222139599387
ID_251E69FE71,0.2063635059003526
ID_4C80F3614C,0.7765818219350599
ID_3E918FD764,0.09210617075846557
ID_2D5B6A95DE,0.0229714656014876
ID_37AAC6A739,0.38350706560135006
ID_5D9CDF27E6,0.05608114444133856
ID_C153652943,0.007641504788611207
ID_FC2F0BAAE8,0.6538228590737223
ID_22F6CCB9DB,0.020260170694280384
ID_C660274B3B,0.003901192367083288
ID_08C00F0FCE,0.015012829324817786
ID_FE3B5AFA09,0.003024234523937712
ID_1AFD864DCF,0.002
ID_207DBB320E,0.3635286686118713
ID_712F595531,0.5554209638654526
ID_E67321FFFD,0.011929798472925052
ID_87D4A109D2,0.45021190826502877
ID_E52DB64DC8,0.016675874966990367
ID_E93FB2E676,0.0729666222431086
ID_C846558BEB,0.012209867293246522
ID_C72C22AE58,0.002
ID_1206794DB4,0.01908454484916661
ID_BA669DB631,0.0078064704747783445
ID_0535DD3F42,0.01974884115465275
ID_1B92A94C3B,0.38876740576751734
ID_F2215BC917,0.002
ID_6D7019F1FF,0.006356582025798574
ID_DDBF10C817,0.7009669967464265
ID_573E1AC0C2,0.002
ID_38D35E328D,0.9862169894994127
ID_87D12BF6FE,0.005552386064469534
ID_D1F4DD3DE9,0.002
ID_13D02F5B36,0.061518406540090206
ID_9FC488BD1A,0.019920931810380134
ID_31B033A5AA,0.6782707064820764
ID_5625F48CD6,0.006174567845351603
ID_B63ED49D88,0.746070563784279
ID_579D6BF722,0.002
ID_EEB2CB8F4F,0.06118032505382868
ID_8392F636D0,0.019629877965828133
ID_F62AF4E6E9,0.07701410126078238
ID_ECD797C8CF,0.20697263934132737
ID_636B9F42FD,0.12413110071777599
ID_B2C6654523,0.002
ID_B6399875B7,0.002
ID_41260B7C26,0.6908572364254263
ID_09616E1B1E,0.04202503012813302
ID_94E550CCA3,0.0021225432213321537
ID_C15BA67508,0.032517935207817344
ID_337555C253,0.7794272013715381
ID_16ADF0BE02,0.007164525483408335
ID_BD4558CA76,0.022165682248496448
ID_BB30C9F849,0.05781455691479402
ID_7194EE6396,0.0026553462851936823
ID_85A1842311,0.012400828462761101
ID_1BEFC00767,0.08428947313184906
ID_F77ED0C355,0.24754732501811783
ID_2D5A129162,0.0027582348526425
ID_3B18894809,0.01272032281363063
ID_1D8EF8FE9D,0.007159550631293853
ID_5074156EA5,0.002799444597000346
ID_D15D3AFD7C,0.07288624173385914
ID_3E4B5A698D,0.06830076246753349
ID_3854BE8186,0.0022518791855191435
ID_5002B234B7,0.002
ID_FD8222F2E9,0.5319428366421846
ID_0049739CE4,0.004053211408062168
ID_4634C67A46,0.16669338127596156
ID_367E3729E3,0.26079426827741725
ID_08F8FAA2BF,0.012095289684031415
ID_5AB6CCD6BF,0.2323344062846646
ID_A5C1076D60,0.020074510106579534
ID_13704497F3,0.029621840666051835
ID_2CF9BAC28F,0.2840474726150179
ID_FBCD84FE24,0.07485346318547847
ID_82FB1C17E7,0.006102678793702119
ID_4CEBCFE342,0.46783103740086934
ID_E59C7628EB,0.00698802472015636
ID_DCC7D629BD,0.04621504184962878
ID_CCDFB94288,0.007801191071639352
ID_14D4F97541,0.10460397017519518
ID_4C0757613C,0.002
ID_D84A6B1898,0.37594277389756936
ID_3FE50DC477,0.002
ID_EEBB499021,0.4464486570483353
ID_BA9556F6F6,0.006926341150230292
ID_72CBCE069B,0.17212406663752736
ID_DE305E70FE,0.017667650631622345
ID_1AB36ED7AE,0.005629873311812743
ID_A14075397D,0.2870499274426313
ID_29A00B60F7,0.2771697329298606
ID_28CC6CFE87,0.009119207478712128
ID_6D981E8C86,0.6850894118940003
ID_A18D51C66B,0.28376978347478465
ID_E006602F95,0.078228293435666
ID_AB2EE70F6F,0.002
ID_C23801C78C,0.019295453846762765
ID_F730001342,0.07250130560952406
ID_0A113AFCD0,0.3319246062361474
ID_AACD112CCA,0.36767679417702365
ID_AC138D7624,0.002
ID_A35E34A0C6,0.02171445205501974
ID_AC8F06E9FF,0.2242618764065133
ID_A251CC613F,0.16230966538801275
ID_D9A82BA5BE,0.34450256872168383
ID_B9A4876ABE,0.1669594552760484
ID_54448B1F49,0.007981844973295656
ID_59E0A0688C,0.048754484187725544
ID_0A8E7F7E6F,0.0034736528617695848
ID_DF8E54B633,0.23106559160574347
ID_08BE49D8FA,0.002
ID_ED51B70739,0.053242050063277216
ID_952DD82347,0.01295045054929037
ID_195904CF61,0.007539036567980202
ID_D0ABD743B3,0.02122300726036662
ID_B94BB14012,0.005049936668069118
ID_ACD4BA63E9,0.13011913559166557
ID_B8C3101A18,0.2194020806848017
ID_3421873776,0.38554897582010117
ID_DB3A36DC49,0.0021488394110261637
ID_9107DF8E58,0.2998070984971787
ID_AB0E31DE1C,0.10014110012222624
ID_1C9D76E5E7,0.012698149682973316
ID_C710A5B7ED,0.1504919420121441
ID_6487ED9BA2,0.6101006110905514
ID_BF7B387B90,0.16234018122640353
ID_098592D351,0.019864537057442865
ID_A4EF967BD5,0.032881217165101395
ID_E22628151A,0.10878845208839921
ID_2EC2872FC7,0.7018172316538351
ID_B295949140,0.8739291440682545
ID_60F774670C,0.0421767050191987
ID_DB85BE7CFB,0.046081245121260064
ID_C040123BF3,0.1017072943530252
ID_0BD357CFD7,0.032221562221900805
ID_3470887972,0.9853815511651962
ID_F12D8FC1BB,0.14224560634257977
ID_691D56F0A5,0.015488629418063171
ID_2D8B58521C,0.006552801684232769
ID_3E42FA7D83,0.008698414993216353
ID_8C76354C3B,0.020497448885753274
ID_9B0A99FF59,0.010289472533691172
ID_8F9FBD28D9,0.0060029743421241896
ID_9F6CB94265,0.00723656880872295
ID_5A8369379C,0.012924532187345718
ID_4AA9CE297D,0.011676298150641144
ID_E18AFC076A,0.4003961974106546
ID_481E559C2E,0.4372382116337301
ID_2CCFE9E420,0.7534180684721444
ID_CEC4049EA0,0.14129251283493563
ID_4ACA774D45,0.0598153874898445
ID_10286D129E,0.3560118301836462
ID_1F99E67BBD,0.01980386317055146
ID_9298184251,0.02309870289599842
ID_8A1C79C0A3,0.003270322106414534
ID_CB0F2AF306,0.006329165946023578
ID_1ABB5E99F4,0.002
ID_C3D0257137,0.16189022336686
ID_5FF80CE9C7,0.13639147200436724
ID_8F1573E4A9,0.003394778919788606
ID_17F915C02F,0.011690203712789138
ID_8FFE3197BD,0.08516427002220499
ID_C26D5CAB72,0.014410543076986122
ID_4E1447D301,0.8423922311893051
ID_2F6EC40B4F,0.04807118941246823
ID_784DC7AE24,0.9931220220306773
ID_1E3EC58551,0.005976667095677943
ID_0CF26DD3A8,0.06902203421633404
ID_D5C3D7B9CE,0.09422104534864377
ID_F8E39D5F44,0.019896555145817545
ID_E66CA3E185,0.002
ID_1969FCAD4E,0.16654346945144305
ID_795B081EDE,0.3510708601715459
ID_7D7036D263,0.026366578329059084
ID_3D0EF1EFC1,0.0021482557501697787
ID_84A9FE988C,0.005285317808746608
ID_34108E9C95,0.14338297389874988
ID_2D39651470,0.06355717093950873
ID_083F53E096,0.045758249480836906
ID_2EB8690E49,0.31109076498705557
ID_1426F127A5,0.002
ID_38108994FB,0.09191406136819646
ID_A7B4025B7E,0.01246369126373971
ID_690300865C,0.2723928150701588
ID_5457F038F1,0.21059151644166554
ID_1F32F1F3B0,0.019497772469400786
ID_BC004E7AF7,0.002
ID_DBAC11E89F,0.06759435286127731
ID_84AE8693BE,0.14777535119098364
ID_550517BFAB,0.002
ID_1CB55B7661,0.016843496382484828
ID_B7D244C9D5,0.047135412736715815
ID_1F15D3E82A,0.6647161216188252
ID_70BC5C9694,0.015997675584347046
ID_278E78655A,0.08175274957220638
ID_33483E6768,0.07424673426819775
ID_6ACEA4F7EE,0.5785648515895497
ID_36C72C9D0F,0.19563520304656482
ID_88F6ECEAEF,0.31504360712986
ID_2061A01107,0.18683645157683082
ID_953FA7D386,0.002305241309379755
ID_8CF9FA0A27,0.06407710166508529
ID_DF061E69F6,0.015201939298457718
ID_826599D524,0.0267021815290683
ID_B859AB7BFA,0.21479397779937534
ID_FFE26F2652,0.13109123283497293
ID_C3B20A695A,0.002
ID_D381C458BA,0.11482157573065466
ID_8B607DB786,0.014274918820454731
ID_6DFD477569,0.024691913123364027
ID_E24170FF10,0.08433445368399889
ID_8F6B639677,0.2684764530238998
ID_3D3188FF0E,0.005907058116454602
ID_10C758F3EE,0.019516989494687255
ID_4BC513E0C7,0.021582289166211348
ID_53F9F7395C,0.006764599614796975
ID_837341EA1D,0.20653062114568008
ID_741F9565E5,0.008123289162846761
ID_9D52E49795,0.2713769396673304
ID_FBF941094D,0.6981434320198615
ID_C5ED06DCBD,0.360651742768266
ID_A00203C432,0.3760503021599118
ID_D220771087,0.8605690066131518
ID_DEA7122E55,0.08014148351876428
ID_EE91BD4508,0.020097386391800684
ID_5571512CD2,0.11728740046442164
ID_5166DBB832,0.0403819903229393
ID_E8F456DF94,0.010900991740517965
ID_24C47C645D,0.9922633633348983
ID_9539D859C0,0.016783287854849234
ID_C2C24E6E8C,0.43272498995292163
ID_10D1702842,0.7484909308570191
ID_A5B16331B6,0.002
ID_B234044B20,0.01419653829406541
ID_B20D0AF6E0,0.002
ID_B85D230527,0.766126345139299
ID_2DEF6E6F30,0.01174926395575483
ID_3325A3B7AF,0.08700228040956562
ID_F15846A3F0,0.006105282767729344
ID_1925F0EFB4,0.0876449091308989
ID_3518B0DDD9,0.009895219500499522
ID_1FD8B0BF8B,0.0035546997266315125
ID_7CEF90D261,0.10038482074987869
ID_D17E836B1E,0.09194920313112548
ID_56A2DDFD35,0.007545632761767785
ID_21DBCAB945,0.008659571589777535
ID_6B60560242,0.025850253596823164
ID_37AA580967,0.002
ID_739A8E4664,0.015314440671509328
ID_F0DE710C4C,0.9862448364119547
ID_3CF1AAF90F,0.018414960579511242
ID_9545D1349A,0.012401318208636249
ID_8B5BD55844,0.25489882209094045
ID_81B7164DE3,0.006271378684916759
ID_C4636B6365,0.002264155099082709
ID_426C7BBDCA,0.2422379486563031
ID_A82B4BA618,0.002
ID_62FC736C28,0.9299660476687699
ID_8836B80305,0.4171131715559455
ID_9C02530B2B,0.0063208146855089214
ID_4DC64D6B36,0.9902561160287326
ID_1976DCD6CA,0.672905661257415
ID_FE4DA53CE1,0.020170737524153822
ID_B84094B6A3,0.00247401257887918
ID_291DF34DB7,0.003947698559885348
ID_213060295A,0.002
ID_2D8FF25583,0.03830549575648876
ID_A75A7E7DB5,0.004502133875272819
ID_63073C5421,0.002
ID_2D67AC36C7,0.011022972917047031
ID_4991D4017B,0.10264552592727814
ID_6B23C30018,0.09892233695517753
ID_87988921B6,0.274606454432833
ID_85D3CCBDEE,0.002
ID_8A15588031,0.9587543900854588
ID_D87DB06B5C,0.07616407185313218
ID_77DBD8C9D2,0.07928142934143281
ID_6BED3470F8,0.45038527414622603
ID_9CCB77984A,0.027444848182158536
ID_C896B54E38,0.02377724174395528
ID_AD1D2CE45D,0.9828605707028241
ID_98F9216423,0.00721578509262383
ID_AC73ABAE13,0.2267149918515803
ID_4698679831,0.07873832523276791
ID_604A8BE61D,0.7028334514327773
ID_60A9DAEFCB,0.0026953027516743544
ID_8482BB2F78,0.10386529095846878
ID_A2E2DAE915,0.008025681775702048
ID_75CF89712F,0.049805194315488896
ID_CF30ADA0FD,0.011563833921671398
ID_D21DC429DA,0.01938261880741183
ID_F655CA3DB8,0.04287118419054851
ID_844BCBD4A6,0.02000852998989981
ID_414FE4DED8,0.00611231663757409
ID_A35078F1FA,0.003526569278412684
ID_4AADC2CE5B,0.0031140186383776217
ID_919E076CBE,0.12380178959698634
ID_FA74B74E89,0.9088733323157869
ID_92056327F7,0.004700570295107037
ID_5EFBD54ACD,0.006392217705379406
ID_AA5875A964,0.05147762531958637
ID_C527B763EE,0.016465842968981983
ID_4216013E05,0.013181021683057103
ID_D9E15AA96F,0.806738685775714
ID_7A2A7DEBFF,0.019485060789817356
ID_FBDABE39CE,0.47995270789142025
ID_5057369422,0.5795967525928214
ID_44C6F8A12E,0.005966004679785666
ID_5550DB16A4,0.11807805654912193
ID_1BCA169236,0.07243668442525363
ID_CBAFC00524,0.08369806605755506
ID_33A4AF14EB,0.013498608873353775
ID_CA5E3F548C,0.024666554547947476
ID_35A798E91E,0.04784706620255437
ID_D6E8126BA2,0.043747792780690055
ID_1295B65CB9,0.02131813464060867
ID_83DF6541BB,0.15162285785993332
ID_2182F5F37B,0.15550816327638742
ID_F5684980E8,0.10223209883800483
ID_928B89F9A3,0.08873974030544596
ID_B22BD12D88,0.025023959631255435
ID_CEE5033CC5,0.3274343773815232
ID_F1A890C348,0.1148913197324183
ID_C95AF40AF2,0.0021597083727005134
ID_B0F95866F8,0.006665076530344071
ID_EB35527EFD,0.13286720830138946
ID_142D01C22E,0.07755012745131014
ID_F80F9F8802,0.19938789770109225
ID_53D098337F,0.09341109099443655
ID_067CB0DA19,0.8165257013910558
ID_389A68543E,0.044300872868833926
ID_DBA0CB5D64,0.013224417588099183
ID_6A14798258,0.013206010224743154
ID_71C5810EA1,0.002
ID_821389E0EC,0.04542663088320639
ID_8194499C46,0.006208139676901549
ID_F499B3DCD4,0.14758637289246687
ID_6418710A82,0.01095574049159593
ID_15A1772EFB,0.06685164028791821
ID_B88FB7F7C9,0.007508865219352251
ID_60445AE808,0.0032883198979423486
ID_34C667751D,0.020329319738817304
ID_6596C0DC6A,0.017324617907579463
ID_054F85A410,0.002
ID_46E129EF66,0.04158712362483773
ID_2304A4D405,0.019639889842915502
ID_E6C487F642,0.022475053810045505
ID_D000AF171F,0.24393888086138205
ID_AADF7C9380,0.5516219164854675
ID_FCDE2A4D04,0.00790020092338646
ID_F1C72D0744,0.036435555580633126
ID_9F35D28D7F,0.007267440625044418
ID_44F782F654,0.002
ID_C069F23DCF,0.2018712195078021
ID_BDD61849BA,0.007094509894135051
ID_DFAF28EE0F,0.002
ID_3F8B5F655E,0.0032581481118224205
ID_09D3469783,0.99074176664084
ID_05EDE8DA33,0.015230057176715998
ID_2E9A61CA43,0.7133305240599743
ID_C1DD2FFD0E,0.017038843467959114
ID_9CD75F7384,0.012216175056652607
ID_1B0FB320A9,0.002
ID_BB2EB89E1E,0.5961499256199502
ID_8BBD57A91D,0.006492154597447015
ID_609A90FB60,0.002
ID_8FEF70D887,0.006599435684746129
ID_1B26965477,0.2515186576478647
ID_B8915B0CA4,0.044652677782315825
ID_B755ED7AA7,0.012774548297369988
ID_3E3B553540,0.002
ID_6778778006,0.8767290407073464
ID_6A1142295B,0.010847025468736851
ID_0993ABEBAA,0.002
ID_133D16B755,0.07106806255522753
ID_010A5E1313,0.18875106747673312
ID_F0DB6EAFDD,0.024083675946279973
ID_08BEEBB262,0.29138845508174827
ID_0F81C5882D,0.7199043528555588
ID_2E9B8C145D,0.002
ID_B2FCB1A29B,0.4282913969916467
ID_BF825199D2,0.002
ID_D1B5F80B34,0.002
ID_67DB9B574B,0.02329063034755753
ID_90EB28F72B,0.12475144062244614
ID_22D884C7B9,0.011205473215907992
ID_1CEC754302,0.08819555162799482
ID_E90CA41EF0,0.002
ID_3FC01ED7F3,0.045020893603902136
ID_18ABBF61EE,0.2397472624964262
ID_94CB7E31ED,0.241533034069484
ID_D16BDDB974,0.16038302596179374
ID_15D3ABA498,0.008511625846111592
ID_2252DC15DC,0.1135244565923863
ID_2FB057ADA7,0.00759994383066914
ID_344852F2A5,0.09701588563077855
ID_018BB08829,0.028119244341581077
ID_47DE686137,0.002
ID_F8A4D5857C,0.002
ID_5856C49317,0.20765115775389745
ID_7F3478F3F1,0.002
ID_FC2ABAC3A5,0.04297134230599191
ID_34D16ED844,0.20226641786107075
ID_1DCDD960A2,0.03882562400219865
ID_FBB0F1B98B,0.323204683624438
ID_ED64F02170,0.06618839464562078
ID_60F0E21E27,0.20971270359915045
ID_F4E68EB189,0.015781449327319667
ID_C77CA7B22D,0.09888926811278353
ID_A4D8FFB25F,0.0021350066471397975
ID_7F17F26E41,0.011491159219903532
ID_4E6FFF0566,0.026780843779869307
ID_A40E0F12E2,0.014834676872645398
ID_9519C80E9B,0.03950782766555432
ID_8E33B84FB2,0.06657429482915425
ID_77C24C6B49,0.010250442848248031
ID_69113B19E6,0.02219071790768495
ID_F0DDF552EE,0.023798619330582124
ID_78F5E93E94,0.13705338614337684
ID_1B1AA1117B,0.003276302318062406
ID_C0622B0608,0.013121234087331814
ID_0110A1E900,0.6094194751383011
ID_53E0D0B32A,0.017273156197880928
ID_2727385480,0.616765685046171
ID_F41B5E78F0,0.002
ID_E9798C96EE,0.4282234060875956
ID_FA49A27550,0.002651181832054105
ID_E61F9F8091,0.6106733470991735
ID_6A0684055F,0.1283662798242336
ID_8B51D1118D,0.1695472820184671
ID_DF588FE3D9,0.13099855900361818
ID_E7C8DFB66A,0.06780064630871918
ID_9673934A22,0.002665500831764818
ID_7583E2B347,0.0027786738487952122
ID_AB8233347D,0.007329573996786513
ID_376BD30E5D,0.003448203957163738
ID_339FF5D213,0.005467649783594585
ID_470FD555AA,0.7299226378124087
ID_EFD2670553,0.06814484327800378
ID_FCB6CE315E,0.0508207666778252
ID_9CFD7FB66E,0.32931615832045413
ID_BEABCB0760,0.06047019972009176
ID_434FF6CD40,0.7569897085660964
ID_42AAFD73DD,0.002
ID_50DCE7F1EA,0.002
ID_2D6C7DB8FC,0.4991820100070861
ID_253DD3DBF8,0.19949272306714794
ID_8FE26013A0,0.03190696466998458
ID_F765E7CD76,0.19276779972585942
ID_8F7521BBF5,0.10967055175569618
ID_1FE9076823,0.6897897300081764
ID_7B74660FC1,0.00443261372025644
ID_91E698E033,0.8353994714754897
ID_B144E079E4,0.0690175799882367
ID_3496006F41,0.23495560674921484
ID_104813D809,0.3072871360211667
ID_4FBC3B4D94,0.22952827065917436
ID_C45271DE2E,0.012250889329354257
ID_B26DF84E7E,0.011888549684246517
ID_E9F3D21CE2,0.21573726084512712
ID_D2D61EA3F2,0.3898057657760562
ID_F313BEDCC1,0.011980575476957415
ID_325A48739B,0.7533019250203594
ID_F83A74B1C5,0.25289186510648076
ID_2B3D5B1E08,0.20935378540557983
ID_37F0EA82E8,0.010398399602032331
ID_B56CEB0174,0.002
ID_6E069CD223,0.02112411904760643
ID_B4471599BF,0.002
ID_913272AD85,0.07087106548667813
ID_04A1AFEAEA,0.08629190643418137
ID_4299D52409,0.019446216845067907
ID_48E84D56CA,0.0658876938353307
ID_E2E07B1F81,0.2637454636127743
ID_800EA76A47,0.005527240439573725
ID_8C83D92DA7,0.4556132604728336
ID_6E537D63A4,0.0779525003169266
ID_75B5887FBB,0.003057477647390626
ID_1568E3C38C,0.06058053116434135
ID_FE1E3D6431,0.3629064961425774
ID_B395619A7F,0.029252471064425033
ID_A887D93393,0.011960422718174142
ID_019797FB95,0.06338349011945518
ID_AC760A42F2,0.014173285762182526
ID_ED53F1E193,0.01770023466319296
ID_054A30D86A,0.030156497358777824
ID_F715CAE9B9,0.0028698624171625197
ID_37FAA795A7,0.3488206034631389
ID_E47412B843,0.4342676598054178
ID_399C0C799E,0.005998177273010143
ID_153FEF1780,0.4267630773761246
ID_71D10184BF,0.002
ID_0AB0749870,0.006487838031304239
ID_21CCD43D5B,0.027466540698209013
ID_6F28097B5B,0.6897580149718273
ID_EA15BED911,0.09851914360503478
ID_42EBB1773E,0.7018356261580675
ID_8A00449033,0.02131781252629974
ID_A110090694,0.0767423868597185
ID_0AED4641A4,0.0051648373264964196
ID_F135F51D6B,0.007696058866052107
ID_680D4E07F7,0.0644318881291766
ID_48F141EBCF,0.09786095531063742
ID_F0031EA232,0.03941842978637642
ID_81275D6CC0,0.002
ID_5105E34C14,0.0033610828463230976
ID_25CC18B4A6,0.025884655862622927
ID_EAB3D05713,0.00463128192100952
ID_A4C6774B40,0.10019209338297624
ID_D23ECE6A86,0.09263784284707009
ID_D5B68D1CEE,0.27780193339847215
ID_DFAAD4E208,0.06069407839294165
ID_027DEBB54C,0.002
ID_1BDFBEC5DB,0.813210718239433
ID_F345CF639E,0.11563108274703746
ID_6F27DB723A,0.15648795199674617
ID_F6D01E8FB2,0.020803057777299745
ID_921DB3243E,0.05333262054025427
ID_569FF1856B,0.002
ID_0DE30A61F2,0.008280653908467325
ID_0761C8EACB,0.9586634775348054
ID_76FFE81FC0,0.07770929171607922
ID_D53BBA1BA1,0.8903682592269027
ID_CEEADF777B,0.9623129383137682
ID_5342E1EB18,0.05719508059235574
ID_9DBF254093,0.0026088081584835186
ID_B09E68E06B,0.3489198461150302
ID_7FA9FF45A6,0.5864607572168463
ID_026C4B5C23,0.002845211600638018
ID_B6D2E2A07C,0.35213254121142656
ID_94C3C288EF,0.007860561292618877
ID_B491848A33,0.006337276713069847
ID_2D5281F4A3,0.4235602833188388
ID_CB24092C91,0.08751706170765694
ID_FFF89DFF29,0.006233332384918581
ID_B2C22C97BA,0.9949437556338863
ID_85EC458EDA,0.6847382987355173
ID_B7E203D00E,0.04620944971472891
ID_3E6315ECF3,0.1742131325092545
ID_4515EF6A10,0.0047920966168496365
ID_501C3DF64B,0.002
ID_2A745245BE,0.011926004448459778
ID_7BC60601CB,0.01927717546258849
ID_62C5614AAF,0.09006464433414421
ID_D3113C6E3B,0.0602087490612759
ID_002A70DAD9,0.6789579632795507
ID_DC5E131FA5,0.002
ID_C21204C2A7,0.09663502800709341
ID_C703B61F1D,0.9547122918617573
ID_EB57A33451,0.006033928579682972
ID_497B0517FA,0.7506969077185215
ID_3ADD72B45B,0.4029978383320253
ID_303C959009,0.10584549026286147
ID_888001D163,0.8659855473885992
ID_63244139B0,0.3660784364205002
ID_8544E398F8,0.04500349841894792
ID_8967D210AB,0.026219891795907314
ID_B162FAE2FC,0.027253936945498877
ID_71BF27E620,0.014118899439516453
ID_2A1E9F2F82,0.017056619005649684
ID_D649605D15,0.04821891688178152
ID_4F7A30EFAB,0.37908410619643995
ID_08BD058C2B,0.11331258676573978
ID_F42B8C5748,0.3638832440809092
ID_34B7A9DD38,0.7728939977358741
ID_5A881B5252,0.2144122524021727
ID_771D5EBBC6,0.09893526066756157
ID_308C318B0D,0.08237319332566574
ID_35804C39B8,0.1437650594776806
ID_6B8AE497BE,0.06310006043738893
ID_4BA099FC7C,0.42498317476658887
ID_DB49085DB3,0.40501137959904415
ID_D49302C295,0.08443578045718299
ID_4B99816124,0.5840399133735397
ID_4E57D91A2B,0.1560706338731508
ID_3EAF689B12,0.6331373066145297
ID_52C90A8EDA,0.08961075721713611
ID_ED4E608B58,0.006449136871337316
ID_69AE3B8D57,0.8885637868887165
ID_18AD6D14FE,0.3086093057700681
ID_6DF08CEC6F,0.04486556687855924
ID_AB8B32F826,0.012165711903054148
ID_BDDB3BAA8F,0.0068441070018851555
ID_E3E06C3CE2,0.014553162083454937
ID_74F50EECA5,0.9875842588472495
ID_22EF24DE98,0.005503921728179217
ID_8C3E59D33B,0.12234805587726169
ID_5DD32006FB,0.004089696494893813
ID_F6DD040169,0.23395402674171692
ID_72B611F73D,0.006347298258808046
ID_20B30ED664,0.008495043025656127
ID_DA7172C80D,0.015609369282954685
ID_7B9C2819A0,0.30466191174400337
ID_47DCDE4DFC,0.2037174951110779
ID_9EBF2108F4,0.05739893701039118
ID_4E80DF850B,0.7795507989253918
ID_2A0A68901D,0.006346115254235419
ID_41E222AA9E,0.007102930205676442
ID_C0491C54AD,0.02086249460738317
ID_FBEFA1BA7A,0.9163085436516245
ID_C61404C7E9,0.33084751759675063
ID_0EB47D37CA,0.006810128421327721
ID_A6DBED45AF,0.002
ID_5D25E7851D,0.009565571097821138
ID_12BC08EE65,0.7233799766317528
ID_D6C8B44610,0.018235102692746925
ID_6918D894BD,0.0774274829551666
ID_415D1DED1C,0.1539128145156849
ID_2A8784C63C,0.048350977169516404
ID_0407A2C355,0.0151006838810932
ID_0741FDC84A,0.002920348763504563
ID_F51B7329FF,0.00631895310101635
ID_3073B55007,0.006563959344435853
ID_DACAFD51D1,0.002
ID_80DD52D4B3,0.21271130839863753
ID_E457940FBE,0.9910675508734329
ID_1C6EACEBCF,0.1862887439368312
ID_B8CF017256,0.008248265586902177
ID_4D2F36D00F,0.26301056047822124
ID_C2C0EEEA52,0.6712160314294815
ID_1384E93F43,0.00833904629984562
ID_5DB432AFB6,0.002
ID_5439CC3072,0.009265281147597117
ID_2C6E2A0F41,0.002
ID_87DA05B77A,0.017434107197067335
ID_D1B5527FB1,0.007828245707266677
ID_68C0F03837,0.00723625197146441
ID_303968FCF6,0.24837139412654777
ID_069A5613C5,0.0057005214474197
ID_D9448C8A1A,0.04254078000161309
ID_FE5F13ED34,0.03983279365677787
ID_16C193E092,0.002
ID_6D9FAD8F48,0.7023020541597172
ID_06A638C160,0.02198502777133978
ID_93479BB870,0.011727802274023924
ID_C75821DF62,0.1662439103706908
ID_64D387C8A9,0.09703055360977449
ID_A4B7A7DC03,0.0026031136454862398
ID_5DEA529EFD,0.4170494304778467
ID_3BB2C4A7F2,0.21334404866092485
ID_8E8B1FBE64,0.006367044281419828
ID_FC3EB8F7A5,0.028890745548242037
ID_222A9754DF,0.046026514569429015
ID_63A2155EEB,0.6539756316236415
ID_77DF9D4C9A,0.9656766268406282
ID_1E775956DD,0.07342571524205375
ID_F696482C32,0.014001448028727773
ID_F3AD53672E,0.1363942853187585
ID_1030BF6B87,0.012177117287393293
ID_380EFF6BBD,0.006586256985739029
ID_2D8091A6E6,0.01340190379234308
ID_CC0E2E4881,0.017554504295085014
ID_9FDB4103CB,0.16330045008364213
ID_1D84049BBD,0.6432412901750333
ID_5EC9D2A077,0.12384314476622275
ID_CD2FE1EC02,0.002
ID_7C5CFB2B48,0.022058270569482282
ID_9169ECE70C,0.5818780503710413
ID_AE888D2681,0.0026265446319270642
ID_D3284B573E,0.04942906278298167
ID_CEBE5522C6,0.014157502743422224
ID_A1F13DE853,0.3122652316791111
ID_5C5F3E1375,0.01126783610353832
ID_3CDF5681C1,0.2736085230776076
ID_F51D9DA885,0.34741139713285785
ID_6C2C4CC3F5,0.002
ID_8EF35B4AD7,0.12453724934364696
ID_F72419296A,0.006903248153207484
ID_8A3DA25B10,0.4139012159080927
ID_ACBECDDC87,0.0021556207830940297
ID_37B7228AF4,0.2106521197374345
ID_F59D1154E6,0.13034856070429107
ID_6CE927E2E5,0.23111139175804146
ID_FD4BF3AF79,0.002
ID_F31D0D8B7D,0.0027506047733182612
ID_7CCCB2E22C,0.17088449869551042
ID_994D92AC2E,0.006873775119909543
ID_D0AF01CA5D,0.0034001034408610528
ID_ABBCC91B32,0.06289168269612208
ID_F4CDFA0015,0.755355523082918
ID_2C1BA2931F,0.1048619698238087
ID_F2BB2AA8EE,0.13279926596483993
ID_6CFEE62F89,0.4418776193968321
ID_49B0CACB0B,0.2752320033911518
ID_F4D3542EC4,0.005776781926095545
ID_5FC82A229D,0.2478433330683697
ID_4968358B24,0.002535261129389494
ID_5647F35BD7,0.025507192635997333
ID_126CA21E7A,0.09941032467229684
ID_B8C2252DA6,0.046359326819290225
ID_51E449DFA7,0.023253790292840668
ID_029F4A1124,0.004729993948177486
ID_FF9C3C1872,0.2583467713696375
ID_540405B317,0.08649788017182143
ID_B20CA0BD0B,0.010398537211064133
ID_3009AA37DC,0.9958031681526807
ID_1BCF5DB926,0.002
ID_7C4637761F,0.004622091182816226
ID_D6E1A9A21E,0.5860492612946807
ID_885EE71E69,0.02442978197714504
ID_68D98714EF,0.4680082988013794
ID_B8D6A5FBB9,0.027397342459212302
ID_6342204591,0.37065541980803746
ID_4A75265BBB,0.3928103768227265
ID_3250193B84,0.002
ID_A131DDC9A9,0.04846677186414361
ID_9424E10762,0.015670139345235336
ID_F2AFD9BD36,0.4273660156495758
ID_09B52FA5F8,0.6847502205129459
ID_031228D631,0.9748167330213215
ID_8A575AC005,0.002
ID_A17CF1822C,0.060899856536814276
ID_869350CF68,0.004971439622418265
ID_F475343CBC,0.0035186976617598504
ID_37FCA14059,0.9978024435227913
ID_A111B2552D,0.022840733705883555
ID_E6900DD342,0.5410874760517664
ID_A4D36D9D1C,0.7771025439068473
ID_E2CEC5079D,0.003611201834140495
ID_DEFE6B36FF,0.006892417993974093
ID_92BCD7583A,0.155175455072405
ID_7C6925163E,0.020546470449311217
ID_CD910F1C3D,0.007466801768023046
ID_AD10C08142,0.04919424275390852
ID_B0CB716A9D,0.002
ID_060FEC6866,0.0029053044858353065
ID_6CD276EF24,0.004247591213203543
ID_A7725A5753,0.014047008151471073
ID_9EC3673758,0.002
ID_8CC8B9FB99,0.2238388190799135
ID_7B224142E3,0.06303252092731956
ID_D89C3BA50D,0.0803376155258395
ID_E0060B6D38,0.007253863889417637
ID_204B4027F4,0.11351484030662674
ID_301A824ED5,0.1446449670656399
ID_622643E142,0.006783810447030465
ID_F35DBD6C28,0.19459580253548692
ID_B7C8A12E25,0.002
ID_3577E6054B,0.06169514642081461
ID_4C936FC7D2,0.0068926405667080895
ID_CD988DEA4C,0.9627453778408637
ID_AE318D0F8B,0.7489066620168784
ID_BC88C97ED5,0.002
ID_46146BB106,0.21251431716679683
ID_6FBE49DD7C,0.01760231907937794
ID_72C19507D4,0.21584565358119528
ID_DCE731F7F2,0.04761275382169924
ID_C18755D0DC,0.7196278312701115
ID_21E5ADECC4,0.030911971427521914
ID_7A91116863,0.8199123696677912
ID_DF48CDCB0F,0.2990693859224697
ID_81188885AD,0.012781678009599394
ID_87E015C79F,0.4791424399490375
ID_5EC6F60C4A,0.01274125017657068
ID_8E49EA6DAA,0.00229057370833292
ID_CF0AE73FD6,0.012666386231380503
ID_5B6C4F59C3,0.005732460704820086
ID_6F38CD2AAF,0.4682676364729205
ID_09396D97A1,0.41101692382160016
ID_E2C6C7D826,0.406286331961368
ID_E392397664,0.0071273782510960955
ID_D216810066,0.04944143565138744
ID_5114466C1A,0.007888365606268075
ID_6C4E892FFE,0.5485636598634552
ID_1DD7E09584,0.011591130941922762
ID_5475E9A339,0.004455181170722817
ID_06D8D3B1CB,0.04631128642173623
ID_50FCFDE563,0.23644370250855073
ID_E22E84262E,0.011798288481629947
ID_10CCD850F0,0.008943223870642968
ID_720C7BB99C,0.0031959329304662876
ID_193B785EA7,0.004769519124726426
ID_E62895E9FF,0.012698645275807675
ID_C662A342A0,0.006404688942502774
ID_06E3B54360,0.014789396562392896
ID_0A47C5FB30,0.004512424616922067
ID_CF908ED7DC,0.07698880781860043
ID_D823F96BAF,0.011070482340095314
ID_4C06E5CF12,0.02022434450013171
ID_0B968D8DBD,0.07955895986035154
ID_8790ECE4D1,0.3743076482538593
ID_6302AF6AE0,0.002
ID_DEE40D6995,0.04453877985038056
ID_23BDF9EC50,0.0026277383838194035
ID_8FD94827BC,0.04987663296007528
ID_60B2A94C7B,0.02619426219619097
ID_4D233B7511,0.04857626476867811
ID_DBA5873D07,0.004920660311122066
ID_48592D5304,0.027536074228279517
ID_DB159D9337,0.019969913457341677
ID_C10DE46CEC,0.9965719122829333
ID_A6FC994FC2,0.10059062337306778
ID_2286D4650E,0.10300764263212028
ID_197F12811A,0.002674181021767142
ID_2FA55399A7,0.09732327337479414
ID_9EE00BD18D,0.06255770549313262
ID_8E51BE5757,0.002
ID_BA9BFD3A6C,0.1319388677026049
ID_0A5C33E75A,0.22865309901171418
ID_FECA1859C7,0.045774937384053895
ID_13E333A487,0.3844084025544602
ID_CEC285DF89,0.042194053655283344
ID_3ADC15679D,0.0034858746268425773
ID_07D9EB3A1A,0.5549457637473844
ID_2717DC8B47,0.01343465581788842
ID_F78268E88C,0.42737936717525904
ID_231F67D445,0.35613854418075125
ID_E1D7579F34,0.005319243951328968
ID_8009F38E87,0.011602444313444786
ID_9FDC35A17C,0.16643005847196388
ID_11B7EEC4ED,0.03604095774075569
ID_6AA45693A0,0.010119990552390618
ID_9696EB66A2,0.1806057328016509
ID_C490E50732,0.002
ID_50C41FFB45,0.034907855567101985
ID_3238D0093C,0.2913626369378061
ID_58037A9C19,0.005735887481838749
ID_FD39A46EA4,0.024904218272234747
ID_D01B0649F7,0.225007804509129
ID_EAEAFAEA8E,0.006407198692103922
ID_470E9A6DCA,0.4729886331705755
ID_AB98DDD73D,0.11537742291672633
ID_E27172AF42,0.28997160829733915
ID_02143B2F84,0.1145228079400527
ID_6B3E6E89A0,0.010434551808859908
ID_3AEA080743,0.04892842046493399
ID_DCD5D77221,0.08623493524282556
ID_6AC823FD28,0.012666302030615669
ID_369330559F,0.015087897773806194
ID_F92658E913,0.01694174402148257
ID_DA8AE1C169,0.002
ID_DAC14E060A,0.0022241973666102767
ID_6E4E1249D4,0.0027168822582441946
ID_2CDF6B8CD3,0.22371221430501298
ID_302DFD78F6,0.005338180942580748
ID_A871A534BB,0.007036789019597234
ID_92FB5B5ABE,0.021787460770094753
ID_DA113811B3,0.002
ID_CBFB603FBA,0.01870024528173781
ID_B3110879C4,0.04106548703933388
ID_9EB8344E10,0.014172329553776052
ID_403907998E,0.002
ID_F735BDDEA3,0.01575693914253828
ID_3E5017DFDF,0.9838183861597697
ID_28758729C0,0.06039845217975979
ID_042C608FDB,0.13040093190217317
ID_DCE31AFB7C,0.002
ID_1873780F56,0.11903396806067776
ID_DBBC646506,0.002
ID_DF87D84C46,0.0061287211906570615
ID_3C6B6C346E,0.00490461531107354
ID_24E3AC045F,0.01939390536485519
ID_0CF9B8E8DA,0.06609658457971128
ID_3A4A207C1B,0.0027530516438315127
ID_36B52AB228,0.01965143354382392
ID_F767D7622E,0.017375881095546063
ID_DB8A16C067,0.005885010834213045
ID_5513D1B47F,0.19806827654473474
ID_E365949B89,0.002472996467117342
ID_E75BA66449,0.002
ID_BEF788A734,0.005942321536167799
ID_E35D78CBCA,0.012934938330760773
ID_8F3EC0F84D,0.8390184746864384
ID_DE4E9694A7,0.5735352808623372
ID_C318490704,0.0071943226345853395
ID_75EA4FCCE0,0.13441012123154816
ID_BC5D67C822,0.2537015799012073
ID_96B46CCF70,0.027452741248307863
ID_37FBB86209,0.19705699730766169
ID_F633C5C701,0.01291171878510619
ID_19C244C979,0.0484324889307319
ID_F1E4140D8A,0.546149656464446
ID_B8FC357D98,0.006998870455122574
ID_294EDE445A,0.006212587590603721
ID_6AB08C4587,0.06902337775251756
ID_E96C4A3677,0.12297251064683165
ID_95AC04DC31,0.002
ID_9B18F7FC25,0.5186688558210637
ID_95067D5897,0.002
ID_1FAA8B486F,0.003320081137419488
ID_A4DA936306,0.006347551425386167
ID_A3F48E24E0,0.46683672941579346
ID_91BEAB16C9,0.23924335823424964
ID_E9EF3B754F,0.0033119104591277843
ID_41C2022FAE,0.052801499040883895
ID_E427920DD8,0.20950688914423385
ID_FC61D6B321,0.012007849609961757
ID_A11145C29D,0.09555167032904233
ID_63CDF132CD,0.02669158967032036
ID_F531AE6071,0.010753714901088783
ID_93CAB131A5,0.01159961190948009
ID_E87F2E2974,0.00480414514515349
ID_6DAC01F73C,0.02450809710555323
ID_9F9C02993E,0.002
ID_04EF3D239E,0.008269105494729536
ID_9B3094AA0B,0.0127160276965403
ID_E25A1AD426,0.24040025309102336
ID_5F1527C9E9,0.09032829419350259
ID_3FBAF2C55A,0.013298418728057346
ID_572D9AF8E5,0.0036863211601500046
ID_EE424F8D4B,0.5634867784423688
ID_837AB80A39,0.01223741163139145
ID_3572810A41,0.2835541915951282
ID_0B1E7EBA12,0.02870664783253821
ID_3AAB89CD51,0.2606702071173748
ID_DB2CE30BF4,0.002
ID_9BD8EB4C0D,0.04823172541464748
ID_B41F7D7A02,0.21917470924359003
ID_96E0BA2943,0.02043092374561453
ID_4BE4E2A6E1,0.002107659409574831
ID_5A67D9916B,0.021099082152946275
ID_C1FCB9C69B,0.04742296864536492
ID_119BD8E146,0.09421608696065639
ID_60A4EE6397,0.3817023243588476
ID_85DE7F3EAE,0.005148277229794034
ID_1093B3DAD0,0.4148344833020043
ID_5B3E65805D,0.059920952957634985
ID_8D44CF1BEA,0.011656383728743452
ID_E6B55C4D64,0.002
ID_EFE042BD43,0.005215078702205793
ID_68C2476CFD,0.10422514519824153
ID_30B43AD669,0.07665862053096054
ID_D58AA8A105,0.002
ID_9C390D3CC9,0.021211537184354923
ID_705673D02F,0.002
ID_49F75A680A,0.03174052369761375
ID_95DB6090F0,0.008188621259051511
ID_CC37F3A18F,0.06822338614837695
ID_C698B7D5D6,0.005259022916106816
ID_9B67125F89,0.002
ID_E5D25360AC,0.9885131625960775
ID_9C71F8071D,0.0817508428463688
ID_5D1ED089E2,0.5229548436432898
ID_3B8382E0DA,0.0028587453699472354
ID_713C3CE602,0.006592264529013231
ID_72104C4C8B,0.004687589389445103
ID_C95C9640F4,0.20302380020529073
ID_256BE0EA23,0.21383030124366909
ID_824EEF18CA,0.9698346231854084
ID_5897FCC474,0.11782868564628178
ID_7E5CD71441,0.1545222235532567
ID_99508E03B6,0.003288237694460932
ID_2F570E02E7,0.07209161134003868
ID_95A7520459,0.002
ID_CAFD1515F2,0.020491934656263394
ID_E98C6A3814,0.20439686497226042
ID_745EBDA00B,0.20301192350280667
ID_25FE60A152,0.3810902567229541
ID_EC3D83119B,0.4162798037637364
ID_7E8ACAE235,0.2560525746362352
ID_26635B6362,0.14420446866756997
ID_20D26065A3,0.018505805858810433
ID_2F9E9B2A3F,0.0030195271409115087
ID_EDE034237D,0.19227986233820174
ID_F6BC78E712,0.0035403400330580605
ID_C8E252B9B7,0.06781076237364177
ID_16D4235B86,0.05290010677747916
ID_5CBE3DDB46,0.002
ID_C208783AE8,0.14197418239289267
ID_EDE12CF10F,0.1463312166822201
ID_0BF96E44FB,0.006150360957676022
ID_2A082625EC,0.002
ID_14786EF629,0.0034447268219311225
ID_5D3BA2F8A9,0.002
ID_E4C83F25FE,0.016069792835062758
ID_085E72ECA3,0.00660666466179294
ID_1AECD89BF6,0.0028117796579489435
ID_E30AC87810,0.03811652357150893
ID_CCB0C27E74,0.07034665428140892
ID_825127AE70,0.3451113343251469
ID_2172ECE986,0.002
ID_76631B1B2A,0.9226075994089749
ID_60B85D692D,0.2848608232847628
ID_F0142D7519,0.024725269046908874
ID_E3A7CEDBB3,0.08225983425282947
ID_4EAAB6712C,0.06691948949511956
ID_BFF41EF8D8,0.003983972371746495
ID_2C418B4F64,0.007219993435266094
ID_54B517319B,0.5613921425583303
ID_18CA96E561,0.013702327390782717
ID_6C99C4D3E5,0.00936840843373755
ID_A9B2A74455,0.029761016694170684
ID_F734EDAD0B,0.006283824666602558
ID_0881609084,0.23296080491475415
ID_A8E21DE99D,0.010993957288491852
ID_FF4F8338C1,0.02850255662636674
ID_558FEE55AF,0.430007127142846
ID_243E13671D,0.05885113442684115
ID_E5A0C4D7BA,0.002
ID_1EA8CC27B0,0.9060047312141605
ID_77A1963A06,0.22652874839103007
ID_651082DBB9,0.06921677075875017
ID_6F8EF872CB,0.10011843423453606
ID_2E03B040FB,0.04930838341124898
ID_9D91D48F6E,0.14623572842665963
ID_352F40609F,0.012437712120309039
ID_A6B51D2CDA,0.7187287988731462
ID_A1420684BD,0.002
ID_BDB88ECACC,0.04269072493209022
ID_3A6E0A0FC1,0.0065277940366333794
ID_AEA974B14D,0.002
ID_BC9D4C859B,0.009469144780003266
ID_14B07E3C52,0.027664997853955545
ID_3A4FAEFB8D,0.04553774603044671
ID_C5B7E1969E,0.05758094787879589
ID_BEBBD35E3A,0.6407316174389386
ID_B4C2D2AC62,0.08442759429179258
ID_D7CDA77441,0.012259866165956028
ID_BBBBA7E947,0.011163597718377943
ID_AEF443AE74,0.15525718706503627
ID_07EE8F1934,0.002
ID_12C2F03052,0.011069956726669232
ID_0850E9DAB5,0.02419650192411208
ID_CF3172F48D,0.37061490985245304
ID_D94AA8A0BF,0.002
ID_A367814A59,0.04358548845369841
ID_876652659A,0.1322114106842333
ID_D85DB77BF9,0.020531397449182424
ID_903FDBB055,0.09124205948182282
ID_BD99CEB836,0.09088084386032111
ID_57340B8BEA,0.23758313560177555
ID_4732AC7135,0.002
ID_7E61F58052,0.0028374115111001043
ID_7ECFD926FA,0.030132660977883734
ID_4FCB7A8CD6,0.007059874411697153
ID_3A0D0EBBC6,0.9916160755547107
ID_B4F8256336,0.006697613515857101
ID_0BF90CC97C,0.049287815004798376
ID_74BE350605,0.8592755515585901
ID_9525CA7898,0.4679021713384931
ID_39F54FCCC3,0.7856173626539299
ID_22D19C467B,0.23879668322797099
ID_0790F11062,0.002
ID_26BDEF42E0,0.002
ID_3A993944FC,0.01667042596808122
ID_9BC5F5AE9F,0.0058033391988677584
ID_966242F0B1,0.7942286570654803
ID_70741D88ED,0.002
ID_992C10FE94,0.12965014033865838
ID_6A87252AE7,0.06723792870802435
ID_3593521A74,0.021769153935215453
ID_C4FE5F4277,0.16160669968072452
ID_EE01AA4CB0,0.3160719311411954
ID_A5E2BCB20D,0.16249387009129226
ID_EEAFE3394F,0.02226486701079625
ID_4F944A9161,0.026602946176531098
ID_849321A1B5,0.030665777594350525
ID_29B8AD9C4F,0.5343668382419406
ID_5A3788D653,0.31886692839966635
ID_0BD99DAE8B,0.003093078379363769
ID_60C0519211,0.011284431827036595
ID_C40C777FC3,0.39330419689613116
ID_6EED612A13,0.004413480496821502
ID_4717F9430E,0.013710230955794473
ID_14D8628F4E,0.021055132870122287
ID_7D6A6CE509,0.012649138968424758
ID_88C708D488,0.004929527371683363
ID_FA7AB8CB10,0.6457687914521865
ID_DBFB8CE483,0.01998098292958098
ID_F3DE4C6D6B,0.35207612864706794
ID_1B744D73E1,0.23603423996790676
ID_3B39FF2953,0.04563796614396232
ID_C5CB0C5958,0.09573428457300394
ID_7377EC0235,0.29945069557368814
ID_51DBB48600,0.002
ID_3F33EC3921,0.0020503983038864513
ID_4A89E6BFBB,0.002
ID_4CE310B998,0.5023667195900146
ID_A13AE1BDF6,0.13144142960366034
ID_5EA873B68B,0.002
ID_35BE0C5B56,0.2550795579180772
ID_D97C015C40,0.46667486575473277
ID_37ACAD327C,0.18870304155627285
ID_F6F331A002,0.019050715458148765
ID_5A998C147A,0.005117492678792152
ID_7E2D332250,0.2829014551875347
ID_AD7CD9C2A9,0.07638498165595735
ID_21B38C4818,0.5312488809582525
ID_27ECB1B3A0,0.01760360399325421
ID_911D87B9F3,0.9971387206749135
ID_3D6A9CD125,0.019120417425085363
ID_1FB04B4563,0.4840663384941041
ID_D6D69577CA,0.041351798010620985
ID_4E4ECDB84C,0.19061792620920234
ID_2F8D905A6C,0.005142961208356217
ID_D621A6A100,0.01873853981573214
ID_4CF88B3D71,0.01028741709692613
ID_49DB7D8C62,0.4247043117713565
ID_6EE973E179,0.0027193535086194338
ID_91136EE677,0.0029718156883763434
ID_8194CF563C,0.24440077219485892
ID_70B585B5E0,0.006347670649625554
ID_E9D37B4196,0.009228000725076128
ID_90E776DFD2,0.14398790927751662
ID_6780CE7DE8,0.0032584294526445683
ID_7F5CA571A6,0.01688563487068243
ID_1EA1840C0D,0.012349931671245455
ID_142BBEF5DD,0.054973310807429336
ID_A863418441,0.0020973317678478253
ID_5A111F2C02,0.002
ID_F80CA200D7,0.002
ID_438C4967D0,0.01462990648422498
ID_C6EBC2D626,0.0047769421870942075
ID_DD3B94349E,0.0688537397343833
ID_9A8E7956BE,0.010301583832171193
ID_FAC32D7330,0.012870731367532716
ID_2C2A1031D7,0.007366160790630112
ID_577A5DDD01,0.039890527089932314
ID_23805118A1,0.5300116096931382
ID_D3EF85D3B0,0.013172439109576987
ID_622D1B96A1,0.34811095480034115
ID_8762D6A4F7,0.40214455544303285
ID_F4D0D3C5B9,0.002
ID_78D042733F,0.002
ID_31502BBF94,0.01162160098346911
ID_0A132C6BDF,0.02696810265307915
ID_5CA45C178A,0.1191958457201071
ID_F77E8BBE75,0.028705756066403538
ID_E3F66ED0A9,0.09871726375857963
ID_D574B1ACC4,0.006808641513908217
ID_6A8A25AF7F,0.09032354884026846
ID_0454AB5A15,0.007657799758882173
ID_F220DF349F,0.75445029358476
ID_5E077AC12B,0.8477121105938071
ID_4CFFFE8110,0.05267728486608893
ID_7A0419C8CF,0.008261432427268948
ID_1865192F4E,0.1324364808687709
ID_D02BE3F850,0.04889678408838996
ID_12E3733565,0.01402368372635915
ID_D8D19BA4C4,0.006004737801145916
ID_DE87B67014,0.002
ID_C72B138274,0.002
ID_90546AB919,0.0025568864368496168
ID_5D06F49762,0.022776124098074533
ID_5E6FE6A11B,0.22800026403701476
ID_329C9142DC,0.012102021497190564
ID_E55DC2AAA8,0.002
ID_670731E193,0.06690993095321784
ID_42AAB1D2E9,0.4727276332814082
ID_DABC4E76A3,0.002
ID_A065D050EC,0.06368022888051553
ID_C8B2379ACB,0.4323458718438961
ID_3AE05569F7,0.04675214865981006
ID_701184D9A5,0.5732033228011955
ID_48FD4959B3,0.01097351723368075
ID_FDAEB758C6,0.002
ID_55766C9D39,0.29665737887199106
ID_4B054964A1,0.002
ID_1D4CBC3C34,0.02184437694727627
ID_9E18415595,0.2615466107839771
ID_FB2522BFA9,0.0028647864544851303
ID_FCC19B1179,0.06496508091541091
ID_8EF8B3C1A4,0.005758991173491217
ID_6E95DB2056,0.002
ID_BFCA819119,0.005418302238624737
ID_63C5314965,0.002
ID_9F701DA06A,0.002
ID_BADCD33D14,0.013090503645103106
ID_AAFD31CCE4,0.10796800466639278
ID_511D25620F,0.006935064952238357
ID_66776993AE,0.006426703609970967
ID_383056F74D,0.002
ID_743826361D,0.012736161754992844
ID_99FC9D8D3D,0.006748540670096585
ID_DD1A3A582B,0.36040338327013477
ID_D64BCFF47D,0.11896892249934839
ID_5FE1DB7684,0.08454866373723031
ID_5D0623D103,0.007199192461314833
ID_4F373A4D65,0.0037313893971022546
ID_44D99EB40B,0.005135449418186067
ID_A00FE824C5,0.014141511391793503
ID_AC47246D34,0.021327336711941605
ID_503D51E425,0.22975509488237603
ID_3BF7FD1B40,0.06830974198550166
ID_4DB896360D,0.22960353875458037
ID_EB2DB7EFCC,0.1350595911210617
ID_53C0A0E82A,0.002
ID_4EA4485FB9,0.06950077180656565
ID_F94C0B9D6A,0.0026978020961022204
ID_D33A8BDD6F,0.6031810949614593
ID_59A81B8CED,0.012791586018981558
ID_56511E0F79,0.020237027806121112
ID_21A37623D7,0.5138131824087353
ID_B58F974CF3,0.040072052476882905
ID_529E6F4850,0.8910190039050617
ID_5CD42ED419,0.019348286032621436
ID_F2D0326C5B,0.32460966866199564
ID_D1B17BF4E6,0.06857684810472987
ID_9175C9F397,0.007046431362878416
ID_63507F0031,0.1054821187914939
ID_F1D411B752,0.002019750399739478
ID_EBBC6306C6,0.31041199593121543
ID_CDB6D7C04A,0.2938107629695399
ID_ACCBA7E9B1,0.009959298162017937
ID_EE97D0316F,0.011020637897836957
ID_5CE6D3397F,0.010888954665054533
ID_EA2D807320,0.13226391985349645
ID_84A7D32875,0.02013715861796009
ID_623B6EA602,0.002
ID_5531E567C4,0.5654691492543537
ID_456B8479DC,0.025247299175570993
ID_5BE1410EE4,0.7143216602316962
ID_2CA0EA4481,0.013454078983033808
ID_AB30066F5D,0.002249810734582552
ID_BD54E1D236,0.25653152813078844
ID_172ECC8E06,0.023091958243626344
ID_C410806500,0.03119814901742353
ID_EEFB5588B1,0.010835871096686848
ID_ECBFD9EF36,0.0910606351858874
ID_18287FBD60,0.1419111712999677
ID_268ABD52C4,0.0040241841697163236
ID_6545E24D5D,0.002
ID_62EFC4872F,0.4842111256299547
ID_C517850004,0.9718313479900822
ID_B7C27D3EB6,0.006418581837214608
ID_C2AFBAD42D,0.0020827700475544936
ID_AE01859B58,0.1213404866000696
ID_E073BB1A90,0.21413386870811818
ID_9FF2E89E3A,0.7916617212214262
ID_0CD074F309,0.0027905301273754737
ID_60075A1A10,0.3834153281686555
ID_2AFFEA837C,0.021230441881186612
ID_0FAE206137,0.0022587507475551076
ID_B0808761B4,0.023629630550520364
ID_08C7F75828,0.06466463738933297
ID_A5E056DF65,0.0395506644771815
ID_B3805923D0,0.0815821463561845
ID_A4D9C8EA6C,0.2044967519456952
ID_EEBBD3089B,0.03800753777732231
ID_8D38E61E89,0.006184296083742744
ID_33CB03DEDA,0.06183788593776129
ID_6C81F71B88,0.014472016719627107
ID_5033BFB84A,0.013551866175111183
ID_23081E06B5,0.022094972374930827
ID_4FB2CB3815,0.002
ID_4D307BAD56,0.28326025908097957
ID_E988774889,0.022009064240453624
ID_3AD53F5DAB,0.996783311900335
ID_D20582F9EB,0.01278284790502309
ID_23D6B9EBBE,0.1254666270704635
ID_046321341F,0.003966410748394039
ID_035FF41C92,0.002
ID_A5CFA51D87,0.06672995841279013
ID_E53B996F21,0.021390245931936253
ID_54BF5BE80B,0.0487499972025143
ID_0D532E41DE,0.06491351856881471
ID_98C140DBA5,0.01660978110824844
ID_484B86188B,0.019590892492321516
ID_12BA8EA42A,0.01611588157937168
ID_E4C1BD32D0,0.011452039646215648
ID_F2DA53C6C0,0.006881802373061334
ID_5D2D272080,0.002
ID_706A7D613F,0.09019432879865041
ID_C7EEE1676F,0.002
ID_BD46D8C5B0,0.002
ID_431EBE28C4,0.09308344180389011
ID_7D5339D4A8,0.002
ID_0088B14089,0.09137930097331068
ID_938BACB922,0.07634773824420625
ID_6FA856F3AC,0.16112585259070916
ID_5AA1FFCBD5,0.789700758316539
ID_174D9B23BD,0.11152095590786676
ID_54FB4186E1,0.017093511899500993
ID_1899AD804D,0.045822221671693114
ID_DFD33E15E0,0.02944674716231556
ID_0D891CE0F1,0.01586218853634422
ID_07C978D358,0.04840073554704445
ID_27FD8FA3EE,0.018542035861124503
ID_AC6DCE9CD7,0.002
ID_2A435A6872,0.10301877142013119
ID_03D1B1DDAB,0.005415721854309094
ID_84C6659E3E,0.013198232298249854
ID_F3668DA68A,0.007313904211862525
ID_1C6522E364,0.03152153402740347
ID_AD540C6A3A,0.5572525576192764
ID_C303E1AFFA,0.4950974409508892
ID_1C85379C37,0.14239259799044462
ID_1A5E061089,0.08587584272009699
ID_AEADEDDFED,0.024517918305533657
ID_94023D196A,0.05894781760433812
ID_D5747A52EB,0.05992514528422995
ID_F533CAE726,0.19214568649357613
ID_BF0ADC43DF,0.002
ID_2DC436DCC2,0.006387499461195366
ID_3742DE310F,0.08283849663234477
ID_D776D8432F,0.0394452497794493
ID_98A48F1812,0.04550963392851929
ID_184105FEDD,0.22194712815023335
ID_2EA2EEF188,0.1382955940027859
ID_2A416ADFF3,0.09600653323698319
ID_2844850E90,0.025144726899228257
ID_FCAF58BD5B,0.05714418532733389
ID_37DCA13914,0.0711369929371496
ID_DE180A3840,0.6632449771520414
ID_058E9234A8,0.08538915918364187
ID_A745B59744,0.3074336209262122
ID_ADBAC7C51C,0.0158988598662139
ID_FDE2EE4BF2,0.007279202440593634
ID_288D2929B3,0.37539095060607625
ID_DAE3ED292D,0.004530048894109089
ID_21F5FBB43A,0.006039419721997691
ID_FD7E1B9713,0.991899329851163
ID_C52C261278,0.8489776658518522
ID_0C161C4ECA,0.1719724939463379
ID_B6FD75AD1C,0.07567040326176672
ID_7DD7587BF1,0.012168551453011609
ID_B5781E4DBA,0.7991913740856637
ID_6E73E1F99A,0.10364388316625729
ID_2950B18D06,0.016907638389607862
ID_9120F3B3F8,0.2535767167187315
ID_7B15EFD2D2,0.023922887822233438
ID_B5A7FBF239,0.11295730564020433
ID_BE73E1EF19,0.7509002726203873
ID_8AC87E7FFF,0.19652545182170994
ID_6162433499,0.0020408281619435052
ID_7C5357AAB9,0.008969086646314607
ID_2254697CC7,0.09582716417273408
ID_47528C108F,0.012047203251700824
ID_3BF6291207,0.703169823734131
ID_F4195F4808,0.04154531909906273
ID_7523A3C22E,0.47438474439515027
ID_B2CA8F2E1C,0.002
ID_4EB7263DE0,0.09327301620063227
ID_F2D078EEF9,0.051871547896757304
ID_5DE870AEF3,0.025670387927131468
ID_8AC1A4EB5A,0.09569520681965586
ID_C5A52C0D3E,0.0460866432302901
ID_6879EC6BE6,0.12224653272516123
ID_D9B01D9769,0.30290557285840225
ID_BD34BF54D6,0.04326982490884002
ID_5068C7FC7A,0.6229015033930144
ID_753E6598DC,0.002
ID_6E4FFF0B9C,0.8476345686263693
ID_03D5EE8865,0.46293276155112517
ID_EF41CA3C00,0.018546443381410115
ID_AB2B9F9505,0.07578809579623057
ID_D29BB3A9D6,0.7215010869907932
ID_F769835BA8,0.01840820464526971
ID_28139C76F5,0.9855020131722471
ID_5BF70227E3,0.9273178825956664
ID_329C9369AE,0.008501858600553334
ID_805F4A1EE8,0.01767004600863048
ID_8455E1FDA4,0.007808841604474431
ID_1F79A4FF3C,0.002
ID_F7F26ABC44,0.04502287128089265
ID_F6FC102048,0.002
ID_B20BB43C1B,0.018539765467271607
ID_FACB329F52,0.1278046976981677
ID_1CC96E12CA,0.24191895345708656
ID_0BF13F8FC1,0.006934348403406265
ID_A6AF695D26,0.05044974146638174
ID_3AA1906C75,0.018476359092150278
ID_ADE89077F1,0.7342995063484137
ID_8828A3761A,0.008547392504923913
ID_9BCDC7B035,0.170538585371867
ID_060FBCDFBC,0.002073612100867412
ID_9878D2925B,0.012297019787749828
ID_D017A7FA89,0.0047663822390368975
ID_615D2BE9E5,0.22006651215919157
ID_A4B873982C,0.12608258356339655
ID_1141345BCF,0.7771288185864184
ID_DAE234B3D2,0.6188088473328701
ID_2E060CA076,0.015770700935351763
ID_F93B85D955,0.015338038858198719
ID_0A14DF4E28,0.002
ID_586F46F3A1,0.006134436958799849
ID_28C4A6DEAD,0.030612372670361133
ID_D7D48622F0,0.028266975744228217
ID_32635D08A3,0.009867061359290758
ID_45BFA52141,0.5458645324017313
ID_165EA35992,0.6604665052934895
ID_A513E41578,0.2289795261291253
ID_A5E3D02A17,0.020857964416342675
ID_94E8CB718C,0.011850779666871791
ID_EA1BDA0D57,0.0677298583783864
ID_ADC865DE23,0.025960997594001
ID_E9AFF0DF3E,0.0034377198675270703
ID_8D66594807,0.2681811713957543
ID_6129B7A380,0.029832004727201114
ID_0E4682941D,0.27663103815851936
ID_3BA09F971D,0.24648143656582908
ID_D1ADFE7E88,0.018515852542143666
ID_955C9A7045,0.08792992456713727
ID_0122B5E97E,0.1209570676361471
ID_1318FAE677,0.2687774157678415
ID_BCA06D7FE2,0.026975091853653915
ID_FE8CF8E93C,0.6824423379100872
ID_68BD6135F9,0.29645154204442314
ID_54C7FF7BFB,0.01300647650091254
ID_C3FBAB22A3,0.002449356056830505
ID_90606A35E5,0.10132125662847005
ID_ECFD58A845,0.2756280324958174
ID_3E1346BE56,0.002
ID_54C82FAC03,0.044601894447152075
ID_254AEE27DA,0.007498429112097822
ID_FD7C68E0F9,0.4281045939491865
ID_F016CE14BD,0.2048283736067759
ID_73D9754D75,0.35945435673385506
ID_04F52C3A32,0.30574149191758115
ID_AB11C1A237,0.7064362698361217
ID_1C65E66F0F,0.06471511383203651
ID_DFB06C7F81,0.0021229543212366634
ID_55DD83015F,0.027746824605161122
ID_F974502C47,0.002
ID_0A1ED1E86C,0.5199826468433433
ID_2E2374DFEA,0.0047436987334539115
ID_1C84A5C6EC,0.09287844329017005
ID_217315D147,0.05107506993154914
ID_1ECD6AE338,0.12873280943014606
ID_FBE9B92487,0.02250929056747575
ID_8BC0BDC0D7,0.08892475559197517
ID_50E7FD2802,0.004637218626570349
ID_D0F6815DFB,0.003913282236282077
ID_5DD743DE28,0.05598226151060406
ID_61FCF7970C,0.005380366232965912
ID_77D52C93AD,0.10476587727000984
ID_899C3A0920,0.1755843684545155
ID_813F2FDC22,0.018924563661647593
ID_EBFA0D6992,0.0026149047916520438
ID_E35CB4FEC0,0.03165786705618415
ID_278D747D59,0.03461033217241032
ID_187B260047,0.016854836277549787
ID_4CB0F85FC3,0.002
ID_322521201B,0.04047301800641343
ID_078614B8DF,0.023963977611049344
ID_753447C248,0.571426592339442
ID_EF04AB7E6A,0.0072800228015654144
ID_436002C4EF,0.002
ID_E2BE34579F,0.02063798425763547
ID_12E869826E,0.4716702163746404
ID_014B9220B6,0.8109927434349752
ID_544FD71CCC,0.2678592768192608
ID_68628B60C7,0.26982867048338754
ID_0556AC3498,0.013047016641653494
ID_C73C7B3C6A,0.05035364486721661
ID_1CA46D3474,0.05647570036984019
ID_81E1F559A4,0.002
ID_4A8FA5CF78,0.9054952209454301
ID_7534E48D92,0.01773036191789058
ID_75A93641FB,0.007280257170942781
ID_73BCAA15F7,0.0220195292351132
ID_B1F7988A26,0.2257105155969474
ID_F5E87A8D45,0.025233808423060937
ID_84067E4B52,0.25194454780655573
ID_2F65390A8E,0.004660341263297305
ID_2C06699BA7,0.08586733126452203
ID_9C6BC10EA5,0.26552799029206525
ID_15CDC3DFDA,0.002239623739202695
ID_3F1B314CC9,0.2862278500050767
ID_8AFA315EED,0.11784532839408583
ID_A3C5C1B9B0,0.0021277638674161996
ID_052E274DFF,0.00777186239831203
ID_BD259B8FF0,0.018742384487466145
ID_E914535BCE,0.47106234912927997
ID_E06981093E,0.13351504870312408
ID_7C163AAEB0,0.3363674182962515
ID_53106D0C19,0.05831909391585093
ID_F81E1B363A,0.01972502287138381
ID_A6A22A598A,0.027010232591949315
ID_FC06885642,0.006204312582625148
ID_01252107E5,0.07797558736428828
ID_A230581FBA,0.0021343640518234276
ID_260C744AE1,0.0050582519056106496
ID_2CF5A421C6,0.3103011068782085
ID_88E1431BEE,0.023575785855813568
ID_F20ABDABCD,0.002705533396106975
ID_9C9B8177FC,0.8701519378311222
ID_BD8CAE06E6,0.19037606129990559
ID_5ED2DABD97,0.02351313541286876
ID_0B72827019,0.6718831946598326
ID_84461487A0,0.1160080364528614
ID_1D15D05AC1,0.002
ID_671C5F9956,0.18717411407590817
ID_7510E8A5FF,0.0028448615334587157
ID_C5487B554D,0.10054437965885543
ID_113844FF88,0.1602882387934433
ID_DE5CFB3778,0.006963564706841951
ID_1F12D2CA6D,0.895720180638419
ID_A27401DF49,0.21542608601154764
ID_758700FD4D,0.061141208912953035
ID_F19A2CAA6C,0.1577217756401109
ID_BE8F585456,0.683243858312595
ID_4A2222B75A,0.024642695660413754
ID_2934B6FC4B,0.028379935512108677
ID_544ADDCBB9,0.013403416956970763
ID_4570D75FC8,0.8543380196434063
ID_9552608D21,0.570389943100653
ID_5E640B64F6,0.019623219493462903
ID_CBBDD3D8B0,0.006400142944694262
ID_D2BC0987BA,0.002
ID_8944E9CED6,0.002
ID_96BB3DB513,0.048546134835864604
ID_B9CC2B900A,0.2205634728639537
ID_00F789D595,0.007008081782684631
ID_443137CE66,0.1696263670985443
ID_E2A8954E2C,0.06883490662669715
ID_7B5C75669B,0.05080480562778679
ID_216B8C35C6,0.07156066988228849
ID_BBF54B8078,0.011731157833121293
ID_01A84524E5,0.08961815490947161
ID_4502305CC6,0.8481676680725301
ID_217CA8CAB6,0.041998579382438186
ID_87281A2B86,0.006693469577667921
ID_4E4D43E62E,0.8865841208667666
ID_8B8581EE1F,0.015935492090916926
ID_C022457E9A,0.15060793231757394
ID_B791AEB0AE,0.05242471811641105
ID_C35BC4C0F1,0.00611080168223486
ID_74A50C8CA1,0.006192797504523818
ID_971F11494A,0.39741157515286335
ID_EA7E436EAE,0.049022881855769265
ID_AC4D78A91E,0.020290176241134317
ID_CCF21AC8CD,0.01057371346780229
ID_2009CEA7D1,0.052118204118690364
ID_B409AFCBA8,0.010297116799038934
ID_D7B6795DAB,0.00658660138414627
ID_9A5BE0B06B,0.011433544181002783
ID_C92120C2D8,0.022340705842242167
ID_935441D299,0.002
ID_0110AD1DE6,0.011503424811751416
ID_79DE0E9BF2,0.014328212108058938
ID_43D02CA23A,0.014398674452587659
ID_89C99AAAFF,0.05784135514673109
ID_AA40E14AE0,0.11089277297765643
ID_1EE570B5A8,0.007365138774143227
ID_276F0B0350,0.280158074980837
ID_18B888211F,0.022945740206636134
ID_1B1E3A7507,0.019471725851787178
ID_9F3B9B57E7,0.07322597290660475
ID_627DB28161,0.004078678794248962
ID_71E5746C24,0.02494009743589183
ID_3D46175CDB,0.011495129006781249
ID_F1446AD83D,0.112086632861583
ID_0818C8C35E,0.039919323130908346
ID_8968C93ABA,0.002
ID_FE0D9495A6,0.0023217409717009307
ID_A6A4395246,0.048750264482342806
ID_A00D69F253,0.02781856880906955
ID_EFCCABB24E,0.14133419890270238
ID_A9AD53EE87,0.002
ID_24A6701B14,0.002
ID_4045E0A157,0.00810090258297687
ID_DB23E9EBDC,0.0034893086262880683
ID_152E92F7E7,0.0071339733919688125
ID_22572FC2F8,0.09364828757701918
ID_05278879FF,0.0035559535976889068
ID_5A3459DFF6,0.2981251522566062
ID_656D8E1035,0.4613966811801392
ID_D95B396268,0.006350735155247172
ID_1B19B34B14,0.9799966774674003
ID_A8B19AAC9F,0.02492203126102889
ID_5D63D4D286,0.2376228160956609
ID_BB212BB065,0.04546094041685122
ID_1DD3C70914,0.01089485508332326
ID_12928BA3C0,0.9903871430105003
ID_8867201192,0.09556859484170975
ID_44E6FB9413,0.2469634952719904
ID_49A6E16F9D,0.8633904800183219
ID_C40E9D4F63,0.49438211345038513
ID_1C180187C7,0.05824996095882574
ID_16FF0ACCD4,0.01752648386263457
ID_566342347E,0.004069049654248257
ID_3019F25953,0.08294196913772653
ID_B8365FA44B,0.05749805239851265
ID_5D49601A16,0.022332048898195456
ID_5034C893D2,0.79689643569763
ID_547B351A4D,0.383648754022553
ID_EAD4A19CFE,0.05613781138303273
ID_6D31507E6F,0.003654580692404002
ID_A677C10044,0.2124735262138027
ID_54E6B236D0,0.12226452266522628
ID_62456473FE,0.020902895841943915
ID_8FD57617BA,0.007880911467149289
ID_F77891A75E,0.07453704724208657
ID_B27E1095B2,0.14003691159718792
ID_3CA5FD2F77,0.018682373952043387
ID_519BF6D678,0.0211367148501547
ID_571EEFE4A5,0.26510480116029195
ID_74467A13BE,0.034381928046765514
ID_A9A218AE2D,0.007338558682852767
ID_42A4026529,0.26538224974196023
ID_00D3B00034,0.017083131614670805
ID_5ACBCDC0E7,0.361593926600244
ID_F298DEDBF3,0.003585885852889828
ID_4ABFB5D98E,0.049715320876331535
ID_DA4EBDE548,0.04394262455597168
ID_0EB46E6222,0.144874321876079
ID_48C82CA62A,0.005998871271291318
ID_D16C10FE68,0.045816670495147
ID_CF736F1B27,0.013686345537337335
ID_5F31D5B95B,0.08750783165912446
ID_5D8707B97C,0.05348149613707089
ID_5AB35D3698,0.05502667694618157
ID_BA1FEABB82,0.42281783486111163
ID_22CB248B06,0.2681782288459638
ID_EB25298718,0.02696378780408815
ID_18B6AF8655,0.005576911031143518
ID_57496149E6,0.005930497497536054
ID_58FE23D88E,0.06759121110411785
ID_190687447B,0.006081858719199593
ID_9FEB3F2B01,0.012600271772038141
ID_08D94BF98A,0.03314600214232943
ID_3BCAAEB49E,0.4600209828068824
ID_4EBB89E7CB,0.006754523043837602
ID_917E2493CA,0.007069985746908581
ID_0D9D94587B,0.016533803565852188
ID_8D832FBFA0,0.002
ID_E40AF472EC,0.0028233425148282655
ID_52B9DFC136,0.2836168596220757
ID_E5D7226B1B,0.0564608673075764
ID_4B652E4C4E,0.004892809301666612
ID_47D06F9639,0.7810524154378028
ID_3C18146E0F,0.015242859497918398
ID_51FB50AE7B,0.01989606812412869
ID_00925904CC,0.041651346381398266
ID_4CA55B81AD,0.026360733171552006
ID_387708C3D6,0.002
ID_93C475259C,0.056840315367543935
ID_EF7CCA5CAC,0.06597192585456337
ID_28386113F4,0.6674075450114035
ID_907BE9A3FC,0.010653369235622752
ID_0F5E5AFE03,0.012620319510177853
ID_C7DC350DF7,0.09742782583216097
ID_5388D7E369,0.15860499264721983
ID_7893449B31,0.0022236415760435255
ID_667B7F14F3,0.12357740473126166
ID_7ED811E9BB,0.02975649565505691
ID_94E2804629,0.006429630048078518
ID_DF97D0F623,0.05857480785583614
ID_63096DF581,0.048037131436240485
ID_742E72CBC0,0.5387270281881913
ID_FBAC3030D6,0.04706220421461185
ID_3E454A8484,0.026412328580463607
ID_04C07DE5BD,0.02143172994523181
ID_27FD84E4AF,0.13436955421230334
ID_85BC3625E2,0.002
ID_92650626EC,0.007164499503461846
ID_2429C3F371,0.28747878366972673
ID_090D9F8D60,0.005180416273344206
ID_4FDB5D6A0A,0.0865745896336068
ID_B53A7762ED,0.01328565528207006
ID_6EB5D34A84,0.002
ID_0FD1884249,0.6215023575824252
ID_A7AB718197,0.02965520164920467
ID_46285264CE,0.650482873130654
ID_6B8DD70691,0.660349065231944
ID_6193658172,0.04499973990535451
ID_AB4AF53C90,0.48792238526008946
ID_485316B76C,0.024947814417415618
ID_B52EF55C27,0.8485292441776057
ID_CF60C81B95,0.2108294260809473
ID_7D932DAFF8,0.025036733881004823
ID_729814DDDA,0.2737854899441662
ID_D1563D909E,0.0895948823663712
ID_53D4EB7DF3,0.021155337279728695
ID_EF5F3A9D5E,0.012637207494117893
ID_CBFC6279E7,0.8346647368710505
ID_1C3D14F808,0.14754819335433045
ID_6D331BF304,0.009681250616883751
ID_637B62C121,0.011853434832264753
ID_4C3008F5F5,0.06570822729705043
ID_E189EADB5D,0.014768171062232723
ID_475D64A52E,0.0020868614923701075
ID_E551AB7C6B,0.084821881787197
ID_AE9BF52DE3,0.008356984559182167
ID_BA4E465EDB,0.06135157234950501
ID_B43B1FE05C,0.3106224608212151
ID_23F810436E,0.05082753152131596
ID_10E881087D,0.09677058962922808
ID_47A5964A36,0.06196421785947635
ID_63A1D6DCDD,0.008408765718697876
ID_2C924BE791,0.16552828631073682
ID_AF07DF5AD7,0.15876153174338553
ID_544396F2F9,0.051958520739797245
ID_2E5F5B9F7B,0.9223748020938979
ID_D2453A5BFC,0.07802631259202086
ID_13B375FD86,0.011973808224908723
ID_DF289E211A,0.002
ID_DE27AB87AB,0.09624420792776948
ID_019456DF4B,0.002
ID_D71CF6A923,0.02962232535757105
ID_8BA0B96537,0.10831446565446433
ID_24DDD97735,0.014793111509613375
ID_5E0E637D1E,0.01810858238325469
ID_29C518A695,0.00704669878535947
ID_B5D13E49CC,0.9909720297294123
ID_7720861E94,0.006265435639396599
ID_BA2CBB3A7C,0.006137927788911433
ID_2E2FF45FD7,0.05357268204827286
ID_983261CC8E,0.20536138616004074
ID_EB43A74B59,0.5488964195397286
ID_9C76501AB3,0.3018594824551427
ID_16D297F31D,0.0027573138438572358
ID_7A067EC425,0.03164749851047948
ID_2AB877F40C,0.002
ID_78A2CF1DA1,0.0028503895369289115
ID_88A3076488,0.002610167901439115
ID_3EF07C0995,0.11652693033219333
ID_7912354DED,0.002
ID_231CCAD77F,0.01311725757175379
ID_1C16C94195,0.9385405644396544
ID_4C9D361CCE,0.010853225944586514
ID_08E88B4295,0.32579017250572834
ID_C81DC637BF,0.029794975407806283
ID_B07D80B5B8,0.3004309647415755
ID_7958455808,0.6450573049196144
ID_945619DE84,0.01255672057632461
ID_9C222EF4D5,0.002
ID_6B0D464AEC,0.017567701352856912
ID_B632DF5E4F,0.16355436763078554
ID_7590C0F04A,0.0182317763084763
ID_39A27375AD,0.005565737674377877
ID_DD5074449C,0.9947641015030674
ID_9EB354F559,0.01069761793779905
ID_D87C3D53EE,0.2740470254302493
ID_9C3C6F16FE,0.25585995353401464
ID_E6CD94141D,0.004409787642270327
ID_939E414EC3,0.054304414428958205
ID_8F24F97CD1,0.024181346122168115
ID_32488D7A45,0.011693704514114864
ID_EB5699D36F,0.007128606062954883
ID_B11ADE3358,0.12006090698303913
ID_5E34D95401,0.02630917291174831
ID_C2B8957CE3,0.007014366308019414
ID_1A5FC09BF5,0.25178980466942663
ID_3AE81B8221,0.002
ID_933B59442C,0.002
ID_391BA53333,0.01919996054467173
ID_6D2A4DA194,0.026359332600443756
ID_27B263633C,0.002
ID_EF25B7065F,0.06318199065711479
ID_A9FD64A50D,0.015773652990105323
ID_CE352F7153,0.0027909662470208332
ID_50C713A205,0.04076065381114483
ID_AFFCC013C2,0.005995778636567906
ID_28462BFCB5,0.04626122905605319
ID_3318D82C2E,0.01772535858916271
ID_96A8E67906,0.0035375043396811646
ID_31C301F2E8,0.002
ID_285A0AF834,0.002
ID_176CD4C12C,0.01790816384700965
ID_FE897D6CB2,0.005511963012888062
ID_2AC1630229,0.3013582509754508
ID_6B3C068C28,0.045592307278993834
ID_6D3CAB2B3B,0.8443904149856785
ID_1C2AC67175,0.1448149809959094
ID_A2202743A7,0.02216060304878365
ID_4EC441FE3C,0.007547960363494553
ID_03C8111DBD,0.01021371833503234
ID_6B81F9928F,0.018005067533009983
ID_E59873916A,0.008498331397518589
ID_FBFCD5E012,0.025960159556060246
ID_CB2909F12E,0.11344717665884309
ID_7FC5A83145,0.19365368095970298
ID_0461592500,0.04967270716587234
ID_63AA67A614,0.05954772472913118
ID_CB9BFD2C61,0.002
ID_6EB69AB28B,0.023460936999258983
ID_DB59FC9328,0.10416181193340104
ID_ED2E91D331,0.18279427225852357
ID_AF122E7E31,0.08561650077240078
ID_ABD4A06985,0.1898906177753502
ID_4F6E07D121,0.024905922871781082
ID_9ED84C4314,0.048833908309222636
ID_55C70D197C,0.006413247857431577
ID_1EE979CA9D,0.48907930885978357
ID_3642891CEA,0.019065812004682218
ID_61294B57E0,0.2790781914215422
ID_42A48FA53A,0.06426469296648167
ID_9D8DFBF32B,0.058207896300190486
ID_33DE0E3EE6,0.335841475375235
ID_8518910C12,0.04084181933327344
ID_0CED6E528A,0.9129083438466429
ID_8F92842FE2,0.0026368802754734733
ID_A09551F9D6,0.05196541674276834
ID_32644C0006,0.04442344033540119
ID_2D66A2273B,0.011636603175725417
ID_6F5558B011,0.02812938976040353
ID_AA2A915FEE,0.06915664979822021
ID_A44D819A6E,0.025394484695695222
ID_A15DEA48A1,0.30396003067325633
ID_1AE66E5704,0.0050606751959217005
ID_08013E549D,0.016664467185043854
ID_4952FA3D77,0.6913761660718877
ID_F6A0B51358,0.0211541178560589
ID_3AE3B71BAA,0.00727961620730742
ID_DBFE955D7E,0.009025557783067184
ID_842BF16027,0.6259836102414451
ID_9325C42C42,0.002
ID_53FBBBFA64,0.9827359070017998
ID_AF1D757039,0.35866987320067006
ID_B90D674D38,0.09883298264956204
ID_BF8D996E8A,0.0792708619472307
ID_46F8310EC5,0.04483411457540888
ID_F282F9BA23,0.02177242141781568
ID_70A805251F,0.009013594427523811
ID_8C95BCCE3E,0.2800587075850258
ID_6745A69F21,0.013185350399685207
ID_D2436F4618,0.0823416945157462
ID_0C0903D5A3,0.02026775597276881
ID_184A5F4C13,0.013875514161116145
ID_A04A162357,0.2070474599268665
ID_EA8C118F3C,0.006792568644211096
ID_16740D3CE6,0.08933634289930602
ID_494ABFA91D,0.08882101665207097
ID_90C45729AA,0.20557827557231298
ID_F9504098CF,0.004131387480469223
ID_CC09D02FAA,0.008742521531891973
ID_C0667B3A30,0.02069319163669313
ID_160445D086,0.23023884667692426
ID_C728CAD067,0.02925643580633332
ID_5F89692CDB,0.002
ID_BAF5A6AA5D,0.002
ID_50845CBF01,0.5851641337754526
ID_E89414B3DD,0.18616621035149086
ID_D2A8131492,0.004066821987241479
ID_1592161F41,0.5044174309885727
ID_02D71C73BF,0.2918698308677769
ID_5996F612F6,0.1045793927227664
ID_8BCE5D0FAB,0.15771043084538483
ID_AC31E592A8,0.0021044317461971834
ID_3F8F924258,0.011437692058315897
ID_022F7EF934,0.005984052637599593
ID_FBED360AD3,0.002
ID_372B569A9B,0.5024860602470662
ID_6EE1B2822E,0.014608928142272647
ID_8FA1699CB0,0.6318283184307243
ID_1B134E3894,0.09716878620116347
ID_49C94E7D3B,0.011866592510622663
ID_D87037C270,0.23625476402930926
ID_314758D733,0.006090168667133486
ID_EFDD4C2FE1,0.4420094841835724
ID_D374D7DEA1,0.5031339761448738
ID_47AB014E32,0.006845512200050536
ID_99D558E02A,0.007195895591590098
ID_D165FFC904,0.6981262020198186
ID_FB3DD2D9B0,0.025184498581076114
ID_BCFA76975E,0.003907417662254746
ID_AACC917C69,0.19934149478582838
ID_D01589E74C,0.10368110562292467
ID_BEC9FC2D9C,0.13783616649285427
ID_112A1BB783,0.06596761644940226
ID_B6FB358A93,0.49949358430768553
ID_32F469FC6F,0.07681441889438134
ID_E8A4EA90D3,0.02503135985984452
ID_9996D37EBC,0.13680304823588674
ID_AB3CEB2B9E,0.3828980582696092
ID_5507C6E183,0.006295996965140103
ID_B6436C1EA8,0.028285838719347825
ID_E9B3C70216,0.002
ID_95BE266A30,0.0561994677911037
ID_DD12FBB7D0,0.002
ID_C2BE6362B9,0.018357191673723006
ID_DAD1B260D8,0.01661536434900482
ID_82501A6AC4,0.7435876046301183
ID_FC0593390D,0.0028864090905753237
ID_2F809A42D5,0.01564979999873223
ID_13197EFBB7,0.21656623006342435
ID_A2FB779854,0.002
ID_1D9B8F2ECB,0.5138466339290197
ID_1892A40FDB,0.0697848581379604
ID_975841CC81,0.021203498899009136
ID_BC33452192,0.40062493180743725
ID_C41224386E,0.005566837578764403
ID_F9D5B0099D,0.02067589627286061
ID_A6149CB9BD,0.009949402087031954
ID_B5458072B9,0.00671787359953602
ID_927D0D0B40,0.002648720834308679
ID_C66C7971B8,0.002
ID_1E0A43B0C1,0.00419205506846236
ID_05B9F8CE01,0.7574656101477126
ID_5544D3345B,0.10498543459602852
ID_EFB041142C,0.38591218374215785
ID_68BF6DDB8A,0.3344681873581006
ID_12C57E2A6A,0.007735896711638159
ID_250717A58F,0.01359374479805749
ID_287CE489AD,0.0027390118362181823
ID_D3217EE9F5,0.004526353872277189
ID_AE9E1C654F,0.2447463013571041
ID_3B80AA0177,0.017151073593035273
ID_36DFC220C9,0.11200618411003488
ID_C2E4F8981C,0.02385090145265278
ID_179D195BD0,0.39660510423545725
ID_CE5A2BA758,0.44349420627325054
ID_5F766F9BB1,0.012524566271470318
ID_320A1F8D8D,0.006663595210930259
ID_AE03349EF8,0.01766138316584312
ID_7E07C5FDCA,0.1299052916641965
ID_5154969762,0.0051125203384503925
ID_092B5F37AB,0.009977578928240022
ID_F9CAFD978F,0.14267491668049043
ID_173609B2CC,0.022600534684170275
ID_99A4CE29AA,0.005048192622519771
ID_335A12B4AE,0.004924172189008186
ID_62224A03A5,0.04006110505999634
ID_741A77CE3F,0.03909180547073094
ID_0EC44FD9C6,0.04453909692373258
ID_F7466E6AB3,0.02673281259348741
ID_A27E3687B7,0.045610263806374826
ID_852484DB1B,0.513862522540496
ID_EFD42D22F1,0.9864207607415121
ID_3BDDABBA55,0.20851576979390363
ID_0BCAE97DBF,0.01661103367617815
ID_BB69D0ACB3,0.21106708786788414
ID_DAB663C334,0.002
ID_BF7AE0BA97,0.012679460691728754
ID_231B3A1C15,0.006551734734297363
ID_84DCFCB85B,0.7675655884057158
ID_4822E39BDD,0.10052322340703736
ID_6114BA4A4A,0.012235481480300965
ID_669B8CF409,0.013046026812543422
ID_EA76A57C18,0.006790391644344873
ID_8480C9984A,0.9011426624114016
ID_0DD13C1B44,0.43918180735708906
ID_90D46622C8,0.009981653586714614
ID_56D5BE5D71,0.28883883966995527
ID_0B68149590,0.04982944547054701
ID_487F73AFBC,0.002
ID_4082FD3A25,0.14178006805676147
ID_4D0A51914F,0.01583286585717544
ID_A5CEB16858,0.20617152853587323
ID_70D005B714,0.6183791905726623
ID_15FAFE13AA,0.47610705605814524
ID_0C2C91A045,0.4602929931338167
ID_5A6DFFA6A8,0.0260319038116604
ID_BAAE9EDAC0,0.09065300721352396
ID_A0788E31C3,0.02473745056433831
ID_761CE30363,0.03032073949044871
ID_F722C92B76,0.004623665930051737
ID_CB820C7B72,0.013987892822662414
ID_1C6A6F0601,0.002
ID_00C64C08F2,0.002
ID_1979F85CEC,0.1432311006355315
ID_F08D4042B4,0.023437967936301787
ID_244AB7B9D3,0.0020358485884865033
ID_F4D6D9D959,0.0034750631407313966
ID_D027B4690A,0.005459769234908488
ID_7E3BBCA892,0.0060957605928227765
ID_23C1E7AEE1,0.21633446378594218
ID_A8751430ED,0.002
ID_00E8943D8C,0.002
ID_6809AE7641,0.002
ID_4EA56B1C42,0.002714430742689554
ID_F97C2BC1D6,0.32738681920863427
ID_C2D583A0CA,0.012085620915978638
ID_FE0579D5D3,0.09155426947844017
ID_04D092C2FA,0.19128256188546824
ID_47B3755452,0.2392889022301745
ID_39812AB850,0.9857623218975461
ID_63E81CEB54,0.008330143787181806
ID_A4E908234C,0.005104759284053021
ID_73D991C0DE,0.015795863132245333
ID_84AC603674,0.04504765080830166
ID_84C0EF834C,0.0059939557993762185
ID_F9FCBCD348,0.14553645214846211
ID_476FC85034,0.6765802762216392
ID_7983336676,0.713638282444077
ID_574BA95972,0.024313285112572063
ID_A369C8D2EC,0.0036684807258079446
ID_9C634BDF13,0.01588543774214062
ID_3FF8DB770F,0.10528082459830966
ID_BD3465F7E3,0.0121540651251468
ID_F3803576A5,0.002
ID_A77FBD03ED,0.02169285194796252
ID_8FFABC80C8,0.0021923966074722683
ID_FB41DF1DAB,0.6350294123197132
ID_6BB2638F95,0.002
ID_726F08E402,0.003496481615374715
ID_E52BEA205F,0.06626605299236095
ID_C58FAD609E,0.002420546432781646
ID_DADC9A17CF,0.013230927804881136
ID_5EF7B888D3,0.12607674189233764
ID_A0A233C764,0.002
ID_E66A887730,0.002
ID_68341BC6E4,0.005558981938188181
ID_56322C3602,0.2301046215020619
ID_F16F60120D,0.2769046441326169
ID_5D83D1D5C8,0.41124408980942717
ID_20982DA475,0.10145040297653767
ID_0BCEC73296,0.016565709108797642
ID_8F5202ABAB,0.1253134591752234
ID_464530A892,0.02390634536873934
ID_3994887DFA,0.13462440920348426
ID_B7F581C4A7,0.006431380400547134
ID_DFB2C33389,0.6873601189526687
ID_3E67DF4E29,0.23555233952046553
ID_BD23E07B18,0.008385748263561865
ID_E1BB5317BF,0.011897230809541939
ID_9833DA813A,0.010305649354871904
ID_31F35EF082,0.019657455830372293
ID_CD51E20F50,0.018335507621030856
ID_72753EFBEF,0.002
ID_09DD887CB2,0.07542584354297599
ID_58F40C3695,0.22813491473159794
ID_0EB6875F89,0.006909768225333571
ID_47E81D8672,0.7518613234324049
ID_A5FC9BF654,0.00651108494213242
ID_3DF144B8C1,0.003978346305858193
ID_6E53A2CEE7,0.2262702930652761
ID_F83F7C05E6,0.002
ID_E884361EA4,0.2121538031192315
ID_D917662B1C,0.16773773667956537
ID_8E6AB650C3,0.33357284200844
ID_1ECDF85E39,0.015353343470953683
ID_1595503DBD,0.007306849529203365
ID_BE68F13177,0.019057476931074756
ID_81F3163CC4,0.8622571093854023
ID_B79AD943FF,0.11605328890027107
ID_3C48B93D08,0.0021723313656335725
ID_08D2DA5220,0.007832245523221556
ID_CB42A85538,0.07505917898307603
ID_E81C10595B,0.006918371890375543
ID_4F437B3476,0.019943194465641675
ID_D743C0D42E,0.07127019979834916
ID_659A3BA9F4,0.21039076025720518
ID_0BDC371F3B,0.002985124498092515
ID_1EC813D74F,0.25308064918028494
ID_FBC678ABF3,0.24625551671564178
ID_B8FDDF87F5,0.007032003840686095
ID_7207F11112,0.058351732468262286
ID_96F82B4D06,0.005994892508494044
ID_5D3043DB95,0.2125775558443474
ID_33AA039490,0.0020221568450939508
ID_A228FB8A90,0.002
ID_6205CD0300,0.011473081337034449
ID_E1A6AEAADE,0.08298097013937955
ID_BD9E5762DD,0.008169901225787101
ID_D64293FDE6,0.0500367727290415
ID_239E0256A9,0.005444992484246402
ID_A028EE9308,0.06578234765366749
ID_5CC46626F0,0.22115905910117487
ID_7460179CAF,0.027783428675484178
ID_BDA475BC37,0.02043938199524716
ID_917D3431E2,0.002
ID_0ECE3D2EAD,0.23566013928401264
ID_FB92729A9F,0.020931364085830913
ID_0C069B1DF7,0.3677109753826813
ID_4CA6CA8D0B,0.002
ID_0F15C6351A,0.0073512555242752665
ID_439A2221EE,0.007199591645383946
ID_544C0AADD0,0.014518677868300812
ID_0CE7004CD2,0.11295073561226025
ID_EE33608E99,0.002
ID_6BB7A99BE5,0.06507367740817509
ID_BBC66927F4,0.002
ID_E58FB1F1CF,0.06638761534885583
ID_E9AB6AB8DE,0.002
ID_0F0143FA01,0.007493692278528096
ID_528112A33E,0.04022223190202123
ID_7303991F08,0.00466886564441455
ID_D4CB48AEB9,0.4092117471087991
ID_A0DFC6E649,0.08628261829208984
ID_E59864D5E3,0.071590877112394
ID_29C13AA729,0.07294808087245663
ID_DD0CF119E6,0.07439606410018557
ID_A346FDD7FE,0.012257749370772987
ID_B320EA9295,0.02003832026791163
ID_9A47AA4176,0.16789347301164678
ID_73675B8735,0.006540642021778099
ID_C13CE14CED,0.14232052272277904
ID_39D38F296D,0.0031662369898719385
ID_C2A3DE2969,0.002
ID_F97C4DCF75,0.002
ID_25C66E5697,0.06172321109391787
ID_9B59B14A63,0.045596005139422406
ID_34845DDAC4,0.3990416031232794
ID_BB7289DFAC,0.004339973779619581
ID_D41EFAD2DF,0.23629989624384032
ID_ACD250068F,0.0061361770917158455
ID_F38F56B992,0.014348970153288726
ID_26E0BB07ED,0.9974783353261673
ID_6053456051,0.7937089598177994
ID_B7F29F1780,0.0048161114155829444
ID_D1F66EDCD8,0.039157402095901565
ID_0B905DFAE7,0.07107870141972697
ID_154B4BF6BA,0.04806427350274059
ID_4BF2B68F18,0.5008566726032183
ID_0450F9BA44,0.026524213651660848
ID_E9965F032E,0.01587954921364035
ID_03843C56A0,0.00992695423988915
ID_06299F1534,0.009448328528597784
ID_A25909DA78,0.0048208465403602645
ID_1564A9ABD0,0.047143037869479855
ID_17C461F822,0.5545943057757331
ID_FF8E6B7203,0.0918600784161919
ID_5B4671B3D2,0.3354806311273198
ID_248F84B2DA,0.15511125096283052
ID_23D062BC82,0.0068932774283976695
ID_78ABC0F142,0.002984494108651883
ID_F185E8EA07,0.28993923366785246
ID_6FA5AA745C,0.501321452575107
ID_13A03893A8,0.6334157924446526
ID_E447C1E71D,0.012950872444356656
ID_EB2025E309,0.243752130564541
ID_ED686177AE,0.012399951364695991
ID_7D6F0370D3,0.027668953189491658
ID_EFFABB0219,0.006000795881827362
ID_D06CE866E4,0.002
ID_1442948FA2,0.06909327035426309
ID_D34A0F8A8C,0.043178096251301944
ID_9A4EDB84F6,0.011929668550199344
ID_D5CF11D0BE,0.002
ID_71AC1BF158,0.034222213302993985
ID_4F7A79E4A8,0.006789818484601909
ID_374FB86F11,0.002
ID_5651F32D17,0.014266917401092311
ID_4AD176A5CC,0.008762880308358973
ID_132FC7AF43,0.02687180135652681
ID_4883B4E920,0.053187514660664174
ID_FD8418C328,0.9060469245551012
ID_89A2CF1E5E,0.6958530216859845
ID_6F8AAEE1A4,0.06462436621354294
ID_47F531BCC9,0.25494517463245675
ID_274C2C664B,0.41447614834666263
ID_7E8A5066CA,0.008166053750349768
ID_639AE45AB8,0.011295015997791025
ID_9BC159055C,0.15723328169242234
ID_D621FEADAE,0.028490877076243915
ID_7E49812204,0.06877254806082418
ID_DCA4A96EC9,0.0022484935125958736
ID_D4B41816FB,0.09542025746485651
ID_0195E321F1,0.07536507863425958
ID_55BA878AA1,0.002
ID_6D83038E07,0.29260663327081654
ID_C25FBDEAFE,0.8536937179701322
ID_76C12037DC,0.09323007883974171
ID_B792E57EDC,0.20681875085976512
ID_003B712D45,0.007273977991790198
ID_E820B3E7E9,0.20339058521386935
ID_AB24C89299,0.01919298160092359
ID_7B824B4E21,0.2925917682964909
ID_953EC6A348,0.06964858849838512
ID_471DE950B3,0.8812644438239454
ID_79440DC0B8,0.04334203690755152
ID_C801DA829D,0.020981070598726892
ID_EC9249B6AB,0.1472568688498828
ID_2B70272AF3,0.004955935457967281
ID_7C52F75406,0.04572301877946893
ID_E349EA199C,0.004154766440832876
ID_43B46D3C08,0.002779995975916379
ID_36A07F2586,0.009081596377507786
ID_8775237C53,0.9059973655361887
ID_12FCEB243E,0.24956353219725033
ID_93C1EBD988,0.006784624108838672
ID_77499751DD,0.012081291851944306
ID_25427B306A,0.002
ID_9281459183,0.37596731228030433
ID_AB7A639487,0.07139104442941764
ID_69306AB6D6,0.13139113780682318
ID_87F9E095CD,0.020713547146969314
ID_9F56249A53,0.10380378341129784
ID_1563104352,0.4331646407301927
ID_F3E538E490,0.002
ID_43713C4FFB,0.09887267573252004
ID_9D4C808069,0.008150626380176003
ID_56EC8F4CC4,0.0021340757737493866
ID_EC8CCD7FC9,0.16225787670077277
ID_B09BEEF03D,0.019838666970741017
ID_BDF5D12A6A,0.2999426526144009
ID_9F8E15E83E,0.05019577001195894
ID_ACEAA427F3,0.0026804395091252773
ID_9894C58ADD,0.008395094299935022
ID_517785857F,0.3934544063618228
ID_1381A20D5E,0.40791832091627983
ID_237626186F,0.0058167099609449675
ID_025DF3713D,0.05491989751056646
ID_7E46DC86B6,0.39151481402453453
ID_C193DEA189,0.019356972241602984
ID_80F6D272C5,0.0022557132973194493
ID_6F7C864983,0.7626156235199458
ID_6C258D099B,0.221807526315792
ID_784E7AB218,0.16659391252813188
ID_53FB17DDA9,0.003043816710672851
ID_BD6DBCC1F8,0.26055596492849664
ID_A4116A7902,0.6782362195567663
ID_6DCC374A1F,0.027556872357461765
ID_9CF8AB50AC,0.3691546593196967
ID_EF6E56263A,0.20595092293215303
ID_AE307387AF,0.0021204614931117655
ID_2C81E0CC7D,0.002
ID_880C53E59A,0.002
ID_7730E593B4,0.002
ID_DF1E9B037B,0.08713833843691791
ID_9005973B89,0.04883688659875774
ID_0EFE07274F,0.01018059883399576
ID_AB3E5593BD,0.08175496533933149
ID_08DDD855FF,0.020216664071055823
ID_DF9ECB049F,0.2533368833003001
ID_9DE6411B3E,0.542106989721288
ID_2C15BD2B62,0.028785015447149113
ID_EB2113E82C,0.002
ID_D681112A18,0.549506626936086
ID_23B3B45F54,0.03513395141118081
ID_9B1D5DBB15,0.2304570837499204
ID_D842B3AC30,0.35443161908048704
ID_0C7E4A3817,0.48387156081902605
ID_C1631FAFFF,0.002
ID_1DF43CBDF7,0.013823715609267548
ID_3D787A9F1C,0.008923950920060722
ID_E863A835A6,0.33866487283381064
ID_9161A8110F,0.7569979383283993
ID_19225BC632,0.6038404114526267
ID_F4921B2685,0.019585850160067007
ID_DBDD5AF73C,0.006582596979913347
ID_A051322754,0.004039160350434413
ID_069AEC3EDE,0.002844608416672405
ID_9A9D84A490,0.2717631820023098
ID_F58B048F47,0.10514486051626476
ID_1BB1854FEF,0.18795380573133053
ID_4D03DA0E86,0.023255588554719844
ID_5C6387EFE7,0.006595906998320961
ID_F623AA5EB3,0.7850046839263979
ID_07EE548589,0.05543129863155466
ID_A1F1D36CA1,0.2211622156974855
ID_92E3679673,0.14238522841442758
ID_A85939CD86,0.007426243069657726
ID_D7FEF03485,0.1253744738062242
ID_5554401A31,0.002
ID_0F30BC01EA,0.203370445247462
ID_485E90E1A0,0.004668563658211712
ID_C21172C1EC,0.01199813446331584
ID_8B9CF3E844,0.002
ID_057CBA1709,0.41605887453442064
ID_54B7B81FC1,0.9955010806271092
ID_F62B461E48,0.6890406256655115
ID_3A3118DE20,0.6390588275169301
ID_64CD7375A5,0.046391090254693616
ID_055CF0506D,0.01850578860227244
ID_65E33B75C4,0.9975889604916313
ID_79733B3606,0.9912776956008383
ID_6FF5A63A49,0.0022219372658242044
ID_FA5B9373E7,0.007391957435657578
ID_DDDEED5A69,0.007568307193400774
ID_61C2128CC4,0.005822063139872682
ID_246CB5DA4B,0.12360384995430848
ID_711FF59E89,0.00969739940265364
ID_1E35977F62,0.004650219673103653
ID_A2BE2DA387,0.5805168201635682
ID_58610E1631,0.023173835615582946
ID_21DFA9D5B9,0.050518261424034455
ID_0D907251EA,0.12915794649809875
ID_C2748F43A9,0.7325290247055543
ID_C0F7DD8F5A,0.007303382165646734
ID_95B298C073,0.481338230438592
ID_BC86E5C648,0.007644913802657559
ID_EC0215992A,0.05386530279696056
ID_2448445069,0.01287119166466966
ID_9E2A0F34A6,0.036252716400773106
ID_D71E6D656C,0.043747429855193073
ID_32DC57931A,0.005473050807702635
ID_5DF5487EC8,0.002
ID_0F11BB93FC,0.005987329941275884
ID_56666121B3,0.06276197552045071
ID_981081F535,0.013841123668329429
ID_EF628459E9,0.23555878799244287
ID_13F11A2EBA,0.023575613006173377
ID_7FAF2221B0,0.042532638678074906
ID_317DECD8C5,0.050081423279995665
ID_CD8D7D62F9,0.14225932784714063
ID_A2865691D0,0.7759629869824732
ID_AAB3F8E934,0.004571734696034869
ID_4D50793005,0.019955952872331133
ID_C3241BE90F,0.010611447110863521
ID_33ECF04F1E,0.28538724885932487
ID_D4B047FFC4,0.20242425714454818
ID_ADFA6122FA,0.040331819285719016
ID_46FC9DC685,0.19496908440431907
ID_D301CD3620,0.002
ID_ED69A7183C,0.3983281863302106
ID_80B02DEFB6,0.019261331249871984
ID_4891445C28,0.0026065622677494318
ID_3AA7B0A2D0,0.06886113980423678
ID_45E27C9CC7,0.00598535339659993
ID_B9303F3EC2,0.002608730764904858
ID_D3D4C83411,0.34833516027329714
ID_5E7C72C956,0.7974247966564028
ID_FD36B57C9E,0.02291201159891336
ID_9E50893CC1,0.018599124973963002
ID_E2359E378D,0.13268656033824933
ID_D9624059BB,0.053526374910580016
ID_67830304EA,0.015605056918371767
ID_335F27EC20,0.07456639353600628
ID_E5D9A90733,0.2727303758033096
ID_DCB1EEA103,0.5963012868121641
ID_A373D183CE,0.07610727346949916
ID_09E99F4F1C,0.10604954833144137
ID_B3FC40D075,0.07755835969594019
ID_7F9E8EF963,0.09843190543274007
ID_8327E191E5,0.08835681358760593
ID_AD5D42F6A3,0.007025302910655878
ID_9505261919,0.0639969546811932
ID_5F37EE9AFE,0.0049925331486509635
ID_8435337626,0.009390722446268138
ID_F3A4FBD877,0.006528804697659514
ID_85A3CB557C,0.23532718958105067
ID_D7B50BD673,0.6978058165299222
ID_D3DC0D85BE,0.3846539998345559
ID_56EB6B67C0,0.02083057876512068
ID_C15E685046,0.3417468395672837
ID_73D255B009,0.07172730181931908
ID_4F07F2E4B5,0.012353107810974989
ID_11EBB7258D,0.016847550553038017
ID_C412B7680D,0.006856179394972212
ID_D14E70B738,0.9979515362009926
ID_5E2B97742D,0.14346009695444997
ID_C1C9D77ED3,0.00936257851855579
ID_3137CFD1BF,0.0115808124428655
ID_A9735F1189,0.006299668752990909
ID_797395E534,0.6347200734880907
ID_75BEAB1D8D,0.27815714622341786
ID_697B50F53A,0.37731967116717896
ID_D52F607FEE,0.010191350511756708
ID_54ACADF376,0.025173730369449223
ID_4888737427,0.014046959965957985
ID_098A5AEC47,0.7210014363881716
ID_415171615F,0.4323240425217765
ID_9A35BCD38B,0.007251506691873302
ID_826A25FD21,0.002
ID_2EA80A5DC4,0.28127889306906323
ID_1F4AF9C395,0.004838901831923724
ID_F1C94EA22F,0.03883216616537669
ID_6E57F30F6B,0.8581845118670274
ID_7809A0938A,0.020367856121037215
ID_1121470D68,0.7673101208967722
ID_B7C011CB83,0.02149826222454419
ID_073E070B5E,0.06579041543827169
ID_B2740A6883,0.005546933891458156
ID_D4E631A4A9,0.5015945545473006
ID_5FEFA9F6EF,0.01437432467678196
ID_D67F80332C,0.016300906936322485
ID_7C0C018E7D,0.0054542070480672125
ID_113058A7D6,0.22367633599016407
ID_61F9FCB4AD,0.7573677765544057
ID_10FACEA5B3,0.3551531254403631
ID_8F23FE22C4,0.37811219657652295
ID_8530D0E231,0.0530520056336958
ID_9DB8B899C9,0.018921017015381566
ID_D5EF870868,0.5389025241174824
ID_3A8DC3EC8E,0.12223379888275843
ID_E8C3C4F929,0.041253983881987
ID_2A6D8F8BEB,0.022337085684934876
ID_02AC7EB12E,0.05337404009759289
ID_CDB21902E0,0.002
ID_788856331B,0.006138531217903132
ID_B2887DEAFE,0.30539643380642917
ID_E111B7E4E0,0.002268791112434606
ID_28808145AB,0.006580880483159953
ID_FEB9B2C1A8,0.051882960994024514
ID_AA996EF8BC,0.01087831740573499
ID_47953B7CB4,0.002
ID_DD1F8B54C5,0.01912462729661132
ID_F80206B93E,0.002
ID_55527C54F9,0.013640901317602793
ID_7FA115DB66,0.23568071035771954
ID_EA0E276062,0.032097807173802555
ID_6958A0CB8E,0.04572933845618136
ID_53B20BB3E1,0.02620541249396972
ID_579CEA078E,0.6333322330523423
ID_C343ED6F03,0.006932157184431235
ID_E466BE3E10,0.002
ID_6F966FF5FB,0.002
ID_B5A30E36CA,0.6666963615829155
ID_9D7DD496CB,0.0034385436064529157
ID_FFBDBCE420,0.002
ID_3F7015C513,0.004314520167046176
ID_BCA80FE417,0.002
ID_C621AC6772,0.002
ID_FB6A222539,0.21902843991091217
ID_07C9D53C9F,0.23634465661474577
ID_F6C49CB367,0.006675452601566556
ID_8E147C3BD7,0.9098800800846806
ID_70B62E69A6,0.41335235480618804
ID_CFF68F12DF,0.008762901123367544
ID_4B6CF2301E,0.0802021350804178
ID_6E91157001,0.006853459896576787
ID_8389609A57,0.007342427056931891
ID_C5811ED46B,0.044318383786575245
ID_C4326E5E20,0.4523041280476026
ID_5C96071195,0.10550543617320687
ID_1ECBFB632C,0.21194247157843457
ID_F653535AD9,0.26048262031391967
ID_DA52DC2F0E,0.011619160981713506
ID_F89EB57C7D,0.0034555829949258834
ID_B60B421C22,0.05277760771454083
ID_A82C854BBD,0.206001903571265
ID_9F07DAF700,0.023488440078057327
ID_F8D180AC4A,0.162162776262048
ID_B3E2A920F0,0.11764841123170514
ID_E8958CDE5B,0.029918685235367348
ID_F6991F7AA0,0.03169447911992852
ID_27F603D276,0.002
ID_0A085B79C8,0.04555425216017407
ID_C90BCE6936,0.01672948111441013
ID_00D6E4FB80,0.5199183830615898
ID_8E28A0A77A,0.0021918404719957
ID_DD7D01D4A7,0.011898766583156183
ID_1E75FDE3C8,0.0026594565465176143
ID_A2D856F85E,0.006813483677333125
ID_8B043FADF4,0.04633221007040401
ID_0F45EFB710,0.002
ID_3EFC15CECB,0.006543491816489262
ID_CE706694E3,0.1536117411393898
ID_5C5166CECF,0.1241222135228099
ID_624589DADD,0.968437053649528
ID_1604A9FD34,0.011127643031343707
ID_C8D95B5E58,0.4971865246089632
ID_1C090A3EBB,0.005022539807398476
ID_20D1B80B86,0.048807361664157015
ID_ADA9C79396,0.0025058703008067765
ID_B12C2B9237,0.0585171823286299
ID_356537D5E2,0.26572703538107045
ID_A9A3F43D51,0.002933830931977553
ID_1EF4A4E73B,0.6675479126389072
ID_4EB3B066A8,0.02633233141802787
ID_59D73467D7,0.06018441664020449
ID_548288C764,0.9903040959622436
ID_111A6C99AD,0.434471069281426
ID_74B7659D7B,0.04597236324418836
ID_980C0B880C,0.09203600396771437
ID_603803473F,0.015322352776004453
ID_0917E8E15C,0.002166442023403648
ID_6F0AA7C8C0,0.007816797765603173
ID_8B44B092A6,0.17257284524621375
ID_BFD8F65443,0.7076611560950379
ID_4DC59C0DDC,0.002
ID_911716C475,0.059374669551044146
ID_EFDD3DBCA2,0.011387045400413461
ID_F12A900030,0.7203531823398059
ID_AF58E0727D,0.002
ID_AEFA17646D,0.04835724162195855
ID_D1E1DD067E,0.002
ID_9728A8A576,0.005003811175890826
ID_86560AE019,0.09077730721266308
ID_DAEBD06890,0.29611422557641587
ID_F79B79FE3A,0.9857861893368429
ID_42C9B24E12,0.0156627859503374
ID_BD93DC4246,0.03985136959994204
ID_EC1D76E531,0.0492924072528913
ID_99F7208EA0,0.5403532598849015
ID_391EB878BD,0.002
ID_87A8F83B90,0.11151288414203302
ID_51F080DC5F,0.0036522478086570033
ID_F65B7FEBF5,0.002
ID_A0BC16CE15,0.2854904937158963
ID_E35D539C1E,0.1363350852517762
ID_D287CCE0D0,0.011442190668007543
ID_31AE5130B7,0.011487563800219612
ID_0C585DF109,0.01260029763019025
ID_FF586E4C47,0.023156413992512406
ID_34FAFFD9D7,0.0033652421966484467
ID_5BAE339B1C,0.01042536635130045
ID_4DEEA5A9F3,0.015955141667414182
ID_B1FDF8575F,0.00631989113460956
ID_7E7DCA9519,0.010104884556775271
ID_F430A51AB7,0.014753491199743741
ID_E2EDE619A4,0.308896725414812
ID_CB135FBABA,0.5907260956720355
ID_DD4853CE67,0.06737977199790905
ID_402E73F29B,0.3630261159334979
ID_B59E4D77B4,0.0449332795282842
ID_3675078E27,0.10547027597162582
ID_CDE28F46D2,0.20102622345298402
ID_76D2F6F257,0.004866542687615137
ID_B37D489804,0.005154228207346835
ID_75640416E7,0.0034265402201370055
ID_08E6BEE728,0.016746470519859932
ID_50451EC1AB,0.10590550174848165
ID_10E55D12EA,0.008163959438904547
ID_FCF97E9451,0.0742925090599751
ID_FE271A327A,0.2662061794903732
ID_D891D0C5BF,0.002
ID_799B21FAD8,0.1083118469843115
ID_C108163FF4,0.5968458824816216
ID_6FA678B6E4,0.008057871955215339
ID_9C8DDE478F,0.3363260891915315
ID_A1BE3BA18D,0.10568650033950829
ID_E6E81C8D04,0.002
ID_6E485E8372,0.047914899201348296
ID_401A9ACDD4,0.6691161176799861
ID_D388EA2912,0.004962897359155406
ID_87F1A3BE84,0.013712499919987539
ID_C1FAF5DFE5,0.002
ID_3DEC42918E,0.006458341178010089
ID_6110FEF872,0.002
ID_05CA5BD810,0.007518741119962432
ID_E839F5F4B0,0.4169268545755858
ID_A0686E80B4,0.6414947761099216
ID_99C916F692,0.034917749837279126
ID_C262AEE0F4,0.00651578170108304
ID_5CADC37170,0.11986179667589847
ID_DF7B9C1479,0.047042651403266605
ID_244253E778,0.10331077963108681
ID_B1197DC7B2,0.7431568618951906
ID_96C09422D6,0.048528221315920265
ID_FEABE7B60A,0.002
ID_E1B759841F,0.0020092435207004745
ID_729F4F8294,0.025840197071599937
ID_97EF2B9CE1,0.1002737084008836
ID_BF3ED964D7,0.08778348447736906
ID_3B3F6E2473,0.09526888779857154
ID_2B59022400,0.002580869814673704
ID_F60BDF500F,0.06004344525334563
ID_1C8BD3C918,0.002
ID_169980B400,0.006993919202865405
ID_DF77BF0C1E,0.012073054416962077
ID_622E3A780D,0.023501439675387363
ID_DF0E32B5FD,0.01897112993015594
ID_0F8D7D2B96,0.002
ID_D16B69762D,0.013768296762456262
ID_2B16EDE9A0,0.015647289323142785
ID_81D1EDEFA4,0.0027126193223190142
ID_FC1812C559,0.6759803771444539
ID_662467877F,0.013680091019689875
ID_A5B09EDBAB,0.006218857884950458
ID_B261F7C98A,0.02169181243119121
ID_2E2052410F,0.008205603587232107
ID_ED59EE3479,0.006844241040106607
ID_8382C7BB04,0.5153761014909867
ID_31B4C8FAFA,0.003414758721864646
ID_F7C3073C6E,0.4053107873217668
ID_874927F31F,0.02540912262722756
ID_71FAB56551,0.013753164692229149
ID_547FC69D4D,0.00525877392872673
ID_E20E30E3C5,0.12653880011999358
ID_E7819277DE,0.3224341694450554
ID_F2D4040A8C,0.053243233978753204
ID_38F4276F50,0.002
ID_D42D8D7B24,0.12538258479570766
ID_BFE758E853,0.18316732291293186
ID_A9F85D0C03,0.003797927883198411
ID_9D7170D06F,0.014120247583336003
ID_38336F436B,0.002
ID_CA868DEF23,0.3308584610246097
ID_112A817196,0.04431120327462622
ID_65D26C1CF8,0.002613616909248058
ID_7A1F0AF181,0.09445831690998678
ID_8CD819A869,0.0886487215454098
ID_8F4BA7C8F0,0.010648666747539628
ID_F9A2844D4E,0.006134854982761579
ID_4A26BB72C0,0.24870599490785322
ID_58907A3CCC,0.159210832243848
ID_A00B408A4F,0.1641397086406074
ID_027E58BD1B,0.029913246040777993
ID_26C4F9A5CE,0.04663721669052189
ID_770FD120A8,0.002
ID_87C5D09AE9,0.04886487809590902
ID_26772E819A,0.048714790787870804
ID_A027D0B19E,0.002
ID_72B4F07775,0.006873925948615247
ID_FFBFE9E2CF,0.5606134124025276
ID_87B8F75035,0.9146649153479252
ID_A70C05BA41,0.002
ID_68801918D6,0.7393840450177892
ID_D30A90C79E,0.004940925727586851
ID_B14759B4D3,0.0029480075131252306
ID_320B6A5322,0.002
ID_65B390875B,0.006601440940392768
ID_4299F6FFE1,0.31624946179868213
ID_5E0774B09E,0.15738689269387574
ID_626074E855,0.9840064519458769
ID_B8572147D0,0.28681046644086333
ID_17C4457947,0.9426285858775232
ID_D4312BF8DF,0.26405969761558895
ID_7080896EA1,0.002
ID_F9B8A8AC70,0.002
ID_44911C6E69,0.006378566807042384
ID_CBD84D1EDE,0.1849813085868792
ID_54EF16EBD6,0.0033753936535916166
ID_915B86AC5F,0.007021523750394031
ID_FEAA35C47F,0.015397015905920143
ID_DB90BC62F6,0.02194839365551608
ID_AD7D628CDA,0.013121605487803934
ID_705D3A85D7,0.21274003481421863
ID_EC3ED8441F,0.36869017987164443
ID_C872E395BD,0.7064317742945687
ID_BF21F2C912,0.13734899907521292
ID_D2A646627B,0.9849460977267892
ID_8F7A80062B,0.06918868107283628
ID_DAFC25D96E,0.08620556514858856
ID_E4D845F1C5,0.14863233536260728
ID_248DA56F87,0.004644314531003072
ID_34EA378A79,0.004855158555282414
ID_CFD26C6253,0.07404709916936324
ID_E990B70406,0.022794169602405965
ID_FBFB89C97E,0.002
ID_A475F19AEB,0.28569024692160067
ID_2E74CAE547,0.011232843015450895
ID_9AFB6DCAEF,0.0023353897847571727
ID_1EBC5C93A3,0.019898945778265814
ID_E4E67AA92D,0.0038365913400711946
ID_54AE94949D,0.011225447755639134
ID_12F12E5D56,0.9971355438675371
ID_985764B6B5,0.010027639876163995
ID_53F550F0C4,0.16275140957164047
ID_70690E240E,0.08870595787440488
ID_0D29478A40,0.8552921794447994
ID_A96376CC4C,0.002
ID_FB715F2C48,0.002
ID_83DA9B28EB,0.026819711197631026
ID_61AC9C7E8A,0.002
ID_FF075298A6,0.002
ID_3C9E48FAD6,0.08871439236610956
ID_FB8BB26224,0.9128510403486146
ID_F6E75762E5,0.6566351836207475
ID_9857289263,0.045646080243655386
ID_AB4F6A409B,0.4811438695785173
ID_04B6530A56,0.6361441237419894
ID_D3CC3F0C85,0.979264921517645
ID_F7E0F4D0B1,0.002
ID_699DCA499E,0.6942091896424828
ID_94E3A5D474,0.0505380639331582
ID_AD72BAD6DB,0.002
ID_A17B147ACB,0.002
ID_516E30DDF2,0.006512497987006787
ID_2702615BF5,0.006596654997806036
ID_34B4C7B9A6,0.004935019018268834
ID_38099EB9B7,0.04580603989146523
ID_42849B8B9F,0.006604511156511314
ID_1BFA5D585A,0.8781998640179602
ID_C3B82CABB7,0.015028358172354617
ID_1524384E0C,0.02423270257061606
ID_B34248F566,0.03407266285983941
ID_A241F28B61,0.002570163147235663
ID_7DC54A61F0,0.010545159787587783
ID_6DA66FCA76,0.0062320921498143994
ID_D1182DA14D,0.8086198294925752
ID_0899C84E5D,0.0020875785082531137
ID_752452DE10,0.007719010317769026
ID_C890A59C1D,0.002
ID_E4A52D4094,0.002683652420546863
ID_9847EF766B,0.002
ID_F5C7B5ED92,0.3064640618456646
ID_87903015F1,0.006605706355183453
ID_72D670B7AC,0.047841776831624334
ID_6516C973AC,0.24563985427628648
ID_4C132F19F6,0.2895149821798055
ID_12AFE30CB7,0.1574390440088158
ID_BDF99746ED,0.0226555597249521
ID_BF337BB36D,0.020315474947768246
ID_14EA50B910,0.10618103880805886
ID_C77464E8CD,0.015822765037180532
ID_F37C569334,0.004780090511173108
ID_A4399A1FC7,0.09266208997180124
ID_CE77189390,0.04369952637585604
ID_49A80F701A,0.12163463961385212
ID_DA598E593C,0.15869696637578118
ID_1CAB6290CA,0.2670664185615285
ID_6F1355401D,0.044543560501931936
ID_30E43BAD3F,0.06461746683222266
ID_C637144B93,0.3780627456600993
ID_D7ABF3A0C3,0.5322889119333498
ID_1EB0046250,0.2730640489902578
ID_6F88F67EAC,0.01056623144706966
ID_92FADA3DDC,0.04309196842622972
ID_E720261CD4,0.22605822751791374
ID_D5875853F3,0.94997062272199
ID_3DB24A57A6,0.22694373842318755
ID_00C043A6C0,0.06828603567508171
ID_53F9945D9B,0.002
ID_13224C8DD5,0.620774658895155
ID_1AC2CA86EC,0.002249358927158429
ID_9D7F73684D,0.07840127218725368
ID_66D4098DC8,0.1656265688928386
ID_0CAEA7F604,0.06439516677341871
ID_636C805500,0.0021929631701359913
ID_E8266FB03C,0.6191312910585918
ID_1961B00A28,0.07128987052669243
ID_99F63967F4,0.48012269338539953
ID_B87A91AE45,0.15082874031222596
ID_65C22456B1,0.011961333239715327
ID_12B4D558EC,0.002
ID_7D4FAC0F19,0.004550001009946074
ID_805AD8C156,0.026087649082781245
ID_8B6DAED78F,0.005475922338192475
ID_3CB75F048B,0.007551970188570796
ID_ECB180EB00,0.002
ID_C914F7C99C,0.4199241091252982
ID_B2D69D9282,0.01697866464823228
ID_02F754E955,0.00953960794992689
ID_6CAF65C913,0.0776486551150908
ID_2FEDF9C669,0.1008718774673515
ID_8CFE9BD7CE,0.8933216655074329
ID_812FE5FCEE,0.02489965319321265
ID_0FE6625FBA,0.1888035004770004
ID_8B9F99A6EB,0.00330053565747648
ID_5B09AB6E07,0.03320477509819964
ID_C63A2D7F59,0.655417486931317
ID_D00803C1E9,0.003188085713239926
ID_16E47DE97D,0.04255340963843637
ID_051975967B,0.1766408673673388
ID_D21F69FD2E,0.008105021086157961
ID_6F6F3C0B99,0.8825919328744961
ID_7CA47AD1FC,0.012771403006020149
ID_C098235A96,0.007895714954507036
ID_7F1AE85470,0.007118500969256908
ID_665D5772ED,0.04195041072706206
ID_300C1FA18C,0.005742012415126689
ID_DB91D103DF,0.904335727619609
ID_3303EF2D4D,0.002
ID_1641B7D020,0.6539901855434954
ID_809B8845C9,0.00598610413471736
ID_C8449D2DA3,0.23847772097302886
ID_9451C79E34,0.030135435125819145
ID_A4715EAF4E,0.006882727581627614
ID_D92DD72A93,0.072479608259073
ID_6B61737132,0.0317211602175778
ID_A47F3C27CD,0.048612915066697654
ID_886859E681,0.7399606193969803
ID_3B4392E5F5,0.0028410173628534525
ID_996C5D2B83,0.6503522430577838
ID_1F12902B7B,0.002
ID_CEDCB531F2,0.006220233697070683
ID_D70A3253C5,0.00686178890402619
ID_377D6C3C70,0.8063146991628448
ID_BD2EB0C700,0.2544888309714978
ID_071CE9C156,0.04035446432785054
ID_71C50BEC03,0.7480105438637231
ID_9E2E67B927,0.04916537346743736
ID_FA94BFB72A,0.03848526474951528
ID_3A8C46642C,0.10140621421960935
ID_84E40B1083,0.7110817179312251
ID_4948CB39CB,0.021277504742886415
ID_C018ED3C3E,0.05175154961350109
ID_0513767F3A,0.0830368075933398
ID_1787E3CB96,0.01613170962992103
ID_AC3A1B5117,0.006487798877310296
ID_5593E8F953,0.17018711407423362
ID_E3F20E6DA8,0.13976192997972564
ID_C16B2013E3,0.2165375535483371
ID_FAAB82D7A2,0.002968143280870858
ID_FE96E54571,0.4647001974552716
ID_D0A05A1F5F,0.09467525700773803
ID_779B5C3F3D,0.012258447896398387
ID_6C800E2830,0.015854650048174237
ID_E8B4CB5CE4,0.12049354140201017
ID_6021A63260,0.0025520679748761606
ID_C9CC57E214,0.012329438780953116
ID_7C989B4291,0.00990298621390307
ID_852684E5AF,0.0066868659287070776
ID_991112A394,0.01351407134280873
ID_C9818B5EFE,0.12456304367397533
ID_76933C6FEB,0.14352898188263724
ID_F4FC24A661,0.024719947113642834
ID_2B5ECE11BA,0.5027946884854582
ID_3AA5C6D227,0.020329506762444702
ID_00F5101CBB,0.016383038116156063
ID_E16EF71BED,0.042274254665490237
ID_27AEB5EC63,0.04335802146836642
ID_D99037990B,0.11822179420192237
ID_A513DEA4BC,0.020236828406524094
ID_1379BFE470,0.002307315906723399
ID_08DE317E48,0.002
ID_AF916D14E1,0.04819478505813713
ID_93E4948F3C,0.006714173999724285
ID_E866DE9AE0,0.04461247662748997
ID_194BFD0593,0.04975800194834758
ID_06A420C792,0.3510719145485464
ID_3430B65273,0.009389197817057836
ID_6D2F148427,0.264925754881015
ID_808CBB9CA4,0.55642979254344
ID_28A266921B,0.3407170712186847
ID_D959E38D68,0.006809468017329093
ID_F56C4E7925,0.1164897396125474
ID_9B7FB62C95,0.019163085646687075
ID_EECF710446,0.002
ID_826F1B0E69,0.010691784124596164
ID_90F07FFE11,0.9675174045321201
ID_B2CB8E157A,0.5147165682386601
ID_079331D90E,0.009314390693093146
ID_D7E742EA4B,0.16569769150822694
ID_BAC070674A,0.09317811565610265
ID_0F04F5BEDD,0.053780417940294076
ID_8A7DF9F779,0.04985990883452838
ID_7E130958D3,0.2143730744205444
ID_C7F4707EE3,0.00622224709201832
ID_0B42F9C787,0.21382091761522623
ID_68DD53200C,0.12314835446936252
ID_ABAE51EC5C,0.057333340087778226
ID_A69816C9B0,0.0027210407872672792
ID_0196F2E342,0.004896663804912413
ID_7DDFE879A9,0.045794666557959475
ID_4BC0D91707,0.3439180935146377
ID_899DCC065C,0.01572741501960414
ID_7068E65631,0.9233706882503923
ID_5498B4789E,0.07311222426170463
ID_759B56353F,0.0052844093586159845
ID_632138D5EE,0.0872099222152534
ID_3EE1C7C98E,0.3984555266449254
ID_B00F6A052D,0.2781508253928915
ID_CC1366E23B,0.0020886490845807197
ID_597FF4E3EC,0.07221596521230693
ID_41EE96384F,0.10549098355081665
ID_5B4BBF7642,0.015317317783072028
ID_A998897EEE,0.8226316168932573
ID_8B55E4BD40,0.0026855087055826245
ID_C005C43867,0.2487586410087511
ID_9158FC8C18,0.025771447866065434
ID_2397DAFDED,0.9903626977338502
ID_408D45C5E4,0.018493763335345113
ID_965C1771F8,0.04098743744002157
ID_4C0AEE54B7,0.01182959611886607
ID_7570A229B0,0.7847471243162825
ID_3EDA466C83,0.28457097824675803
ID_EA5AB90364,0.00741371533583962
ID_001907BC2E,0.006533251919604967
ID_FAB27FA4E4,0.17005439532478028
ID_2D44BDFB5A,0.002
ID_A92F47C86D,0.10224830959118011
ID_3E4A646193,0.043085827154854386
ID_BC42DF8325,0.014007990460611736
ID_B4FCA893B3,0.009525383333127609
ID_68D6E86B2C,0.04394978062306327
ID_990E52BF13,0.04620432364364133
ID_EA12F15AE7,0.5732837416433245
ID_955DF372DF,0.011858008106575309
ID_8DEFA673FE,0.00754810594743929
ID_4CA0ADC0B3,0.2824001248684735
ID_855CDDCE4D,0.015530797256513865
ID_2906FD01BE,0.006780424425355185
ID_31BB83BBAB,0.012045129974676291
ID_490BF884FF,0.15040275621558435
ID_306C14BAA9,0.25873517817415087
ID_5A3F86520C,0.05978279058769197
ID_C35A871DD8,0.018349839676501917
ID_3894EBB453,0.01168377074478744
ID_3B53D02C11,0.045467920745820595
ID_3AE8BDCF65,0.006405792452124614
ID_C37B7BCA8F,0.8644746408957422
ID_F6D14A3F8D,0.08468301650739549
ID_C38CA4618B,0.38411160408188866
ID_B7D0B21D7A,0.15974789932341757
ID_EEFE35C998,0.1854635436307921
ID_0286F88A31,0.013284105481148343
ID_F104432B05,0.8284925411379618
ID_E72129435B,0.0021397816390357196
ID_91DA54A2E7,0.06790762326921776
ID_6EDFB47CED,0.004198308149817447
ID_43B15B73DD,0.020332905894981365
ID_3DADA3A42B,0.04512389549096811
ID_45315AE175,0.0863866586590292
ID_1D199BCFEC,0.07046579169254111
ID_3D0F7C1857,0.0065708660382933015
ID_B742CFF35D,0.7662854204191962
ID_838125CA17,0.002
ID_73807A4624,0.02192423135559587
ID_6899C538D2,0.16129500213318101
ID_EF79D1EAF3,0.013957603044039932
ID_465B140A03,0.33645275480260955
ID_D2E4CCF7B3,0.002814452957779569
ID_CE94792A10,0.013369550960353091
ID_2B358FE33A,0.13961528328504214
ID_20EB021625,0.9822497303131612
ID_5A8C403C9B,0.214976161254545
ID_88B52B9F30,0.13281701209534444
ID_92AC088FAC,0.10892773305186297
ID_A597185F33,0.006181847790028751
ID_A73F053B61,0.002
ID_EBA0676C5A,0.18633533007792805
ID_A23AD1AFAD,0.09227637498438135
ID_F3321CA790,0.046828758225276886
ID_4D595CC986,0.2887758912836928
ID_7A8A4BE77F,0.007460197147223468
ID_B4F220A4FE,0.1258368484237657
ID_CDA7135922,0.04285586643137701
ID_54E61CAC64,0.09550172340551143
ID_1F9DD8FE6A,0.019323946267896477
ID_B34FC1D55D,0.002
ID_40C92569FF,0.0021046502785804556
ID_88C0C36AE6,0.0070969072415884935
ID_2848A5165C,0.002
ID_D3901FC811,0.16821931970864012
ID_3F0EFF11EA,0.005410437632201051
ID_B55FCB2BB6,0.841632271465331
ID_373C68D394,0.25640557535380853
ID_C7DAC3473D,0.002
ID_1049E4403E,0.002
ID_63E849DC7E,0.002
ID_2CA196FA4F,0.09538230582382827
ID_3E1BD8DBF0,0.01548162935200128
ID_61078C9648,0.002
ID_7660B396D1,0.004627029487522085
ID_38FF1EDE4B,0.28869883927812506
ID_1FEB9A854F,0.002
ID_A5A80D0BEE,0.10473013404016442
ID_CA06E34877,0.04386938348345325
ID_ADD374EC0C,0.11407772987479108
ID_E9B02594A8,0.011853788139390604
ID_6F362133EA,0.0061621717371149595
ID_DF37A1CF20,0.03940127623417535
ID_4F285B5283,0.2637674209020559
ID_DF9C2631DF,0.002235118894279557
ID_4AAB90267F,0.10024453387830423
ID_E3FF667A6B,0.16253583662508342
ID_46BFE571A4,0.006202951227227744
ID_867C1F51F4,0.002611472385042547
ID_AF7C07DE88,0.09504234012662109
ID_D938D47E5C,0.08786533026546307
ID_FC50B15FBC,0.011073335408691671
ID_DD416F8DA1,0.01222945466539779
ID_2820880DB0,0.002
ID_A2528172D7,0.002
ID_C0DC8DF9D9,0.05368958920498239
ID_BB06040470,0.11519837146293671
ID_48E0BEB42D,0.27890895547510847
ID_3FD2703992,0.45947846312075985
ID_522FCF782B,0.38444811788243966
ID_F976A1367A,0.04954541935989757
ID_B2C77A5982,0.21702357913038506
ID_517742A752,0.014258934899941447
ID_80BC3C3758,0.002
ID_6BCA21A194,0.002
ID_1A6D3ECB58,0.02221651669808968
ID_924ADE6192,0.005924360957888303
ID_E37799187B,0.07424708087004397
ID_F5B4647A78,0.15683891408055473
ID_E71BD2E806,0.38127912293649835
ID_B762FB97D8,0.018472186441127105
ID_CE66D1A58E,0.003250958261962015
ID_78A42CE999,0.2960078917506449
ID_839E2924B4,0.07269646628867718
ID_A91EFF0754,0.007783264407782213
ID_06058D4161,0.3272014738287174
ID_66CCBCA0F3,0.010638992553716621
ID_ED25A124DD,0.002
ID_FB2146629C,0.012439815915509668
ID_9FD0A62EE2,0.002
ID_6A67AB95FE,0.02144521078750684
ID_848E21E80A,0.010545226388229292
ID_A39A085D22,0.04675366014478477
ID_E24FA7D075,0.026583873800113015
ID_840DFF8652,0.02548274338723423
ID_E9EC5AD5C9,0.14375131617169157
ID_E58B8B33BC,0.012957796611859694
ID_90260B16FE,0.622877878840979
ID_6F504DE6E0,0.9928688772665961
ID_49263FCBED,0.002
ID_074593BBC1,0.0023067369289110212
ID_1DA7374B4F,0.14025296313862848
ID_2BE1FBB324,0.002893333021851787
ID_8304E4AEC1,0.002
ID_B3B2C7560A,0.01966776822317334
ID_B03B965BFE,0.008158534113413107
ID_B34C59E89C,0.006101124337148582
ID_DF2D53F770,0.23990177699021162
ID_0A5EB20E2A,0.576067970785135
ID_7A10E2B153,0.6743654965557175
ID_26F0DC27AB,0.9964545577991534
ID_36759D3BED,0.002
ID_483DA928CC,0.0057397599167261695
ID_CEAA417332,0.0861274216013098
ID_5A41A71406,0.002
ID_84FCCD4799,0.002
ID_3835566EF6,0.002
ID_AEF3C5D88A,0.007873594385100232
ID_C89BDABB27,0.004284584666742452
ID_2F9C2661E4,0.002
ID_64050584E3,0.3625944201041948
ID_D8D937BB59,0.0716268940645335
ID_301D482766,0.030357018029300343
ID_7587A8DBED,0.0026729522743365332
ID_98EB98FD99,0.012875504284131815
ID_998ABC1378,0.011795219676781493
ID_0A23DC94D1,0.8432931449136291
ID_107C0F58B7,0.002
ID_AC07A3314E,0.21442092593552098
ID_8492743263,0.0020144827783244
ID_E5EB40C27F,0.9038371018795339
ID_451104A0EB,0.006017221232814319
ID_A403B6FDC4,0.039653126905648685
ID_69D93819B0,0.47922920228645155
ID_23E67A1FF4,0.006435922352665581
ID_CD05CE18C2,0.6937574460846816
ID_61D025DE61,0.18392091001821972
ID_3E8207B968,0.0070414975323837715
ID_C6F074E184,0.002
ID_3A04A70353,0.01700793405067436
ID_BD3CE1E897,0.10460829182792132
ID_3CB2E5A993,0.15121875512852656
ID_9E1E28D770,0.0458610396413127
ID_F04C02DB0B,0.002
ID_460E18BE42,0.13705124343265845
ID_B85FD4ED0B,0.8470918789151872
ID_BA35E29017,0.06162513050413372
ID_F9F1AECDD8,0.007389427738437961
ID_FCF4571B53,0.002
ID_40E2785362,0.002
ID_1F40CA507A,0.002697319500250232
ID_4F2DF2A1CB,0.014436274605713199
ID_999EF6CA68,0.06825585660144463
ID_0329CF4774,0.954021022971618
ID_5EAC4F00B9,0.09395710441021084
ID_31FFC6FDC5,0.5266181592112551
ID_82EB6CC9C6,0.04956813233006793
ID_9EFE49AF43,0.002
ID_CDE493CF6E,0.03154846064018625
ID_FEDBD7CC1D,0.02345086473888726
ID_47865A1480,0.0465594243149321
ID_47CC8D7BB5,0.02135856944506314
ID_64F183DC71,0.04349583562374283
ID_14D72E78BF,0.04478846047364968
ID_765228D2C4,0.04758893238078991
ID_DF289DC595,0.00617995239444408
ID_D4F788B8A6,0.0020993532801730523
ID_3A0AA6FEE4,0.6136635289113422
ID_3D51038B9A,0.06854381516656287
ID_2FCFF89797,0.002
ID_8E5801EBA6,0.03226766123086484
ID_C455C10752,0.002
ID_E6F8D396E9,0.002
ID_404AE728CD,0.006844526692570689
ID_99647A78F3,0.017893684939918837
ID_4970B27B93,0.3448162061042254
ID_9C73E6E3BB,0.024905957859985672
ID_BFE75E755D,0.12317408692059281
ID_D8A47AB47D,0.05723548095184895
ID_C2FCFD51E3,0.011930900923933424
ID_6F8709B977,0.04950990230865295
ID_397F1E89E8,0.8453907713715842
ID_A387173888,0.006271139163994169
ID_7B2B5E8E47,0.01087496328951472
ID_C52EBDDAEC,0.0837348601434
ID_179578EDE4,0.017253515114973982
ID_B3CF541A6A,0.004728812297631742
ID_5D261BBB06,0.002164919601891521
ID_B278B0EEBB,0.5576078981443934
ID_348BA02049,0.30789735622651737
ID_713F4D44A3,0.002
ID_CA7EC14D2E,0.002
ID_32F0A992F6,0.07452370072579587
ID_3586A30D64,0.4067646527508739
ID_9E3D80167B,0.022110133895054847
ID_69A117C462,0.0027763742174147436
ID_78B9BE3B27,0.07029083812227657
ID_0A5AC5BD47,0.00672609980824909
ID_8A7029DBCF,0.06571259069014057
ID_07CB0F27C2,0.21076974903386428
ID_51234205B3,0.006884699978572993
ID_7AF1FF7C54,0.23502312546569384
ID_68E0B270E3,0.0028655622453127427
ID_52D8B526D1,0.09283917837854251
ID_286212A84A,0.00716421739119938
ID_03BFC46185,0.010858676121699381
ID_4723EDD839,0.002
ID_F52A5518A2,0.006272578351572282
ID_047BAD6723,0.01207063825281425
ID_636845E8AE,0.003458997106577342
ID_5051C54058,0.04707651500618185
ID_C9A5E58D99,0.013836302127975958
ID_4AE305EE5A,0.019443671092419852
ID_5ABEA22272,0.2868924263132535
ID_F490A5D710,0.003984546656383338
ID_7E3052C1EF,0.03570234075669442
ID_3BD239D2EE,0.002
ID_E2A0716A6A,0.002
ID_E6E9610439,0.002
ID_FAB70B9D1C,0.011810254249999411
ID_57A365F9A2,0.3386532587418724
ID_F10917B6B1,0.8015487676953751
ID_420CA96C7B,0.018448708347604006
ID_D2F25DAFC5,0.04376416378318322
ID_D539D9AE68,0.04341129453338783
ID_6DB30A6716,0.002
ID_0BC06C97BB,0.02811791830310938
ID_F2AB0C5CBD,0.00625936112002548
ID_722191C31B,0.006832808207944239
ID_A6B95D301F,0.04467595132392972
ID_C21A2861B6,0.009766547099885866
ID_E75CB4F54C,0.007091881178096145
ID_3417E984EF,0.002
ID_83F9C35A46,0.4180158897359378
ID_07FA98E6EF,0.07801873850777286
ID_0890A36015,0.003467353749093836
ID_3C510371A8,0.006983396916880049
ID_D87872B295,0.002
ID_0C5116B1A9,0.23756257363489644
ID_CB393E182E,0.5418017272740392
ID_8C97827588,0.2601668305954042
ID_DE0E8A487E,0.3554640914424285
ID_295D5FE1A8,0.013439211681088328
ID_D820826F9F,0.030126613044152466
ID_6F38336ED8,0.3796098060432582
ID_1AD97C3DF7,0.050309510947042405
ID_913559A0EC,0.002862951633352879
ID_9EFD43BD0D,0.002
ID_6790D2348B,0.06719687977246083
ID_9A06612EF8,0.02326069268790094
ID_30D7C0C1E2,0.06978725849323951
ID_B5855E7419,0.08721602585036184
ID_75392DA30A,0.002
ID_2F5CB8D9B0,0.1920220917516843
ID_1B9E1A819B,0.002
ID_B6B937CBB9,0.002
ID_8CD8755B6A,0.05017341757473242
ID_FF0E0B773B,0.01202724807296579
ID_2626D0B9F2,0.011658056928057556
ID_EB50004518,0.05523794460564833
ID_DE88B7A58A,0.0020713883055137323
ID_E17BFFFFD1,0.002
ID_05835B2228,0.1197863416439715
ID_8D19387FA1,0.4040986852511948
ID_29AC205BC5,0.020918083630278167
ID_BF0ABA1C68,0.09103180916313434
ID_FB65311942,0.06033641279772282
ID_CFDEC59480,0.005696742661344533
ID_34F34BE453,0.12913949117071308
ID_8CD046A8D9,0.026071930893705002
ID_55811EA8C9,0.27787267287176737
ID_E57AE90DE6,0.7956274208145091
ID_41D5FB68A9,0.11115160475815222
ID_0364935DD9,0.0837281186173001
ID_54DC05377F,0.02537504264577385
ID_540BAECAE7,0.004863011587376882
ID_D0EA914E3F,0.002561725833558287
ID_1B8E22C2DC,0.006368740809372923
ID_8709347756,0.00589462705171588
ID_415DA9163A,0.004379764765240586
ID_392D653F5C,0.555261051499886
ID_D1CD4742B4,0.2583385703641004
ID_AD90A0B860,0.002
ID_3792712273,0.007671254599604078
ID_A81ED48DDD,0.01277186584644051
ID_A09A215C04,0.25343918938348364
ID_2945D854FB,0.006549646466589267
ID_1AAA42F7B9,0.05010107288651763
ID_18A3048D08,0.12335343457124848
ID_0B98BFB8B5,0.007146533250355358
ID_BF5C140288,0.0022467454733378273
ID_055FD11AC4,0.2202179443279261
ID_ADFB9044CD,0.21869148461159393
ID_C6053350D1,0.007633145152370504
ID_7A60850900,0.002
ID_84E04A3426,0.221198886711282
ID_7A12461C86,0.004576672218702027
ID_EA42F806D5,0.23279829346490954
ID_917EB78F4E,0.041596494702342876
ID_4B2C31C878,0.0028489730043293137
ID_54E246DCFA,0.06448278365396796
ID_4A73AD3616,0.009097061660731801
ID_501A5DBA97,0.0884528187416246
ID_0AFB0E8D5B,0.0073408089329419016
ID_29641D6AFC,0.02594207775052758
ID_9494D68003,0.0788207039379399
ID_0F417B8148,0.0032118300798690933
ID_C1C69E0809,0.23078427071667346
ID_A806DE7644,0.04671601375291075
ID_750D4CE0BF,0.9960398676243591
ID_A8E48AEAEA,0.011568002554221508
ID_C0194E0968,0.15981652658479445
ID_977AEA21D4,0.33428626973092734
ID_2E64DB287A,0.46947382937768145
ID_B75C342EE0,0.003400626837637335
ID_121BEA9AFC,0.002
ID_06D8FC00BB,0.003902254465601504
ID_2D3CC9DB06,0.1731418103892388
ID_0FFB020291,0.4910731192435584
ID_F676F51BEF,0.05030868619845598
ID_C65564C729,0.08942635991655414
ID_69AD2259B6,0.09200119639440063
ID_06B55202F7,0.005926811613726873
ID_D7833DC80B,0.011863625087717853
ID_04AF2C1D07,0.11277727019019546
ID_9145F05085,0.0022169633810603996
ID_6B5734766A,0.8980669601997662
ID_B1E7CED88F,0.003105332831902354
ID_0F21A596E3,0.005450360525071318
ID_2666C23DCF,0.10387332235289919
ID_741FB384FF,0.5257386386313829
ID_A9BA0C8093,0.37287455247816415
ID_FEC5C09CF7,0.0855550867918748
ID_D67C2253ED,0.7118704104121697
ID_2A23972BA1,0.002
ID_1E7FC8957C,0.09950002120942941
ID_F05AB43629,0.13669286859350036
ID_ABF582EF25,0.07645277231873271
ID_6294DB27C6,0.022353623104919763
ID_B4A854447B,0.9927592830613402
ID_2996944D8A,0.015132245094175854
ID_C83725704F,0.059591841973088165
ID_EF272E6EE3,0.059550085392449825
ID_8B3AEE159E,0.18258062880655002
ID_52ACB04216,0.01057731819241368
ID_5CAEEFC938,0.10203906069572398
ID_62FC3ACB49,0.002
ID_42882363CB,0.002
ID_7564460362,0.11103632757858245
ID_6CB6E3F5E2,0.23889767160458877
ID_E7B03CEF7B,0.002
ID_79A9685D68,0.6623491203927832
ID_E11CE285FD,0.10641468928148559
ID_E5768F464F,0.04562054728549124
ID_F5ADA4DADA,0.07536996022627267
ID_93EAF02C24,0.9756843682552853
ID_97792BDBDD,0.5008332383923612
ID_6B2FF82798,0.005749734636119777
ID_94B6174635,0.153493750290205
ID_1B307D5245,0.19899961498556074
ID_3920DF2D8F,0.5935092205720853
ID_CE814DD3D0,0.019196828167329667
ID_3064DAFAD5,0.014097478295988257
ID_C62ADF468E,0.017580140733366625
ID_FA6A5AA629,0.2967206192565079
ID_DF80ACEE89,0.002
ID_F828CAFE77,0.005681470022785389
ID_0D91BD652C,0.0022740618276751636
ID_644B62B2CD,0.04868043349449361
ID_A2F2C836B5,0.006152062263394629
ID_581B27A4AE,0.004392755188143399
ID_262CF87D93,0.0186460370375366
ID_EBE8DC9140,0.06745283386425165
ID_B9AB0E6587,0.9562791574207163
ID_67BB7FCA84,0.15421608544221546
ID_6A39238797,0.06471273781903769
ID_1B4FA78E43,0.636707262711051
ID_0E9B5A17A9,0.013318708773714693
ID_B21BACCC63,0.06993951865447672
ID_F0A089DEFE,0.002
ID_D92D8B6AA1,0.058663667064598794
ID_E7A135C6DB,0.027721928006311982
ID_28B9679915,0.004841192198796916
ID_CD4BC58B10,0.46085753935362156
ID_9FD0E0650D,0.006648128771258731
ID_58C161E346,0.07184015759656483
ID_361457F51F,0.02059322123813859
ID_8546A3C21A,0.08180618861167718
ID_EB0CBD5A14,0.002
ID_A6873D56DF,0.002
ID_3DD78338A3,0.8543249746504633
ID_BBDA026D84,0.08015854679379476
ID_37D840F513,0.026991777057643888
ID_34ED3E5A89,0.6163810298401209
ID_663A8E78BA,0.018450607070725
ID_A5E20003D0,0.5271694421772279
ID_66676FD193,0.24462732717598842
ID_9EF26D1F82,0.0738089221495821
ID_F33DD4BC13,0.006189170510848911
ID_9CF556F0D5,0.5078132167483667
ID_08D805D9AD,0.027999793919943256
ID_4D47113948,0.020869273388835256
ID_28C8BB14BA,0.08794101362203594
ID_C5F2736784,0.1326676271290922
ID_736FEF50B8,0.00697612854446378
ID_02B05DD41B,0.6399536305600032
ID_FAB644F9CA,0.04821615052489508
ID_D53D49750B,0.13660690580186144
ID_626DA84E70,0.013417565962219638
ID_8BC360B190,0.1053823910051653
ID_B1091B32E0,0.022010769053863913
ID_6D9DA75948,0.09639089592535828
ID_9F2169FDCA,0.006376284477399104
ID_6F8C592A00,0.0027414495253899832
ID_1B74B03870,0.004688182821910773
ID_57831CE5EE,0.3744633370809417
ID_B6A0F7A3F2,0.7035046010631433
ID_498CE394A0,0.12759220304087113
ID_E685F44C7C,0.018103486298929966
ID_A12A201002,0.011771330231760142
ID_CD760D17B7,0.002
ID_E27977702C,0.16430762162109072
ID_EBF8934E68,0.14166340486892906
ID_472F82ECEB,0.10580653837337273
ID_4BE5EEE465,0.799945902562789
ID_DC181A7279,0.01625055975237843
ID_D4AA013DEA,0.015186588210116899
ID_51656A0429,0.08400089072092734
ID_ADB9B9B3BC,0.15754677543572848
ID_1C531B4614,0.016040797610481418
ID_FE50F729EC,0.022028642058341753
ID_0F71748193,0.002
ID_390E3EB6B2,0.0020693465821848226
ID_03BDF82DEC,0.22169524828971146
ID_5A9C3E70F5,0.06769911700907119
ID_89E7D56E2C,0.29515596231073876
ID_A4E8033561,0.7056888486578015
ID_4FE93CC397,0.05038729104134033
ID_F8853EC574,0.005166987607661377
ID_4485BD0DB3,0.022939905691035135
ID_DF9A2AF658,0.009927476356067444
ID_9E0A0F1B7E,0.5098961158041766
ID_61F44CCA3F,0.002
ID_D1248496BF,0.002
ID_9FD6ED5F51,0.6912205740107994
ID_67658043A7,0.01564242289050352
ID_444803AC77,0.01673433173124618
ID_3538A5D895,0.011142359474017186
ID_6916ACD583,0.015448054336731592
ID_52A7BF69B4,0.7120452469119585
ID_745C5101E0,0.5292496769460737
ID_8E7DC20E00,0.011939646972899311
ID_772E6F33B7,0.005097955222323845
ID_FC487CEDF0,0.002
ID_549FE8B32E,0.04712631230024566
ID_0992E8A2A8,0.20453344133580242
ID_25A4899A5D,0.0179493451217494
ID_3DB8CCB298,0.7631380202547967
ID_89DF6728DB,0.005196080166974917
ID_46DEBAB3DB,0.0050416421322924225
ID_CF0D16B15E,0.06624709074511058
ID_9C10A38EE9,0.013172599697271099
ID_EB221CF9C2,0.040641807482252774
ID_9AD16B3816,0.004630745264551617
ID_B9EAB0D50E,0.9833005574841464
ID_D6DF63F313,0.002
ID_11FA6F8F6E,0.06824858858607559
ID_4DA704BFFD,0.011805257050538616
ID_7C4E992680,0.002155395861419044
ID_E08434DCC3,0.10624574458793287
ID_4E49D3AE9B,0.7627995772687044
ID_B51EABD7BE,0.6433184592060502
ID_A0AC927C32,0.9975516943771501
ID_6662F716D2,0.6487334472617833
ID_EDDFB287DD,0.23549504746524969
ID_7822D75503,0.006697765033328584
ID_C049859FEA,0.012632881827373255
ID_B28C56A95C,0.002
ID_85D56F4C86,0.0066128032441924505
ID_C256CF8F28,0.01398981518896381
ID_AA4A326FD0,0.22935515010741742
ID_E0FF1B5CA9,0.049827774149600546
ID_62510840DA,0.23756374856520834
ID_2AF199AA57,0.01351147548206156
ID_FE94A01D6D,0.13442271500217798
ID_B6CCDB1935,0.017164198041489973
ID_9A3CD9F782,0.23019863428412993
ID_482783DB65,0.06693347417325857
ID_0BA0C995CD,0.10894147640582313
ID_294A5FF059,0.056060257687780786
ID_0535DB92CD,0.002
ID_9DCBEC4153,0.9908085071205405
ID_F901A02115,0.12489446457176928
ID_3FE34B94D4,0.0026940208907160904
ID_DBB5CA5FE3,0.002
ID_E812BADB44,0.007754942317147177
ID_9E2F693C50,0.0860507750062859
ID_E457B51101,0.8595233528144939
ID_C77A3EE1DD,0.8944950074705089
ID_90F60A528A,0.0030498009860646497
ID_711892F9FD,0.002
ID_EB2A95A345,0.9669544935425821
ID_362C683DEB,0.002
ID_5B2E05F830,0.021893716773291348
ID_B0467531F8,0.055117500068254346
ID_527373F3BE,0.05328426605045163
ID_DCC0BCC958,0.012681684788721446
ID_08E0184E9B,0.0055195449569863785
ID_24606516CB,0.7966645785889331
ID_7017314630,0.1712244112184955
ID_83F3850040,0.10488714129069227
ID_3E8D1DF788,0.08870094749904624
ID_FBB8F21126,0.35602048066397846
ID_1F90F30B9D,0.0184318150671842
ID_932C6DD5DF,0.9492775367398821
ID_CFCC39AFBD,0.01049235241662685
ID_A997CB6EF3,0.013133708258979235
ID_18F4E73256,0.2934946943224978
ID_6CADC3489D,0.10904350837142779
ID_7A06C62F2B,0.10339001581099715
ID_D6547CF780,0.9835245059945331
ID_97D1C1D2DE,0.048455918605006726
ID_8C5194E3DE,0.04635177235316536
ID_F36A45BC5C,0.0065594054814982605
ID_1F981ECFCA,0.08905440850477085
ID_D491FFE00B,0.012231561314968512
ID_FE4CCB72FB,0.020911595950017424
ID_51755349B8,0.014235977844690646
ID_858DFCB991,0.014280056215356126
ID_2629421E0B,0.00532645948134129
ID_591309AD14,0.8744527799228093
ID_B6F3E78A6E,0.39576515977034493
ID_FDC2D5582B,0.00847931748479697
ID_471D703C35,0.24974605526218005
ID_493206033D,0.21440897584503865
ID_C444153A31,0.004237092427679187
ID_F3F430D031,0.2123059639732309
ID_0266435BCA,0.27576997848383644
ID_CF58AE197A,0.006169814872803351
ID_316099AB5C,0.27529176660549987
ID_1663D41E54,0.013054495235298069
ID_F07AA944E1,0.013502206597866342
ID_B6FE707440,0.011305471867397443
ID_8DDC84827D,0.07165453219937082
ID_547A9792F6,0.2565089900700678
ID_36C6E1C4F6,0.9690166907303078
ID_1FE8FD96B9,0.002
ID_1E0ADB6AA5,0.002
ID_56522358EA,0.0037989520282523427
ID_C4478317A7,0.27561789605669096
ID_F7A16DFAEB,0.003931214141519778
ID_406A62C24F,0.08234786849413986
ID_B7763B5549,0.4532239055392587
ID_97B484BAD4,0.01057521358194714
ID_D5E906ACAF,0.687615585429835
ID_D4D03EE163,0.002578670746505378
ID_2D0BCD05B5,0.004790905699674052
ID_1CE997313F,0.014586322876051588
ID_62EFF0C033,0.29911303496674385
ID_39D3225740,0.002371388286535067
ID_A8DE2484DE,0.0026663010433964464
ID_DC2110F3CA,0.002
ID_0D2082DB8D,0.02140830136902381
ID_7DEF601DDF,0.06644269313866802
ID_9B082BF698,0.13007716123890015
ID_3AD2068D32,0.002
ID_DDDFBD4D96,0.012417396759918795
ID_D3B7B1344F,0.0024159314200114302
ID_7B698B40F3,0.002
ID_78A88267D3,0.12394217376927125
ID_C6813E46EF,0.023712261229272127
ID_CC8D7DDD92,0.002
ID_99237709A0,0.020938762328835715
ID_9403FD0E1B,0.5175543847437308
ID_8C952BA542,0.18488040009442083
ID_88104F66E3,0.002
ID_49C0D3A08A,0.002
ID_3F50C67A06,0.14347183878162056
ID_592D222643,0.2457690128697894
ID_BE73551496,0.816962613814805
ID_D566DD0787,0.34757326469759975
ID_2278BEDE06,0.14838586047725488
ID_56C0A6D11F,0.28262644352347605
ID_ABB0278F5C,0.005100558042759284
ID_288EF7FBD0,0.020597792343564045
ID_19923E3185,0.00364576195552924
ID_8ACA9AB89D,0.018740925178340005
ID_98BC6E9F4E,0.09184944445569196
ID_DEBD28DA48,0.09536252199637708
ID_823E411093,0.428893001796586
ID_E364C7D351,0.020089140515298212
ID_147622928C,0.002
ID_AE71E9B2DC,0.022443408404615204
ID_9592884AE2,0.3321963956554154
ID_59F092C691,0.015543535829199137
ID_1C437E245C,0.0077260206181857735
ID_37061BFCBA,0.00215606667841953
ID_698A85E404,0.04920859967834909
ID_C101012006,0.002
ID_DC533DADAB,0.04189921691697847
ID_8A08EE7128,0.010153969823043667
ID_617FEA2909,0.02910151491733964
ID_13389B0324,0.02064165484319106
ID_3511EB1349,0.11947970824843657
ID_4D0B8370C4,0.004832718764893458
ID_402F719156,0.010434812993410748
ID_ECF05038CE,0.4976069295267869
ID_1E43F48E00,0.007112728944643529
ID_BF3EE89408,0.014224563687285016
ID_BCD5337EC8,0.002
ID_1C415FE952,0.002016653660917038
ID_3EF364B6AD,0.06107082874724626
ID_4B68FFC5AF,0.002
ID_18FAAC9A9B,0.3392562893859213
ID_FE549A1AC9,0.046060319209471824
ID_93F0D36526,0.9844873110361979
ID_3A57B3C9E2,0.10561192593335067
ID_FCFAE5BC4A,0.04042334608131487
ID_A3B9CD869A,0.08528918226408921
ID_4CACB934AB,0.026401394197101434
ID_CE814B4BEC,0.2081415793490303
ID_57365AA9F9,0.021175690067997865
ID_68FB3F1150,0.2885851634128633
ID_97ACBE753E,0.007406430018303339
ID_5051CDDF85,0.14222995823636492
ID_250ED9D8FE,0.04148030837050279
ID_106E1C7F17,0.004399919516071335
ID_2BD1CF5327,0.027507141347669017
ID_91CC21910B,0.1537936013859686
ID_B83301A0AA,0.8223703413284825
ID_1A46DFBD2E,0.6895264050956316
ID_C19F89EACA,0.017353552197809225
ID_F2A653B7CD,0.011034386410958151
ID_CF35DC2ED4,0.9594557314043834
ID_0B33BE8651,0.3500356274971641
ID_62864EB259,0.8624341198810468
ID_78006D1571,0.01673406312800631
ID_6E156FBF8D,0.02045269707824661
ID_B608994E60,0.048198781492185656
ID_9A0E07FF71,0.007165281554617012
ID_58AE20A63C,0.014640551369515383
ID_6C72477CC8,0.01981485412017673
ID_FEB6DC3D64,0.10944314521001475
ID_6A48232C89,0.2796841923621322
ID_D7996DB086,0.06170772146180511
ID_B5D83E9CAE,0.02239634802088001
ID_6357ED855B,0.048728561918970154
ID_D6191A0D86,0.006397615775305233
ID_38742DC3B8,0.0021107049887273076
ID_2D791F2E98,0.002
ID_9EDF6924E6,0.002
ID_7DBB13A040,0.7027753528909865
ID_2400ACFC98,0.15746494737251457
ID_4D6579E25A,0.06114191786971208
ID_742FC1C53C,0.06237434736520876
ID_03AE38EE83,0.002
ID_A8E26882A7,0.27078937652741575
ID_71305C3A85,0.02297382666696495
ID_B4C83CEB3E,0.05859165174058087
ID_89AC505163,0.6703773382880989
ID_CAF2A9B61A,0.031205836974526804
ID_8DCA751E6A,0.22816820694574202
ID_9807258CB5,0.011745192208084192
ID_A1AD556A8B,0.4752612291210695
ID_1DA50D5513,0.015400751597192583
ID_8E3D93A7AC,0.12448771982757556
ID_9359873745,0.26429902777480163
ID_DEAFF5F0D6,0.013015175291791387
ID_2452A2AF00,0.024862789641743897
ID_C1D320BB3F,0.006701771971857141
ID_3707881B48,0.002
ID_06F13C673B,0.002112256791245884
ID_39216C39F4,0.9140066145166489
ID_0813347C78,0.08700261942660806
ID_B162BAD207,0.13909110076381961
ID_E9ABA9D18F,0.00708666612894051
ID_1FE01922C7,0.02113337142000798
ID_46550F5945,0.0679995389647398
ID_27803DE25A,0.2469973559329401
ID_41B3C766C1,0.06826648334605752
ID_53F717F308,0.08062067525284128
ID_C5D06AA944,0.6580765225246593
ID_E812C1FC0F,0.21317567615675878
ID_B4D12999B8,0.018503324439349617
ID_90A0D5EF33,0.02597645837755639
ID_7E07329BA7,0.005952629676394773
ID_A8011A03AE,0.4852451419273433
ID_493BBD4510,0.5192459305479448
ID_9485CD24D6,0.6649156420136721
ID_01C57D57B5,0.9936968798595965
ID_8E4B3324FD,0.013226376984188846
ID_9B74371901,0.4164005046788593
ID_1EA700E69C,0.16072540712738415
ID_83E2BAC983,0.13112484721841577
ID_849FDF4696,0.0208695095037732
ID_40A32A1A90,0.6396158479411804
ID_F4E627D930,0.020524946229289437
ID_58F7C8AE08,0.002872206722810876
ID_4A904F4A2C,0.0723749542151872
ID_E15A4FEB3D,0.21933043333271415
ID_62459FE44B,0.013186912355912255
ID_B5131DEFCA,0.012208989744531721
ID_C4C7BF0766,0.01783852311469391
ID_2659AAB285,0.16470046095514512
ID_1C6327A221,0.15984691772949824
ID_4D844EF75E,0.7852526818617795
ID_8F8DF72C19,0.5562635969643788
ID_1048D087A4,0.6776988073714744
ID_4ECDC850B8,0.1593535118448391
ID_8C47B3140A,0.022016908403233823
ID_1A030D5932,0.06568755384620399
ID_FA3B239A29,0.4705801993158078
ID_19748CFEB1,0.007319958360065215
ID_9D41E15EF8,0.7552896333622445
ID_6A58ECB711,0.002564509310271439
ID_04D6D8474A,0.31448016504227866
ID_49641340E4,0.47681567963845306
ID_13F7B8377C,0.002
ID_9674E69A19,0.7806378154071527
ID_779641EFE4,0.020293776584720445
ID_AF47684676,0.1766887733183788
ID_5143730CDF,0.002
ID_97E60AE747,0.02193639108493166
ID_96BAEFEA3C,0.08696775414774398
ID_332EDE41CE,0.007474052033439057
ID_2BFC47527B,0.006370654178688744
ID_35A9F30792,0.0724791422405841
ID_727D6C9B8C,0.03474988705079548
ID_1B87FB3861,0.17477804587335832
ID_25CC4C7F57,0.7213560587871658
ID_225BC6098E,0.21789085945739586
ID_B61B76D603,0.006298668398512217
ID_3A4DD04849,0.6091682238455217
ID_A002FB429F,0.01996550894192142
ID_A6F48F6537,0.047894469270970776
ID_C39630482E,0.03316740392470612
ID_A530F179E8,0.2611213391839048
ID_8A81FDFDD8,0.012544877107081112
ID_B2B2E59F1E,0.5881564333690247
ID_769390BFA3,0.04006681330739134
ID_7D3EFCCB15,0.05026436242679425
ID_027498E210,0.9960400175997026
ID_4464FBBFD2,0.05651293494436175
ID_BCADAF38B4,0.0162019565351571
ID_A05CD96CDA,0.006483947513327617
ID_3E0F8EED8B,0.015175166536585554
ID_B6F2BD5D42,0.14138421605044943
ID_A5B023F981,0.996762752943568
ID_CB18D99D33,0.004363203019612161
ID_CA2EC95505,0.016426005763113607
ID_3919883522,0.002
ID_DE92087C05,0.10144272901223761
ID_20AB9405BB,0.035468681275358606
ID_8D2C7CB2E1,0.6241034993968767
ID_AA071B7E9F,0.11165510573390855
ID_0D67113637,0.041035399045324654
ID_6258947749,0.042731850951206816
ID_AE91946B87,0.0034132708694326773
ID_BCAC06A198,0.003702179476551733
ID_957EF1C629,0.06360989013995993
ID_2DEA4A0879,0.0078096922351302495
ID_9F61C5DEC1,0.0057214107382694114
ID_375F846430,0.002
ID_6EBBC53C22,0.9971826204243602
ID_4BD910BE6B,0.0038012150338573676
ID_FF81337395,0.07732172004512033
ID_A5CFF80568,0.05291198798439909
ID_DF418D7042,0.002
ID_225CACF794,0.007308224657144547
ID_1D31C0B8FB,0.002
ID_B089A95555,0.13023807806907572
ID_38A94C26A2,0.017546017293001603
ID_B8980B30D6,0.9960306361477207
ID_76943E95AE,0.08966370527800673
ID_9A607E11A9,0.11976530388228016
ID_B7CC36F0F4,0.08431624946968602
ID_4AAA2B2F71,0.6715654476951133
ID_F67D5379DC,0.063614528174004
ID_D6803F72B7,0.10085433825923029
ID_DB20439C6A,0.05922656034647979
ID_B2FE5FA122,0.014893525147916593
ID_21406716A7,0.2550919995103488
ID_F3A73F84B1,0.002
ID_0177520790,0.8785562598782832
ID_10BFC2F6A2,0.002
ID_60990D9435,0.021910746241584258
ID_047AADB55C,0.140531094935964
ID_EE7149CBBA,0.10312972809723026
ID_3FA91F3714,0.014664955795922597
ID_FA3D761B29,0.01090798928621322
ID_BC9E645288,0.636300249243775
ID_7EF232FFF6,0.4263418439119644
ID_B44E93DAE0,0.011191276917831726
ID_9708532B54,0.009872002967040973
ID_269C0D2704,0.061113852429535584
ID_BC81512DE3,0.08089859358606391
ID_7140420FF2,0.04555721232750538
ID_1A94DB45E0,0.06971140920452387
ID_A58B9E019E,0.002
ID_DD92A19EFF,0.07722103119674201
ID_D5E2739798,0.002855397205905427
ID_2D12463A9F,0.99702310138897
ID_232F59C075,0.9467574553317375
ID_D4CB98C446,0.21759561508812095
ID_878DA6B0C9,0.010032043163169281
ID_3A460D5C14,0.0067939537206559404
ID_1586868812,0.02616882355290038
ID_C0F346C0B9,0.8424869973559342
ID_2CAE45E2C0,0.06821441178021015
ID_5ACBA530BF,0.00275817802376211
ID_DC5AA91E5F,0.02670228962543423
ID_53F0850F44,0.02233490975780125
ID_A822BB3B40,0.2206477410477971
ID_65006A4B2E,0.002
ID_AE9DCA83F4,0.006831276704105926
ID_1313761633,0.0666007782667216
ID_9AA2130AAB,0.01532606587992018
ID_5A1F387429,0.9979258001838259
ID_FDDF7143AE,0.21889068955036148
ID_E570FAF99F,0.009287980662349158
ID_9D66FFEA1B,0.07216451079461729
ID_43E132F6EB,0.07759061631811208
ID_39DFFE9CAC,0.9690156989935659
ID_995A5B8C69,0.04678558569877802
ID_DF2A7E193C,0.6683136768702922
ID_AA1D66EB64,0.22227441825904568
ID_4F0872874C,0.02194368580680185
ID_6BE5F26C79,0.002
ID_87ACA569C3,0.4015256352967449
ID_88E344B9C1,0.007758695197408343
ID_5FD049E880,0.006924471536842551
ID_D3B6F9877C,0.018202788171898604
ID_ABB3C43748,0.9610329557939326
ID_5690BD5AF1,0.05952374574244702
ID_CCB0D6164B,0.6236804323418732
ID_DCEEF61931,0.01296859621743394
ID_FFD432AE8D,0.6575539337858539
ID_2A68B21778,0.006910876155518284
ID_DD1C82F979,0.03031276961506799
ID_30AFF7C75C,0.6595736131544029
ID_01F098E2A4,0.019562137894673873
ID_3CD5028886,0.12786348936652805
ID_A4929A9B72,0.0029038946324036726
ID_C36410E7C5,0.046888222405814674
ID_7912A22317,0.006024506647208079
ID_9614C4B102,0.046712558395101696
ID_244E30004C,0.007336287120227157
ID_FCC74489C1,0.002
ID_AE60BD21CE,0.002
ID_5777A41239,0.002
ID_6416780836,0.2698943849421368
ID_1CB958000D,0.5046554060545795
ID_59ECF7BC2F,0.002
ID_E190517213,0.002
ID_73E90A1B39,0.002
ID_27741BD305,0.007286946288029623
ID_C19EDC452A,0.012014398481157276
ID_C929010A55,0.025764029287070597
ID_234CBABDB7,0.2901439310810287
ID_23A10581F9,0.01178327848313359
ID_87DC3D5BFD,0.008701029713858601
ID_7BABD81F96,0.0020279973540456636
ID_3A108BEA42,0.07202926056466627
ID_496E06044F,0.008001013154411466
ID_8512496468,0.3400196731134839
ID_17F9DC06CF,0.21110084030059323
ID_FA99781482,0.08296022458636883
ID_4485856EED,0.002
ID_7CC3960491,0.14146508785730166
ID_5970694BC3,0.0056960892804001515
ID_31D3CFEBFA,0.6972946704617603
ID_8C0245F290,0.9483597797455218
ID_9B2E18A449,0.7773226206782075
ID_7A0D5AE241,0.019715897420372695
ID_DF49A9F86F,0.012690468206026796
ID_136BB54E5E,0.8328993821953665
ID_EB8468B234,0.01054271300999905
ID_D0028AF41B,0.436297742591495
ID_FA5845EE77,0.015300777855802972
ID_20C98FCF16,0.02299366270522492
ID_4FC8DCF411,0.04198417168606053
ID_05CFD0636A,0.007671467125418868
ID_C02F33A237,0.07015291790093993
ID_99BA40E8CD,0.12498010757618967
ID_A4AAFE574C,0.016483820318589745
ID_172C2BE9C4,0.23521844611148823
ID_0D18C69521,0.014110682514401627
ID_0C8AEF666A,0.006623544335724782
ID_77AE5E31AD,0.7097614371455058
ID_5B5921C62B,0.14342105678766326
ID_B56DA82BB9,0.6822264867273068
ID_F41B6F5931,0.01360350067253953
ID_0DB45536D6,0.004028310952411793
ID_615E31B8D0,0.3423281715843574
ID_5D52A0BFD3,0.002
ID_C295E2BD53,0.045934292805366615
ID_07438F8C58,0.030753130936653352
ID_2E7B5B3192,0.006981001008553458
ID_4101285E5C,0.012989150727921736
ID_04EAC52C50,0.391091526009079
ID_7385E6305D,0.02610379303157157
ID_56102947D5,0.2957993711012962
ID_2FA0B007CD,0.015887317500201843
ID_3C4020C5DB,0.7976967969123288
ID_26A4F68A9E,0.019059607789043018
ID_18C3F6D743,0.002
ID_FA7539C5CD,0.0379236422926077
ID_323BDE71EA,0.15914886202953069
ID_C737E34FED,0.917140811263248
ID_AD20C11F1C,0.6763246434890053
ID_44AA45C794,0.17015076738041304
ID_9EC65A7B0D,0.0028308193460026385
ID_33B91B6B2B,0.19079423855392844
ID_B83EA2E0DC,0.02795244938304018
ID_278BD1D169,0.11194364543857614
ID_D348B69496,0.07532964808286804
ID_771640E87F,0.002
ID_E2257000FE,0.007125013152528377
ID_C868ADE455,0.023964406702064466
ID_3044ED4FB3,0.002
ID_AD99196985,0.0905397733569862
ID_DB10170B0C,0.6064591368434021
ID_4FC2915A38,0.0746122849796628
ID_8DBD31FCAB,0.0075497678665476225
ID_1ADA3A4D4E,0.02211598794343061
ID_5253901FDE,0.015895918522810873
ID_9F84DBE4A1,0.0046029241472577195
ID_E8E3F015E9,0.06213557016418857
ID_86E659491C,0.1435137551701095
ID_7148CBD01B,0.1925536173977807
ID_66AB93B131,0.006749285670219748
ID_E83742E273,0.23929409589637546
ID_092136BA5F,0.02281711989598625
ID_5B68EBB8D4,0.002
ID_171FE45D09,0.08547896319273175
ID_ED7394392D,0.002
ID_3AE66214FD,0.011424170504960111
ID_1D6931DE91,0.0071954021448812225
ID_7446B8C0C7,0.00802512772898143
ID_553D1D1FF0,0.16817573652169548
ID_A388E1418C,0.010588504188926621
ID_C3B9FAD2E0,0.9821123988717362
ID_61D32812F8,0.19132897019231568
ID_37879E1374,0.09323824796354939
ID_72F4ACAB5C,0.05437636247502763
ID_40A3BB32E6,0.022914780743008793
ID_A607A88373,0.46699832579363126
ID_3BCAE3A7B1,0.02087821134941828
ID_3E34D7271E,0.03133748401596651
ID_D11314AC3C,0.4498798931539784
ID_3365AF6CDB,0.030913461932270254
ID_7AEDC1FB67,0.002670054645358763
ID_C93B6B145C,0.19391317780022213
ID_F8F192F91D,0.1760760161913501
ID_E753DBE9A2,0.019684636400954553
ID_60AD724C69,0.5373238598576702
ID_2C19899B64,0.194832027711358
ID_CDF204C481,0.05968375787176807
ID_BABFDFF55B,0.9972149630404519
ID_9AC7B684D3,0.11589045085370601
ID_031A314C8E,0.6904086901512846
ID_8015131BD8,0.0022321252128360072
ID_35229C77C2,0.11223492337511295
ID_647341BD42,0.022348503474461223
ID_C153AAA5F3,0.018284371128623005
ID_7FB656054D,0.7890302542758589
ID_18FF2C3329,0.0420114476913347
ID_3D079AFB95,0.0022364658763590105
ID_7A5D415EE1,0.00672754547008318
ID_ABBEF4A073,0.0129913473358213
ID_7FB4975B5A,0.01584352741474656
ID_5DEB3193FA,0.028038968720521203
ID_FD1E798B85,0.009256089062693807
ID_D529E259AF,0.002
ID_36B364CC1C,0.071285165190509
ID_2196719B18,0.0048191370302561225
ID_79D2640A9E,0.10025947193790838
ID_A758B55CF5,0.0021830979220827202
ID_F5DCCE59FA,0.002139007970028946
ID_237FFA6A68,0.0023350438266372215
ID_E392ABBCE2,0.026419024193587833
ID_79E9518B31,0.0717567855727093
ID_0DE5825449,0.027859527245560928
ID_9F524C3688,0.04465015954238332
ID_61EDAFB87B,0.021601002067567758
ID_B8D5002925,0.08745437503606353
ID_925CEB1BCE,0.12843103834364533
ID_F484E53084,0.17095404207490195
ID_62EDB33026,0.007978291543342718
ID_69E70D0D62,0.04868171104645707
ID_4BF813AA1A,0.025210239601462767
ID_28FCCF62C7,0.10028276297665245
ID_76D24F1693,0.8911555974545504
ID_4315615359,0.031529915926317834
ID_AF36D0CD1E,0.09893436504528105
ID_248825C47E,0.02180772248678809
ID_DD711B6114,0.02271416632582947
ID_A507519B1F,0.002483562999366075
ID_51D85E99C3,0.9569811789094155
ID_57DA3E5A3A,0.002
ID_AB7AACE41B,0.34967742112827455
ID_9CC5D43345,0.002
ID_756740FBF8,0.002
ID_5E7B36B686,0.04763421048143273
ID_8C325242E1,0.0050934513860627076
ID_D68F98C0EE,0.006911449600136812
ID_0BFF50AED6,0.02254985408503148
ID_F7473253A9,0.004708729078353317
ID_4556D1EF82,0.0027150885199153925
ID_B85433DD2B,0.00555226363559657
ID_C22D17915D,0.002
ID_3F2515041D,0.01148930357747828
ID_91F06D9AEB,0.006515083578411237
ID_A01DF37C8E,0.002
ID_C355FDDF0A,0.6885316527934691
ID_8716CA3DFD,0.008917763697847447
ID_21DF20E194,0.00799540228372971
ID_F5AFF7EB5C,0.23966884558034737
ID_7399E49B3F,0.9632655702429543
ID_AF6F0A2AA5,0.12557135466843145
ID_A6FA792C2A,0.5182201224611295
ID_20AF211D52,0.006281187810198322
ID_B39516A334,0.08817989237637615
ID_7DEE5662B5,0.002
ID_B9514CBAC9,0.3481396536249676
ID_CAE6E4BF03,0.01122814286571191
ID_B495F62925,0.07468151559537664
ID_39C3D0554A,0.7269366990562885
ID_2AE4492615,0.3884163963891155
ID_71D16B86B4,0.020614522666750706
ID_50EC9D2B13,0.20520457866031994
ID_EF63938B92,0.014123558629338218
ID_3DBACC7BF2,0.023333744067783522
ID_F655DF2732,0.12468366793026855
ID_51DA1A3454,0.00816533872295525
ID_9E88E82F05,0.005323987959519571
ID_51295BE8C0,0.5324484583084045
ID_431DCD4B9B,0.0201258974611301
ID_D9E47F12E2,0.09244848777932159
ID_303DF880E2,0.002
ID_FB6CFEB831,0.061312632956249606
ID_083BE4742F,0.002
ID_EA25C633C8,0.01665586355993124
ID_E9E00B92C4,0.9969923822735025
ID_9C4B111016,0.02187988357897253
ID_B83B83E037,0.006684340692922852
ID_68C363CB50,0.006875793744869576
ID_FD54F3B3A4,0.029503133703729187
ID_00E9FB350C,0.010014782761836379
ID_07973CC287,0.06494810694429808
ID_A4E0BE00DB,0.25276192574252265
ID_FB4000710C,0.015322310807737449
ID_EB8BFEB8A6,0.0022030549682719456
ID_F993EE3510,0.10416348579826396
ID_03E0ABC400,0.002
ID_7E20B02BF8,0.016048934284265192
ID_78E5726944,0.1838514578601521
ID_82D214A095,0.07633952063223837
ID_DE481A7FA7,0.4253882032128256
ID_0EA0A6A18F,0.3926335945477573
ID_67B79F3E6D,0.030157811354224594
ID_912CC4874E,0.1165513441253541
ID_743BF8DDC4,0.006032209287714045
ID_4A109F2EB4,0.00740190300870688
ID_85C3C97C26,0.04339242871738953
ID_0A5D3089AA,0.9917477933992751
ID_842B36A812,0.14013423683930556
ID_D0D3ED5B3E,0.002
ID_1B013D2008,0.013613220916439277
ID_13E2B8F882,0.5214541980425744
ID_71FA2FE7B4,0.28458668830207146
ID_93701A3E85,0.014874415493728988
ID_504FCAB46E,0.10727145326339313
ID_0F1C51C920,0.08391916461600113
ID_39D96F81AB,0.9021331937997421
ID_0A7B652F36,0.05497565313463975
ID_936ECFB5D6,0.9861210712735572
ID_4734C39AC0,0.013372634802586833
ID_75D3CBD1CC,0.020475226014933876
ID_1DBCE90BCF,0.0904611989407321
ID_7B0E517A34,0.00558235245440912
ID_4064614B4E,0.011643657381494511
ID_25004CD23D,0.09029275916253372
ID_FA95BEC9DD,0.09789114676308275
ID_AC19EB3C02,0.01168540466573679
ID_75FFADCF93,0.03830844477029339
ID_507B3B4054,0.04281358184879214
ID_3089222AD1,0.022082835671644877
ID_DA5DC0DF99,0.01069313528061667
ID_79CAF29398,0.020514423202973416
ID_D269077725,0.24174423910235351
ID_A8A65C2288,0.024105230591831728
ID_244DFAF9E7,0.006169793207224572
ID_78EAA2F7D0,0.004459083857717787
ID_04207AC541,0.26806062368734235
ID_0F664BAA7E,0.013494607787551426
ID_9E5E5567B7,0.002
ID_D2FD103CA2,0.006835946574030631
ID_18738ED44F,0.05653538558288484
ID_97AB149768,0.008745428421990293
ID_8DFE820D3F,0.7447303777691752
ID_10ADEFF71C,0.01918410289050346
ID_F5B9A4DF30,0.0023226912569359348
ID_D6986808F1,0.01516464642256859
ID_7DAA60294A,0.0045057035993282864
ID_25A938C9B8,0.047622233066846126
ID_C3EBC05CBD,0.2718520395911251
ID_8091CB7A9A,0.019614882167802675
ID_5D0F1CE15F,0.006586027819135812
ID_0A1FFA1944,0.011197260789928222
ID_A3551D497D,0.2408412841436208
ID_188FF2C798,0.019838006011375038
ID_5EA3E37663,0.9963942422589778
ID_843664B56E,0.06962233509547183
ID_9CE052E3AC,0.014659234701375166
ID_E4F53E1C4D,0.013223724678916427
ID_680EFA70CF,0.27357735769760594
ID_E4E77FB37D,0.012827727582244037
ID_D6E743FB57,0.04610911399194715
ID_8B731B60B6,0.002
ID_FFEE203ABB,0.054596531791996764
ID_10F56D0AE9,0.10832590395690964
ID_99050A047F,0.005795680420057949
ID_56FAA94B58,0.041142616573068135
ID_85ABA9992E,0.02762101088984942
ID_E7FFAC3F44,0.5860004542685181
ID_ED0A61E0D6,0.0028435835922660377
ID_5E9207223C,0.0033311980588885135
ID_159CC08136,0.5743243718567422
ID_F6C34BE7E4,0.012903929373723812
ID_FEC6B28BD7,0.002
ID_58305F59A7,0.5910837992168549
ID_A78D9603CE,0.012279321036446564
ID_816D517FD9,0.029228327946492175
ID_C9A91E5921,0.014582642909778384
ID_3065AE63E3,0.0056050649220382425
ID_1E0E4DE5B4,0.6039468247122746
ID_85951C4B51,0.4883320573748155
ID_22BE903E54,0.023569368752523016
ID_6FBFAFF16F,0.5685292330047818
ID_39130417C4,0.06878132469284913
ID_644B0E9D96,0.7876745815514612
ID_5E6C46511F,0.006774426548121139
ID_FD7EA1611E,0.006405947399194626
ID_8F08C33E87,0.04818273724382189
ID_CABFBF56A1,0.002662194998371008
ID_107FE78C77,0.9754082828614288
ID_7879A39456,0.005026077992020537
ID_377ACA0F2E,0.23350947899779592
ID_1A66111357,0.10760388345013916
ID_8D0F3F22A2,0.013108004107577507
ID_B23B85B433,0.029906370347662383
ID_98221B9706,0.13653291731817954
ID_256CDC8EE7,0.003331220557899157
ID_3152D52582,0.011799861048793834
ID_FA11588C43,0.2912416620139945
ID_7BEF4B3941,0.14991201883088762
ID_4CD1A7DD2D,0.5743348271716685
ID_7A619340F6,0.0033646193131924287
ID_B69D24E917,0.21229547227456122
ID_4B31C833F0,0.9786792570816948
ID_2A87FD271D,0.22858986551095506
ID_5D31598963,0.7560841596442915
ID_3D734F7F65,0.02732755687469247
ID_78E149262C,0.08386781073611844
ID_FB3C1F3A6D,0.5591701898596295
ID_66763DB516,0.0035038138815814373
ID_D12EBDE6B6,0.037513336742450304
ID_4DEF7EB4C6,0.002
ID_B074EA1926,0.02132577219557819
ID_DD887FFE4E,0.004393641965150002
ID_5C800D9363,0.09325625818283635
ID_4152B65564,0.002
ID_70DF30E70E,0.011181391126740572
ID_878C7D535F,0.15073320690418482
ID_4D34725B71,0.002594174885736754
ID_663291B3BA,0.002746999474358964
ID_0A04A2BCAD,0.0036642865921625075
ID_ADA0349CB1,0.04102406738465164
ID_4DC1EA6D48,0.2636337435137481
ID_4D11D28311,0.013089761340471571
ID_9A50DE4C40,0.17119776804027498
ID_0B270A999E,0.002
ID_18D8ACCB5B,0.18582247357748805
ID_912CB99930,0.07129691341965934
ID_0CFEE1BFAA,0.0023618875682588658
ID_2B1FE01E16,0.26914201069007015
ID_6D0EB45412,0.9882463586081216
ID_5A7B769B0D,0.002
ID_056BB155F3,0.05214779885545081
ID_F255BA0121,0.3126428504237113
ID_04A5881B61,0.019024140760186773
ID_76A55DAE01,0.011211338738377047
ID_2AF74E7230,0.5597368710856275
ID_2AC7373892,0.04098090896416544
ID_B8679EE312,0.09652753013912244
ID_5F8FB6B36C,0.8465915195137751
ID_1931381E29,0.18986049054649975
ID_40D5D87053,0.002
ID_C4D01DE638,0.006226608109165888
ID_33F1EB82BA,0.03270017941529614
ID_E3A4A6EB55,0.06969164171928924
ID_CAD746820C,0.6897936270415765
ID_36C411F04D,0.018681425517420962
ID_1D7F6C456B,0.06787834812062254
ID_3A68B2920C,0.45071351986031843
ID_69C94D2E38,0.044643247335540225
ID_97F4F04812,0.012881155091563111
ID_27FEE0432C,0.006210551481001909
ID_7789778896,0.68203276209226
ID_494A47CEA4,0.202453675274124
ID_424C5388DF,0.060820094128279684
ID_E4FA89CBB1,0.014829263643487042
ID_23F034A53E,0.0061626381588086206
ID_2421C9EE9E,0.0033454033873084716
ID_0B0538ED22,0.002122817562162465
ID_285736B8CD,0.006971553932463378
ID_345D72D0D1,0.002264699476932929
ID_218F036F9D,0.12569048992587353
ID_E1906B46D7,0.04452901855772836
ID_80ACCF1733,0.9970968825224118
ID_756E9DEB0D,0.006031558834304097
ID_83BD254984,0.02823449898626187
ID_786C04B679,0.22538777499486262
ID_CCE16B5F68,0.5797772146806878
ID_0313A1C0E8,0.05959197805475069
ID_AED65F5291,0.05079171818983421
ID_CD88BEBB3F,0.007143057899818708
ID_20E569597D,0.22722061391148946
ID_50F69B46BE,0.002
ID_45E182487C,0.004795170110080768
ID_C48DB9A3B6,0.014105941580990069
ID_73E0D85BFD,0.8993915795923039
ID_4DAF1CAECD,0.33942434200337274
ID_A566332BD4,0.012962603127457277
ID_161E9ED18B,0.021410823329078506
ID_751C214CD9,0.0063590356800866535
ID_19762F958B,0.004866671498530944
ID_87F18A3964,0.04368373676942289
ID_7D56A0F1C9,0.1908317882298322
ID_671881E752,0.0408663305190329
ID_C00A084D13,0.06297983226588146
ID_5AB7B2DE80,0.14519151311754205
ID_BE3A802A28,0.22991693167905825
ID_E90607092F,0.05840992729491099
ID_180DB895C2,0.01228597249230163
ID_FF8AC131AC,0.018956625738122075
ID_719C229FEF,0.0024371296669849843
ID_DA7A225C5D,0.25991246331098145
ID_8FC668F622,0.04429171729788492
ID_227E0FEF0F,0.9563609638068792
ID_AF05ECDB86,0.05561354506072578
ID_1F32506DA9,0.0026740363848122657
ID_484AA7C344,0.0026865850549817652
ID_A30D781E30,0.0036672877587027703
ID_04556CE610,0.2853700362058154
ID_F544696EB4,0.0867610300275123
ID_DA3B45BED1,0.002
ID_9329BDF476,0.2618394327834244
ID_CE7424016C,0.002
ID_6A9615A0CF,0.023536338988407873
ID_C39381C879,0.004283022199398634
ID_1AC80CA9C8,0.26038117197827143
ID_40825DF704,0.012503069856227367
ID_85A8C93BF3,0.020108023087396204
ID_86C90FC4EB,0.00717410049777074
ID_3904EC1799,0.003339457752212678
ID_C253BB9064,0.21030414190329888
ID_E9406D7891,0.868348331106905
ID_ABF37148D9,0.7827148961456233
ID_FA7C072E9C,0.04814299669434662
ID_C157347D70,0.005890824903712213
ID_3CAB3251F3,0.019197321689463802
ID_10041C1168,0.018188402824098334
ID_ADE37DD8BF,0.3850918543372231
ID_B3E090011E,0.24513575795579676
ID_037963B326,0.022838068784323495
ID_466C9DC31C,0.0046299450967956755
ID_79BE4A6E61,0.3912376782587222
ID_41859335B5,0.1408700740777875
ID_A78496E023,0.002050950785250625
ID_6E852FBCEA,0.02493076249944408
ID_6D272FC255,0.9302408774786687
ID_8DC9788CD7,0.10304241068871203
ID_53C09774C0,0.011168954736184233
ID_41EE223C52,0.002
ID_465EF2D378,0.14097024511733242
ID_D4BFD1AEEB,0.01228156993160197
ID_C7F09FC8FC,0.3947760083616283
ID_9F07739E23,0.08283522206804228
ID_7B8B272A87,0.5058695943935779
ID_237C2A674B,0.05672477131552708
ID_2B3DB68376,0.06454954848351395
ID_4D6D366E39,0.006750044685423499
ID_DF2967645F,0.3951361671725763
ID_B5F4BD6895,0.3991587569132438
ID_6C6D55115C,0.038757276757849124
ID_2427E093AE,0.002
ID_3EE2702CBE,0.06593455595681073
ID_39145AEBFD,0.9564985476991607
ID_3A2819929A,0.02789796281279017
ID_0F115AF345,0.5057649899427206
ID_180FFA6C85,0.009314757517971138
ID_BC68DD3A9B,0.2941222545573574
ID_187F5EB4B9,0.005738052750359731
ID_C60CC00FC4,0.04348927317866187
ID_5C71A84B9F,0.0756784320672933
ID_A888A8C1C5,0.044962637988143844
ID_18057C2AA9,0.011618118062172502
ID_CE17169BCC,0.002
ID_9DDC256678,0.048542823996093845
ID_7770FE11EA,0.21225386540858152
ID_B003BB9B01,0.0746295905293008
ID_985944A377,0.03976309976418302
ID_6FCBC53707,0.008042800633834179
ID_6C4558FDB3,0.11631136652132817
ID_760386FF25,0.0069888062663124315
ID_B07E871414,0.2586469098050256
ID_33FE618519,0.006001919985536895
ID_9639BB312F,0.002
ID_387E5634ED,0.04480662348795219
ID_413EDCC5AC,0.022938953620989456
ID_F53D93BA0C,0.10633592614191636
ID_CB1054D630,0.09572665933824802
ID_CCE08526FF,0.02145614974047739
ID_44C65C063B,0.00458491767926406
ID_4DE5DAB39C,0.002554861750494906
ID_9DE1D7E7F1,0.01421618997505858
ID_DF5AB1CEDD,0.5745810958654156
ID_626D846A60,0.4659383649085512
ID_AA1D311DDF,0.027515136640514415
ID_C9A8BE8FE7,0.4185345002659802
ID_BFE19E24FB,0.00758979166109386
ID_44F98FDB12,0.002
ID_5E2A9D8BB6,0.0027389267240160503
ID_1B54E1B6EA,0.0052100765387081615
ID_08768C0723,0.04076681859178598
ID_505064A46F,0.012485745447879549
ID_0C57ED651F,0.002
ID_F46BC43502,0.6567173424567464
ID_D90E89586C,0.002
ID_9D3DBA2F2F,0.5239422832005999
ID_0FE0136284,0.178500397205279
ID_A39A8D77CD,0.2741763195201977
ID_071A9B394D,0.010285565957713882
ID_F117D280FD,0.002
ID_1C7C80D5C7,0.00319282311610428
ID_F451CABB22,0.2867636908306013
ID_7371C1899C,0.002
ID_806698C184,0.01545599128377806
ID_C5640EB3B9,0.02029043963865056
ID_CF5D84D8AB,0.0032767430406664476
ID_800A7DE493,0.004812714303902085
ID_E95B489CE6,0.8802240404293409
ID_B70403A77A,0.19547359411496823
ID_1AC5EAFB6D,0.028004449342027973
ID_C0D1044C78,0.00642383990311172
ID_CBFCDC94C5,0.11076955446191213
ID_82AF29E6F5,0.40163792918912944
ID_D9B1CDD4B9,0.011606487121794013
ID_C01F70B129,0.005869351305656472
ID_013685BDF3,0.002
ID_D4C2791A1F,0.6514751954936125
ID_5A9F1872B6,0.005609484884791761
ID_936E8A0578,0.002
ID_631718D687,0.632364525518738
ID_1DD56521AC,0.044507166403604366
ID_0DE0E56FED,0.30856186116706164
ID_1890D88F45,0.16087712621532
ID_75B6405421,0.004845629165434052
ID_81EC0EB7AD,0.12403259424445354
ID_6E1F242B3B,0.09285090750905742
ID_0F45DA2267,0.24292787731410004
ID_BED09BC9C4,0.41397804805512856
ID_3683414A1E,0.01394878710531457
ID_98BDC40C76,0.021515900340059218
ID_25B7A2511F,0.0027119948416648005
ID_0D5B699FBD,0.06022910024154725
ID_88C57085F7,0.28613252291165936
ID_C0A5D0BA8B,0.00704052923859683
ID_AC04199086,0.44767126955143766
ID_BC3E30A557,0.7725753768830209
ID_6CFEFE594F,0.004016640156683434
ID_9DBA8AA5E0,0.007440968949798274
ID_8AA165EB39,0.002
ID_60DA1BF9EB,0.02383203536945392
ID_4E4EF59768,0.20017892352120206
ID_08F8FA0DDC,0.022376067706298196
ID_B3D6ECC62D,0.002
ID_521FB24A0E,0.6980451109477872
ID_B6E7CE445F,0.1256037203594097
ID_998FF2D2A5,0.002
ID_84404C0390,0.27248381356155466
ID_E515BA9314,0.2526995895839215
ID_BBBC24E699,0.002
ID_7BC59B961B,0.002
ID_32D46469EF,0.02616497943653765
ID_8906731E88,0.006624010847853354
ID_CC9BC96507,0.006183406520674711
ID_35E187F2F7,0.046539619558537276
ID_BB7B131FB7,0.9972665644971628
ID_194A0D6355,0.6719743389175707
ID_EF5416A17D,0.134969100411149
ID_35FF69D195,0.4461900607847499
ID_2A6324F4A1,0.04660926193692123
ID_CB1F7DDC93,0.38181607867374356
ID_027E6B171B,0.140932584543054
ID_59A24BBED7,0.2672781205920966
ID_DB718DBCAB,0.133023767852787
ID_0FF234DA2B,0.08193861350266599
ID_B47CBEFFFA,0.9822358136375792
ID_73F771B43B,0.09785622175813856
ID_6868A1D8A6,0.007298793236050663
ID_AC63E872BF,0.012920224669516164
ID_E84D5A7DD5,0.2191051276310563
ID_B66DB6E171,0.002
ID_CEBBE8435B,0.002
ID_4D7123BC3B,0.002
ID_7F34AB1075,0.0067240322964254775
ID_B47DB27A0A,0.0036512900328320406
ID_32D79EFFB0,0.002
ID_EF81E1D271,0.002
ID_330C8659F2,0.02815856015866668
ID_926454F3B5,0.01803864402239264
ID_ED73BFD6BC,0.02307154159602877
ID_31ADB46B44,0.020669360916922435
ID_98CF7F924B,0.03501355293063961
ID_8A2D6B5A5F,0.01091490955924313
ID_18AA0EF601,0.006010413105241681
ID_6DE8AE3CE5,0.028889958267000988
ID_A2BE5100BD,0.018668318892944825
ID_2D63F1CC0C,0.22116889157641173
ID_93703C6974,0.2376257205103956
ID_F1334A38F9,0.9610135935340957
ID_75645782BF,0.07407806156126011
ID_99DBE45B38,0.6888539338663326
ID_13F6F87FC9,0.17317616474778547
ID_ADEDB5C69E,0.002
ID_74F31604DA,0.00593961220170043
ID_94B4729335,0.07122308392319791
ID_4FF7CBD90E,0.14589322978339223
ID_CB2A35DAF9,0.01121602616487712
ID_5E5FBA1C72,0.005626613574776396
ID_38F5FD11B4,0.0034434832353671518
ID_3398F9A02A,0.13191688739849944
ID_7A708AB581,0.023196404799783524
ID_232BE0679D,0.0569314877918129
ID_E116E296F0,0.2664766343613189
ID_60C4CF6F0A,0.002
ID_0F10F9BD16,0.002
ID_0887E8CFA7,0.006246483224476951
ID_B58F9DCB82,0.06144803504324599
ID_3D2C49DCDF,0.7456234286915915
ID_4D45E4C306,0.7135094671276279
ID_61EFAE3266,0.03508349609875985
ID_DA3B61879F,0.5073937016630311
ID_0ED7B36582,0.0693440180194103
ID_1A40032874,0.0028608213122469205
ID_EBDF556BC9,0.070210692448084
ID_451DC0212A,0.1258253208624471
ID_8729C6FACD,0.023125240964691894
ID_DEAB3D79C0,0.002
ID_C6C0E741E9,0.0027219668173387172
ID_7377401EB3,0.007426942944657618
ID_D4E7DA1AC3,0.0597476906573869
ID_0369369EA9,0.013602937695176112
ID_D4D363253C,0.01957036483144571
ID_33ED0D7D0B,0.09214051206409782
ID_913823D8EC,0.21229149880997047
ID_A6D3C832B8,0.9967827688953961
ID_821DCEC0FE,0.002
ID_82F5FEE2AA,0.37437022373837725
ID_C791A8983D,0.02395781107216086
ID_2FC877A495,0.025881648133363182
ID_B92CD0BB86,0.002
ID_AD813C5EED,0.1138989864369974
ID_2E638B3BDF,0.002919066655962783
ID_700A1D2A05,0.030338324682217855
ID_F84E566D2A,0.004689435839798536
ID_41DDDACF0B,0.0072695340743819436
ID_CF97674549,0.010109531807335833
ID_EB6D790570,0.12318200507124896
ID_592A2DE81D,0.03422069242961832
ID_AAE265E21D,0.004902880179968678
ID_1E4AFC6E64,0.09252588336800882
ID_0C3F119319,0.0067111946535544555
ID_36863E6362,0.014981159857431219
ID_B10063E3D9,0.34247240355703473
ID_F4FB41A1F7,0.013680541584858633
ID_187B409045,0.36215875621055554
ID_45ABF3A8D8,0.4312293246418083
ID_754427EAE6,0.14555634609626972
ID_5CE2C9DD10,0.4237900749029818
ID_8CFFCC73BD,0.002
ID_8484763E4D,0.002955041720728899
ID_170DDC738F,0.05090092102530106
ID_88FC59F67A,0.007538773668486358
ID_A93D4E48F7,0.061765684182663226
ID_F46607E707,0.002
ID_B643C3AF80,0.002
ID_37B32AD1D0,0.23232149495858767
ID_F48D7DD35A,0.10388951492801364
ID_752577B839,0.004667042346635581
ID_88A25C2434,0.013396232876033193
ID_690DBCFA9B,0.790456569997216
ID_05C8898EF7,0.24148398839566507
ID_BC88E92A6B,0.13071501451440812
ID_CF9C932F4E,0.36624239649786006
ID_DA840D48AD,0.5045828133294155
ID_4360EC600D,0.01129226710827473
ID_DF647CB6CC,0.005227947725085443
ID_15E353CB8F,0.07954598214747803
ID_7BB74C1B35,0.2389694107043115
ID_8D839F5481,0.8471487494778498
ID_BD67DA0DF8,0.15900778781434582
ID_A69CBAC4E5,0.0070127594129693275
ID_A881299283,0.0054857084868841005
ID_A70DCD5278,0.0020576601431394697
ID_E66EA9C648,0.8860303293191113
ID_CDB6194B91,0.0458942325378436
ID_579F6FBE88,0.6099311989822119
ID_574ABFE616,0.011698465371556216
ID_9283D2CF47,0.007816379985902198
ID_604C4FA72F,0.0028668882009090374
ID_89CE99DE52,0.010857615210356145
ID_396B18C5B8,0.0020468946067713346
ID_D6174C7494,0.002
ID_E077E1E1DC,0.013052943267680712
ID_DE3762D372,0.019211135243457977
ID_CE01F8BB2E,0.05338209832678912
ID_361597D763,0.32376019330107464
ID_A562584756,0.0888003484072987
ID_3BA84FE738,0.06850764645755818
ID_66EA2CAD9B,0.3643192466998935
ID_F58471EDB1,0.005023907035487531
ID_D61BF9DEDF,0.002
ID_6BA5C082C2,0.006578708077712598
ID_D3F46BFB18,0.5807629721905123
ID_3AF6685FB6,0.027790712339098196
ID_B9320A5681,0.07223195161413626
ID_01A397FD97,0.208056097643411
ID_2B22416248,0.0065228949151820426
ID_97C75924B2,0.022368077263853745
ID_34261949FD,0.9897306335350206
ID_352E17CFFB,0.003360441352886749
ID_B128DE812B,0.37015889120366235
ID_487C5A4319,0.2768453174129269
ID_81A24A8A25,0.007281443257994473
ID_8847C6F23B,0.015675283421762016
ID_E619EFA2E3,0.009665231362373967
ID_90D3D58B33,0.002
ID_B0A92DCFD7,0.002915803788093197
ID_EAD9BD4EAD,0.0032562015547460943
ID_77DED50654,0.2728312385998063
ID_AB44703456,0.21675349752818743
ID_950CD5E0ED,0.028418612358494036
ID_05DE506FC8,0.006763106554812495
ID_BF25521FC0,0.005382570257819296
ID_39AC574AA9,0.6150370012047922
ID_A6C4112611,0.0475138651090252
ID_764D711984,0.008121020810094899
ID_E4685CB0EF,0.002
ID_0F0021ED3A,0.010859060272748432
ID_8D7AD48359,0.10557799258153455
ID_16F16183AE,0.6516661781413375
ID_3D183A4DB4,0.0027712448891261563
ID_7D8BE9BE71,0.13243432505453792
ID_8687CE516B,0.023261366076601796
ID_48FE49E7ED,0.3865389607706235
ID_FD2F2A4A51,0.00844250912913901
ID_0A50E6324A,0.09056910283479573
ID_4B3CA02A16,0.1402517673251541
ID_EB5B0D195B,0.0564488378601091
ID_F7F9B4DCEF,0.7657392778711725
ID_970AD31B8A,0.005229387342614538
ID_3361A18214,0.031453096775168304
ID_0A3F83268C,0.002
ID_569649496A,0.002
ID_BDBA893109,0.016718971311624586
ID_4A726BC15F,0.06754719039919507
ID_136BE687C6,0.05302174462655663
ID_711FE910AA,0.011838966813648724
ID_99E179478C,0.1808643126795996
ID_6F2E93D67E,0.016638928142702097
ID_78A74FA831,0.03876934456292558
ID_7F4E0E3236,0.0069807033848766995
ID_23B1B4635F,0.3818581272978071
ID_66224E6EE8,0.3958027769723719
ID_C6CBA70FD6,0.011373364465778116
ID_621E3A6629,0.03941161305994156
ID_6306A4C4B7,0.022848667234157103
ID_E8388569B5,0.02510436631021391
ID_F96C2E3F86,0.1346338252888367
ID_44C6079C1B,0.002
ID_58BAF3268C,0.04991874768160368
ID_AA5144C47E,0.01175386654640518
ID_CEC0FB417F,0.2574451722087738
ID_415A34B214,0.42273633518777637
ID_9D1599AC8E,0.9483899230178244
ID_17D84CD9CA,0.1684450243302615
ID_BF235B1F4D,0.011687021036982015
ID_01D1AD7A74,0.0027801404309372862
ID_6C2486A6CE,0.01886865137888234
ID_EB9BB15063,0.3921838486139688
ID_0659525F0C,0.4469012847059301
ID_A5863E8845,0.09284329574416142
ID_F449EA8164,0.0348644858000947
ID_B385EA1E87,0.011532163956527921
ID_29540BBF20,0.006890988540180098
ID_A32F6FA642,0.006597621656702666
ID_2CF98F2AF8,0.07781097284785962
ID_4777E74DE5,0.9266826505846099
ID_BA3621BD89,0.007754101169657287
ID_20315BD70E,0.007194586593999228
ID_55D70D5DA0,0.0020223323937772174
ID_99982CE366,0.00845638262834408
ID_DC2C9FDA87,0.006362744315703396
ID_5F26161C2B,0.002
ID_060B469655,0.006242961728669635
ID_23661C9ADC,0.006413498298471247
ID_89348C9E0F,0.002
ID_A8A8CAB3AC,0.008976245074781451
ID_1070770F52,0.006026834964436617
ID_F7419BE082,0.003831656294631695
ID_560333F36C,0.008481024228368179
ID_48F18115E8,0.014188403003384321
ID_130CF343A0,0.006248187281768983
ID_061EF16080,0.002
ID_A1B7F621B9,0.36018576966168614
ID_0C87735D0C,0.004311871209527015
ID_59215B5ABB,0.7913001613275965
ID_AACBB67B53,0.1527689666701066
ID_2DB2EC6E87,0.8886531500693156
ID_4C45D1A442,0.014071857050870546
ID_AE73AF213D,0.017059336835644954
ID_5E505B18DE,0.012920978364119427
ID_099DD287E3,0.6540289174197538
ID_33F6076487,0.9663620228578318
ID_53D3F427E4,0.30526828061443273
ID_0316179941,0.002
ID_E64BAA102B,0.9917085580350377
ID_7A5E1D7F29,0.006109626640521584
ID_2D54286DFF,0.8308316653581271
ID_748646F788,0.3362129354410001
ID_700DCA2998,0.02142811286553061
ID_2A8C858C37,0.3470209369006223
ID_C9D1A843C8,0.4787440569097555
ID_767A0339B7,0.031615825179319705
ID_84D333107A,0.30095648361630195
ID_D1AE0BB695,0.782342550143536
ID_A54EA8E83C,0.005550973226315254
ID_4DBC1161CE,0.48349937138269145
ID_75350446DC,0.01988871303656024
ID_E5ECABEAD1,0.008222179677808828
ID_F5AF561DB8,0.002
ID_3CE1C60B20,0.21681617228749317
ID_8D4C66A3E8,0.0033110140214120272
ID_7BA4099AB1,0.0035546714684634552
ID_6A27BCAB5F,0.6235891260917972
ID_37FA07768B,0.02654491592950764
ID_336F7B9ECB,0.0026934943940645512
ID_A6A204D69A,0.924628310095641
ID_5157F48BF5,0.004952539099635858
ID_2CF8BF46B7,0.007876050925698154
ID_34A4114CE5,0.26664947257952504
ID_980C15C5E0,0.2825738312392796
ID_D63277411E,0.02285000555453858
ID_DE543A0287,0.011683653609048984
ID_DC6C28A389,0.005023768138639341
ID_54D10E8317,0.04244237787367813
ID_DEEF149FC7,0.987741300896803
ID_1ABBA10B40,0.2394004441879259
ID_6F489CF6D4,0.263261969638266
ID_EB6425943E,0.16849548274199566
ID_BFC6DC28AC,0.0029550109506816893
ID_C3D45E6712,0.010748633698890044
ID_712801B573,0.0026990618085569818
ID_6B0FC2829E,0.006450570541900663
ID_F7DEA22EE0,0.011964214237620938
ID_AF2FE5CD42,0.04238312883743132
ID_D273DD1EE3,0.15704133880926122
ID_CAA0173633,0.12781826027957838
ID_7BAB8643C9,0.993502285673078
ID_D4ADFBFCB7,0.023487793502373188
ID_17CC5BED3C,0.002
ID_CCE81E0C00,0.004868721123844813
ID_4C6C2E86DC,0.002
ID_BEC42C3A1C,0.002
ID_50F932CB7B,0.044833175897575586
ID_D57FC264FF,0.002
ID_B805FE84E8,0.0051718122566380325
ID_13C72C0BC4,0.6131958657347034
ID_62B5E76CEA,0.002
ID_788E6D1F9B,0.5223483657486271
ID_10C94073E9,0.22303815585925507
ID_174C176602,0.12981689043491493
ID_7F16D92595,0.04564451663103378
ID_25D53D4AB2,0.07255742142951972
ID_AA863A06F9,0.004907889074602025
ID_CDD4F630E0,0.12132336841658564
ID_DFE89619F5,0.03777259308745485
ID_7F919AA96B,0.007262886697268733
ID_3A8A3482CE,0.0026200649707881375
ID_303B61382E,0.02047284705321829
ID_A8DDA76694,0.9117264219742658
ID_807859A478,0.019038804986946416
ID_7C27844B03,0.4456577692152524
ID_15E674142B,0.02603833191600365
ID_066F88D784,0.09205888131569981
ID_F5AA4DC4B7,0.002342965412183685
ID_F77576204C,0.004717267102238288
ID_D187C501A5,0.46344601018170006
ID_60C68E2F0B,0.9908561213329065
ID_2EA093F0B8,0.022667678564181847
ID_DFBF42E84C,0.0022485938015086894
ID_8235378CEC,0.546976391194009
ID_12D1EF6A51,0.0858361390686371
ID_CFE6DACDC5,0.006524746572314735
ID_248E96F8A2,0.018141142675710254
ID_4B972604CA,0.002
ID_2C0E06AB05,0.053605001908551095
ID_D0781EDF60,0.5868338979092736
ID_5021DB8AEC,0.7289326396344703
ID_B39351AF4E,0.09456533985147933
ID_CFF4B0827C,0.7728511635850439
ID_D27813AFD6,0.9086054780273902
ID_D429BBC5AD,0.04650396117874586
ID_608A3A7D81,0.011647157957867475
ID_686178D345,0.44243888048676094
ID_C2C7392FB6,0.022497647463634984
ID_9DA6EE0678,0.9944604232607902
ID_A25954CD60,0.014834521619655601
ID_075343D308,0.007652680370481519
ID_CE74C68FC5,0.04352936996317268
ID_87C0B8B534,0.006120999617789007
ID_F28B2F4B52,0.050700087430210844
ID_7F7FAD1F32,0.03719087904534317
ID_279DE9A9C5,0.012219907012088426
ID_A9BB7C7409,0.5857980560285045
ID_5D5DF94C33,0.04474873161076035
ID_06D9E75779,0.002
ID_DB7C7EB563,0.05615601042460927
ID_27A9307E4E,0.002
ID_2A3232769A,0.002
ID_DC652DFF6E,0.006438265506056138
ID_1FE693B59C,0.4716844537595493
ID_FDB206C8F3,0.09229567652025682
ID_992078423C,0.04640058078773685
ID_89F7FE2E62,0.5019251639290584
ID_37BFCADABE,0.006748195371853132
ID_E896273BD7,0.002
ID_868552ABBE,0.5540586936975285
ID_D83585422B,0.16120766406485557
ID_60B4899F07,0.8675443293045775
ID_334CF667F4,0.49035157405043484
ID_D412B75EEB,0.012677399708845861
ID_88BE091F5E,0.04194762677827248
ID_BFBA0268AC,0.24139515752977006
ID_591ADB5C83,0.05379466702308521
ID_B57E57F743,0.006982241698201226
ID_BA9A686F7F,0.4234934082821872
ID_2B6E6F2930,0.9238461892453009
ID_66DD87D3D4,0.006527255838758429
ID_F7F9AE8D38,0.0036198565243439986
ID_E4918EB003,0.09930451248423786
ID_A036E61CF4,0.002
ID_4E74BEDCC3,0.07383366348208524
ID_949C9E5FB7,0.04098677591099883
ID_2FE104639D,0.002
ID_6EEFDD9E1F,0.002
ID_5A5D51923C,0.3016588939257411
ID_F7E684F5DA,0.03801220433140383
ID_937B8ACAD0,0.008994464670835723
ID_BD78FD8E04,0.8570268230895409
ID_B7297CC86E,0.002
ID_1E3F674D08,0.0030020135914733182
ID_C2AB1DC8E3,0.639991956136261
ID_1AC25A899E,0.006023290241277844
ID_E215BFCDCD,0.002
ID_2D4C8BCC1F,0.0068375342080943475
ID_4B3F5F59B2,0.09651429102178197
ID_90309A245A,0.01092052547624625
ID_A0211F2979,0.22791286812225883
ID_B6EDC3590A,0.023676280847915777
ID_96B111AB03,0.13187866354003627
ID_5D7E372C4F,0.08313515327394291
ID_FF3754B9D5,0.06278912634521054
ID_9F96D4515F,0.22080300508416398
ID_48BE2E8A7E,0.0063408848165849374
ID_95D785664D,0.7490638948214392
ID_45CA561D85,0.04864658994634304
ID_AC307208EF,0.08919018567182237
ID_53DC36EFE3,0.21008233075562027
ID_EEB5984916,0.25544959625707603
ID_6A81E35A79,0.4926471065952216
ID_7DDF2CB3F8,0.160247916061736
ID_E7E9B59095,0.516096422300238
ID_345E2F4DF9,0.015340247743682672
ID_33967B9DA3,0.06325490590041108
ID_01BC53E2D4,0.5033306252853046
ID_F98AEA7260,0.006928991322885933
ID_37120C71B3,0.04761054701156807
ID_4BC3755758,0.025166789730424154
ID_E8024BE503,0.21649780000480376
ID_AFD05B2A66,0.27236009046057896
ID_4412BF5D3E,0.843241772413134
ID_8826DEE2CF,0.06101355153622475
ID_D7C6591D7D,0.4618112699623992
ID_F9A02873FE,0.01213123798076214
ID_61E61F7817,0.9971504241322163
ID_56D98DC57C,0.15621065867591774
ID_AE2AC933FF,0.0028997851321601923
ID_D2AE641CF5,0.9966260393548645
ID_BEFF72C7A9,0.9292564984734094
ID_3E7EE9D7CD,0.01903343774848682
ID_F723AAB965,0.08588692806131533
ID_541AC80B6F,0.08550362315523247
ID_A477849AE5,0.9921763856293065
ID_5D429A96A7,0.282650872523979
ID_A93BEAE5A7,0.2821208659780711
ID_B843EE8EA1,0.5173663586880635
ID_D71192D842,0.15944771889751144
ID_9D5E79F1A2,0.012871425803024451
ID_097C5F1973,0.09411314467381485
ID_525DDD8E7E,0.007758235094978655
ID_7CB9F32E62,0.007274999745205456
ID_0905F0BAA6,0.09888269679698414
ID_BC0B0520C7,0.27704487336417977
ID_CDA5864D68,0.002809918492161887
ID_1019196ECC,0.8658412794600426
ID_5C06917482,0.04865682399767122
ID_29026D41D5,0.03461119834723156
ID_C5CEE8A0A7,0.07327922990750475
ID_AB249BB193,0.8018238451382722
ID_D7D3D64394,0.006487078541004792
ID_0FD80AF43C,0.05000841789813497
ID_F9FFC4599A,0.0022329755856538326
ID_5393FD19D5,0.65325064807988
ID_CB56ED13D8,0.002
ID_E8F0461D11,0.09613782777730993
ID_3F5B70B694,0.004171645086401192
ID_F8D6D81EDF,0.00624508673837369
ID_3C018BAD02,0.002
ID_F589592BBE,0.009755317857133875
ID_EC6E4B101E,0.916383437387086
ID_B91F41EAD1,0.051805321520528615
ID_53C1FBAA15,0.26767576975605945
ID_B518ADFF08,0.06143028571331839
ID_795B18235F,0.0020749751882994448
ID_FEE97006C2,0.02171003866235784
ID_0B96AF19A7,0.8854522130081646
ID_CAB448E214,0.0026171690203418713
ID_98074D276A,0.002
ID_4BBA667010,0.002
ID_0E04A5AB1C,0.08206934327027013
ID_4CA39E3F9F,0.21560134534104528
ID_995E75C9EE,0.1965112833026685
ID_E689E0F7A8,0.27605413659170475
ID_5A73AC65BB,0.3657795735850878
ID_91081FC117,0.4586201737780095
ID_8B70B7A909,0.008351999452150158
ID_5AD6C9B18A,0.2558325394098857
ID_5F1FA0BF0C,0.019649380710086185
ID_F7A4175D26,0.012641319941126609
ID_5F2ECCF944,0.002
ID_742496718B,0.42494379336978927
ID_7061C1CF52,0.9584058345903256
ID_36EFCD56B3,0.048843570038637533
ID_78FFBE6DA8,0.4559388664300728
ID_A0AB87EF7D,0.0025840881702044616
ID_8371B880ED,0.4833061215619311
ID_C7964B2408,0.22166388226453368
ID_6650B444CF,0.9912452733840378
ID_761E3B0CA0,0.0072696453490096
ID_E7894D3843,0.2875605071579839
ID_BF0AE2ECA8,0.05743178835318743
ID_4B5F03D605,0.024387266848639663
ID_86DC92F670,0.2149411570042308
ID_F90123507D,0.002
ID_5469265E50,0.0030077721551258567
ID_00790561CD,0.13139899721620765
ID_AAF81FC8CB,0.04479463281315274
ID_F54A19B9CC,0.010465378147971627
ID_9C2318FAF1,0.26889006878377997
ID_CFE3067E53,0.004746787516045734
ID_764075330A,0.26598518478382627
ID_C984A9A1A4,0.02453981965735862
ID_F948CAE351,0.9907952555484889
ID_5F3385EE8D,0.16754871266850796
ID_AEDCB56DCF,0.8159148550316442
ID_0577BC0A4D,0.36713270302687484
ID_3CABC6580B,0.2831044685538902
ID_0C3863BB94,0.008165861129384838
ID_18FDD302D9,0.06540005707122887
ID_2703E33590,0.002
ID_E46B693CB8,0.005751986075326401
ID_3D819A3EF5,0.002
ID_50A111617B,0.011526297319391863
ID_2990AB7274,0.16412698163150488
ID_F1E2BCCC9A,0.024187419817159942
ID_8D4CCFB734,0.014804726246909514
ID_8444B87B69,0.005945899706505372
ID_93C94EB93B,0.002
ID_69E7756B17,0.08298212215805785
ID_FD7616A148,0.23072107307381637
ID_D3429916BD,0.004991350571804019
ID_5821CE6CCF,0.07974442429873112
ID_079D01D548,0.3450241308455899
ID_DF9DC5F48F,0.002
ID_C33580F5D0,0.23543037090905264
ID_1291FE6A4F,0.002
ID_B87456BD84,0.09566108222710225
ID_A8D084556C,0.02587635991033818
ID_302D25CA55,0.4963624205512596
ID_383253CF6B,0.2252615887792492
ID_22E5738B9B,0.003368026589971807
ID_0894D3456F,0.002
ID_DBB7B13533,0.013315201155663946
ID_AB607707CB,0.022842563889014775
ID_567C89CD60,0.2280062455591554
ID_88A6B7AC81,0.20191764317093486
ID_106963DFE8,0.005738356840080407
ID_75018A1A3F,0.2121188570205868
ID_3EA902D48E,0.0675078324498161
ID_E63ED8FE8B,0.01678015363757647
ID_5CB287DCE9,0.17387606113339554
ID_D6BC821006,0.08475968492323392
ID_324278B506,0.03204168638225099
ID_B2D7E0C28D,0.007022888239875773
ID_F6D69B5A49,0.009782393834797367
ID_D1C46C8ED6,0.002
ID_C5125F1EDD,0.24444609190114938
ID_686C22C413,0.002
ID_2C59A79A89,0.036161238957262073
ID_463B170DF5,0.054916423068168005
ID_832294AE1B,0.7344062754744884
ID_A0B8026F78,0.002
ID_A83497E634,0.10904314358599806
ID_B666190CA4,0.0235123112584186
ID_AD9C082B82,0.047204891889184364
ID_4CDC09C760,0.002
ID_30BAA06B94,0.014404456511608089
ID_F534C75698,0.002
ID_5503ADACE7,0.025434263752807263
ID_EA17DC7CCC,0.015724333335080148
ID_09BFDD0850,0.021935589371909026
ID_8262CF70AB,0.227246484416428
ID_A8104914DA,0.2971794068080186
ID_9D6EB7EA3F,0.6876401550986675
ID_24A88D7B52,0.022321307511257382
ID_48395EF368,0.023165313490035398
ID_A7764A6E3D,0.3029369856903936
ID_4FF70F107F,0.04418259768525959
ID_43AE9551EB,0.005807723383366566
ID_6D9D656D13,0.08797150421366225
ID_5A19C007C4,0.016083521746006562
ID_1407861C3D,0.010162202409301007
ID_86B31281BB,0.434427943807446
ID_67EF7EA4A5,0.002
ID_24B138ECB8,0.062486447069020075
ID_9DF2D90DF0,0.6802130471684734
ID_9154F19AC0,0.014323351258266311
ID_E819716CC7,0.028899769142530136
ID_04EF68A064,0.019084615131909025
ID_D50D5A0B4E,0.0051884611528975515
ID_8077C65E65,0.024620507116344743
ID_0812A643E1,0.002
ID_C43013D57F,0.002
ID_5F07865CCB,0.09519992106952276
ID_38D37F47B7,0.021698302089238546
ID_F021DCCEEA,0.036051246584990405
ID_2C7DA6B03E,0.30632253868554277
ID_C59739D124,0.021256363546767337
ID_DB9B9AD5E6,0.020003318668895338
ID_B6B195B105,0.89032854718109
ID_58C4A0BF7E,0.0028533547891393613
ID_F535BBD7E4,0.1005066495801773
ID_259ED8EA6B,0.05550928834744682
ID_59DECE5B10,0.3439851222399458
ID_09C0C8658A,0.04990338126640985
ID_2CB0F42072,0.008585152112889407
ID_BE63DD2938,0.002820950341483434
ID_3FEA2009C0,0.09289933095971205
ID_5C590EEAC8,0.04263075403016659
ID_E0AADAFFF2,0.013243382525455963
ID_44D3832859,0.002354448774231338
ID_F36E36C590,0.2802734724077799
ID_B3FA4544FD,0.002
ID_C3DC1EEBD7,0.012370943975137539
ID_D686721566,0.012248801588553541
ID_C39E71B034,0.002
ID_FE88B8F827,0.12285895080320995
ID_E9C6D34611,0.5917908407618998
ID_D74014BEB7,0.016999497011412255
ID_73F615EDC8,0.006439968091639844
ID_A284A4649B,0.002
ID_0AA177672D,0.02906950354033916
ID_F3FA2733BF,0.0031337689160941262
ID_0E927D28A0,0.08339240165097983
ID_843830E8E0,0.05242868986618339
ID_15F5E3D6A9,0.12558835889638842
ID_524E8E4560,0.01738687909735219
ID_46E2A52883,0.0074594720693180044
ID_9C7AE287A3,0.002314601247912831
ID_B0216E5CA5,0.012574133415070283
ID_539892F75D,0.002779071471824485
ID_B932DB4172,0.01621004957972002
ID_4B4936016D,0.0022119131258124623
ID_DCA08F5883,0.29299933399709494
ID_26D42891B8,0.0034254375608857145
ID_26741980B8,0.0036835698970985645
ID_972B3AF728,0.978505149394482
ID_22AB3B9F20,0.002
ID_51A90D4C31,0.6437765283434123
ID_F1A36C1FCD,0.65891994707137
ID_FEDCE62798,0.41365399943443565
ID_59969ACECD,0.08618056862227991
ID_4623808AD0,0.1541913909587592
ID_13F234E82C,0.8992714365807786
ID_82CF41C04C,0.2889002790842067
ID_4AD521E36F,0.988747289718969
ID_8D79649736,0.23800669459765594
ID_A8299C3548,0.01633354795575285
ID_0CE1768597,0.008298897679446072
ID_FCBCBC2DF1,0.009887660998261348
ID_A088D688F4,0.005896252744947091
ID_4092DB57DB,0.007269746083192199
ID_3737644F76,0.24268042837081807
ID_9ADB52B81D,0.27494085682572006
ID_27CCE901F9,0.30192095411317205
ID_1FE82496BF,0.0034859912183789316
ID_814D0A95D6,0.6422118539220036
ID_86E2E2DB43,0.02592153020803016
ID_09D5DD5D72,0.015438715020841874
ID_D6D569F065,0.18136281004295024
ID_B8A19D8A70,0.01378979315336633
ID_A38CE91EFB,0.02542592458353656
ID_1B6722BB4E,0.043087815067560015
ID_C356111F2F,0.04493560548776843
ID_37C6FCD607,0.0070601598132876645
ID_143A86F3C2,0.3398587090029948
ID_AE078A08CF,0.01040898313449619
ID_99410179A7,0.8676952988025062
ID_ADC9C2AD28,0.002
ID_2EEFBB7899,0.0068004704675792985
ID_619B511008,0.21574990358586915
ID_EC5350A13A,0.010397052093605889
ID_4ACDDB5386,0.23570250324917247
ID_3AE2310495,0.0036692131001522152
ID_8EB1ADF2FD,0.011924958744912607
ID_2B23F2F69E,0.11203072980820136
ID_BEAEC01ECC,0.15261898726293993
ID_DB28E203D8,0.24848883367720964
ID_B0581DC2F5,0.19165491955877095
ID_E0B9C0B4AE,0.007482447773373064
ID_B429BF48CA,0.002798197575453671
ID_6435DA5697,0.00260347606803344
ID_3F0491D8DF,0.006728238963428201
ID_BDF43EDE4B,0.7720002154613704
ID_2CBF04CB71,0.0055816648205266745
ID_AAC967E1D7,0.38393026268109276
ID_82A62B8DA3,0.0029014789140039145
ID_1A72BA616A,0.7765834878077664
ID_636B1B92AF,0.9977102135374007
ID_377D594FAE,0.006976983927395196
ID_00FE8DF9AB,0.0864356316285557
ID_2EC6FE0A05,0.7653585153202385
ID_A6515323EB,0.0037170670761593307
ID_FC45207ACF,0.057485037933893667
ID_1638CF5DD0,0.06719222932656918
ID_70A07EF835,0.0070110106175278655
ID_D5097DFA7F,0.002788063116910901
ID_FD7A6A7D00,0.008751939187994362
ID_BCD89D7F8D,0.8374696972278278
ID_36FB0A4E82,0.007251456073681818
ID_6CB03F4FD3,0.26603928860600784
ID_EFAFF32211,0.023397072850137045
ID_34D402B315,0.05564637101984996
ID_C105A0CC40,0.09268491834192183
ID_4663470643,0.010968519578496242
ID_B0D098219C,0.9974292146875773
ID_863D28A8FA,0.06501044395203959
ID_66B7259D4A,0.08894847518759688
ID_684274B6BA,0.024646403966349085
ID_9140EEFFD9,0.28126177221623455
ID_C24581A76F,0.025034972952947723
ID_7D30F2E841,0.10832035884100258
ID_51B2D7C7F0,0.37353508581071015
ID_751E20DECE,0.3044973449660456
ID_40FA80C078,0.07808748081253954
ID_AE6B2C156C,0.011250413084491559
ID_A3C27336A0,0.01195521525192428
ID_184344CA9E,0.3703127829996441
ID_E45C5FE3F4,0.023001036728652162
ID_5855D3F796,0.00340422490641661
ID_1EFA44360E,0.1620512349940934
ID_DD797222A7,0.016362662959012623
ID_819435436B,0.08061693677790503
ID_7947F9993C,0.020906394605127075
ID_B1EF4BF409,0.20349402934445407
ID_5DC1FC9682,0.21241527953990672
ID_618BA13098,0.11673466084414072
ID_760F7D6507,0.1385209260312651
ID_00FF8265B6,0.012316393899652518
ID_ACB4B4245C,0.046621013162091815
ID_EA1972135D,0.012337867867867223
ID_A6B3EAFB3E,0.3377762118603027
ID_1DA236FF49,0.21535892821489575
ID_9A8726EC3E,0.3726017825635278
ID_FA5FEE6D2C,0.2993677344821016
ID_FFA8D10F76,0.421279350456524
ID_1997BDFBA7,0.6625828394497973
ID_BAC0EE52F9,0.01706956134820281
ID_0CCE4A25D1,0.10525910658555816
ID_CB3BA19D57,0.04124549028394744
ID_49C3EAD803,0.01793774723755167
ID_3AC0ABDE62,0.07611344016585068
ID_C50E6A9600,0.2193366346833235
ID_2A157534A2,0.7825626672153819
ID_8F9147BAA6,0.05110075904944759
ID_AFBA2D517E,0.018533001406985595
ID_41AF2D1213,0.10604432744122277
ID_E81CA5A261,0.08605943679794277
ID_54CD675038,0.16290027185916756
ID_770434BC17,0.012614825421814588
ID_0D64938220,0.9189353243102034
ID_8DC77BA42C,0.8711075455550453
ID_6D5DC82B78,0.012117632656779334
ID_9657867DAC,0.22862489675908312
ID_4640F4603E,0.018906218203661375
ID_ED2674E0E5,0.003103279191240676
ID_1C7B28A8DB,0.018883224844524725
ID_5AFF388246,0.20694005487132452
ID_90A2BA5A35,0.027448284183921375
ID_4976F054D7,0.002
ID_94733555D5,0.013279848902864514
ID_DD5B6393DA,0.13032644044580827
ID_724E0A184F,0.08598073820236944
ID_6447E8BA12,0.26377656835686597
ID_03AD14CF80,0.015349845382815815
ID_EB396694CD,0.002
ID_88AD0A1A44,0.022842228943701453
ID_50B04685A7,0.08816926248752134
ID_47862F6D4F,0.002
ID_691EC851A9,0.40220101134726255
ID_786CD36D8A,0.0076809892594630925
ID_AA65F2F625,0.002
ID_D4ADF3ED40,0.01216661821208296
ID_89D33D18B6,0.07159414340749108
ID_E256B190D8,0.07101904409509058
ID_AA55230FCA,0.004699302354628843
ID_E4C20394FD,0.010266076702147672
ID_A7D8048B7E,0.0150549434399337
ID_0C02C3C2E4,0.9743808494581622
ID_63252B4848,0.3162976145700927
ID_719B5BF28A,0.14801801982263874
ID_311A9D363C,0.0027519399217533808
ID_A85EB2D739,0.3922150058709299
ID_6A0DCA6EE3,0.009185176463979863
ID_83BC27F9D1,0.023940524647918106
ID_D2D02102A7,0.0021120011083028446
ID_443D690B6D,0.4230665620903027
ID_EB7B472D84,0.015237665128571045
ID_79C88FAD69,0.03408172416007204
ID_3DF42EB961,0.23537706310738732
ID_61AA43E0A0,0.04251279656234265
ID_BEA0DB630A,0.002
ID_7337FC6D57,0.03514753414125527
ID_0757C17E16,0.2984953842174687
ID_546E5F568D,0.004652278912577271
ID_D6FF86B7B1,0.06782213752166072
ID_4D7C1E4250,0.022245845423942364
ID_C27076DA01,0.002
ID_E85DF257A5,0.02508902286240797
ID_9441091622,0.015026175424002709
ID_3BAE76C8B0,0.011382112221547851
ID_0069FE7D47,0.0087565778310835
ID_0BAAF83793,0.06365358714893095
ID_9C517573F7,0.0966663858171669
ID_DB380F1A19,0.303548661747708
ID_EFFAFDFB44,0.007295997874808166
ID_7BF10CE87F,0.01885163189539673
ID_CDB6B78377,0.35451525226275293
ID_1E85D74124,0.005352949832539166
ID_3354DFD149,0.008599711494907401
ID_2134AC8937,0.07826990662926983
ID_CDAA84E5B1,0.19653034176458278
ID_34521374F4,0.12160010812343243
ID_E5C015B4D6,0.9104295997966904
ID_D0B745318D,0.002234412568096353
ID_409E99D2CE,0.05197151114917835
ID_94E1BEDDFF,0.0072366826677535655
ID_C2D91FE45C,0.016429861354588137
ID_508F99188A,0.011496594136040855
ID_5B66BD3B4B,0.05781370086896696
ID_3BE8B89204,0.011600413664610777
ID_026220014F,0.028940238598971362
ID_168C0C053C,0.03044843568942358
ID_2CD22132CE,0.011372789553437433
ID_8426817976,0.04812520756766992
ID_3BDAF11732,0.191155474767044
ID_5AFE18FD34,0.01706335886886265
ID_A084497F45,0.0034246734884304853
ID_8E00CDE8FA,0.006775308839197264
ID_0217203A98,0.757962305765847
ID_EA4320089E,0.03649430902026673
ID_449A4CB367,0.19474680836659553
ID_2F91C3AC9F,0.12095320290088286
ID_14DCFE5138,0.006110640746915981
ID_4ACA4DEE6F,0.002
ID_65ECAC997F,0.13463809036370794
ID_5FFCAB5DB4,0.012578615059163654
ID_5C5B5E56D5,0.002
ID_914E0300A2,0.002
ID_0303450C2A,0.024518640396048577
ID_835ABB15C3,0.09095397775822771
ID_217E4977D0,0.08979750468135927
ID_F16B88479E,0.0046104084804718705
ID_CC503CCDD8,0.00245297598817066
ID_8443A29BA2,0.002
ID_5C045295FF,0.002
ID_68EC2E3870,0.002
ID_9241C9CD29,0.00706384287206535
ID_30B96CEC89,0.4241271599420857
ID_1EB44F861B,0.10476899714158254
ID_9B259B610E,0.002
ID_8A794B80C7,0.01140803667149347
ID_95012EFFCE,0.588498807027618
ID_31FD5DE089,0.023186802893118506
ID_F47FA24AF3,0.1462338973162534
ID_F3A177A669,0.006635002148078108
ID_C976055B69,0.0065808462731107836
ID_8C590F2A97,0.013768918693768024
ID_7A67F3BB54,0.00467932963707201
ID_A94118D2C9,0.006822580730048205
ID_60F401D50A,0.02350130522120075
ID_1C7DAE2677,0.9499612626840888
ID_0608350267,0.3984720340638185
ID_134D84AD8C,0.8397957411214225
ID_3CE0D184F4,0.1856155361657061
ID_51DB611101,0.06396217040774879
ID_3759AD5298,0.02110351908254008
ID_B764E89A62,0.06939525950154661
ID_F56195AE1B,0.06794912947263182
ID_2D7015CAF8,0.002
ID_C1C654EA7A,0.22271789034401737
ID_1D971E50CA,0.06276368999217984
ID_8D5202C0B0,0.3640253810102473
ID_F4AA89C763,0.002762281650212376
ID_EEC1A973EA,0.04688144583104692
ID_94AFBB1514,0.09636544988945353
ID_7E8B781A6D,0.0026744387808405466
ID_B729D84DAC,0.048868225610005665
ID_559EFC9AF5,0.05032375672016192
ID_DCC6103F88,0.08318995558909327
ID_0A441AFCB9,0.05867612093706692
ID_7E1ED8F9C7,0.011814369598126682
ID_C73F3B7BC8,0.5661982465990383
ID_0CFD6152C8,0.3497097093513003
ID_44392E8E29,0.026643387803130317
ID_C5E7B45C56,0.005349011875645092
ID_55448B0A15,0.010872496158663357
ID_8F3B90E4A7,0.07549749034871417
ID_91C488B2F8,0.6427089148443416
ID_1DB83B568A,0.034298752441848
ID_24BDD93B58,0.4048950960539706
ID_9FC2B41115,0.005932821772744595
ID_5C3BDF955D,0.027702560126418502
ID_67BB8C0683,0.002
ID_46AC85F414,0.006434588957138401
ID_649C7032FE,0.7807943919846985
ID_45540556D4,0.9937674544620868
ID_FAB07F595B,0.03731128850717336
ID_6D3F359C21,0.04623222281646882
ID_C0B97DC3A1,0.07917700842161095
ID_2231E19ACD,0.06715136054389063
ID_2523E690B9,0.08772706546717193
ID_5374D6E0C5,0.002
ID_E12065809A,0.002
ID_3891A73DC3,0.002
ID_3D31B10142,0.9937862225786663
ID_3EF2069BC8,0.2788174620376847
ID_FC6410CC91,0.006170443271482621
ID_33B46B357D,0.3492154761309039
ID_0D05283ED0,0.43876817724455563
ID_53F919765E,0.928856784682304
ID_A40B3BF02D,0.08141386686865665
ID_CFEFD8AE65,0.1261011430937352
ID_80DC4B6C9B,0.982729019263692
ID_D4F1BD0D46,0.7638352683835294
ID_298B80AF2B,0.07852083954107843
ID_2A6816E364,0.04766066993413127
ID_44AF353569,0.047198566533593986
ID_62042AC3F5,0.020053294092672147
ID_055AA442BA,0.5331571137078484
ID_43075F6CCF,0.0050844904881997876
ID_329DFD6A75,0.2819306818896089
ID_18B067588B,0.013569270319116044
ID_E2CC42F043,0.0022533903498304503
ID_1CB8E93B00,0.009394206396196151
ID_977EF05C63,0.02728280824873068
ID_5CA8190826,0.10251958020853799
ID_7FC8B3B465,0.006442823532850254
ID_8D013925B5,0.9622690729313952
ID_897CC93B7A,0.015052859812618887
ID_73772952CE,0.003938386955689772
ID_B21913E0CB,0.6435879892053824
ID_E675622B41,0.22626259026332968
ID_9FB1265AB9,0.03779249197720352
ID_E99DE511D7,0.05974917312741918
ID_339F83268A,0.002
ID_E6A8765C0D,0.006917823197283466
ID_13ADBD37FC,0.04020293479951086
ID_8557432F68,0.32743046441670065
ID_800DBD030F,0.0478746574600525
ID_E8F7CCDAFA,0.06613415024323128
ID_B95DED433C,0.013383118692893136
ID_DA68E301D5,0.014940156978943858
ID_0AFD56DFA5,0.16865741760470812
ID_77E23875C3,0.07979917098902822
ID_826384AD35,0.006913365314219486
ID_3D075FE536,0.14066044709615164
ID_350BE350D2,0.006607182949449526
ID_A4CE2EA5E3,0.017405450338440726
ID_0CD5146DB3,0.19052386232413332
ID_D1926A8895,0.02101058663129222
ID_35CACBD1A1,0.20427308509702746
ID_50B37E96CA,0.39065328141839234
ID_705B0A7A73,0.0075097967214201545
ID_0CEFB6A7B8,0.027253591448034253
ID_2F8834FAFB,0.0066543041862037276
ID_1C0363C8EF,0.07769803316640299
ID_84F83BD895,0.17173411780756012
ID_7926DCD520,0.002
ID_D9301D8AF3,0.033465855475638615
ID_7346DDF795,0.021988043460990325
ID_9D05D3059A,0.0480632653400263
ID_4ADD173CF8,0.057611797922287065
ID_54372DDF38,0.12664040447609967
ID_A57B70B9CA,0.1121050742161779
ID_D3D5A82956,0.013372098510276957
ID_9E6C867719,0.06454637114586291
ID_F9357E4222,0.1014230938095141
ID_E68C10FB21,0.34236351965810713
ID_260EC6C585,0.019015191835788384
ID_5EB6E64A3C,0.002
ID_7FABE86A09,0.002
ID_4D94E47CDF,0.029101685235897925
ID_BF74B9AE53,0.34828015937039375
ID_5EA0550957,0.01857190487551
ID_B5EEDE091E,0.07773130610196975
ID_394F44654D,0.06772647058971958
ID_11F2562781,0.9960382622632947
ID_528F5D3ABB,0.02925460415684404
ID_47A6870EC8,0.1433914685485246
ID_CA680E1479,0.007590103907503824
ID_D1858A1251,0.09480346048048022
ID_095B2D7768,0.07645635579291979
ID_2BE2413BF4,0.00994303866140588
ID_742A24AF2B,0.07476663915494634
ID_FA8B06FCD8,0.022385533305267317
ID_7989FBEBB7,0.09978021915333318
ID_C81F8A8280,0.006126297503976447
ID_D5ECDDB191,0.03142888836673991
ID_06DC952FD5,0.002
ID_52CEE65287,0.10110855024849853
ID_4F661E34DB,0.002445362630261667
ID_057190B964,0.9633703696783271
ID_213400214F,0.17730029719993504
ID_ACCD74AA90,0.002
ID_7C4FDF21D3,0.03220132477474623
ID_86219F844F,0.04753164823645704
ID_649A8D08D5,0.8977019480108065
ID_1B67DA1F3D,0.115629857917955
ID_AD0EF37743,0.06665606259640199
ID_E884C08C47,0.9042479755874301
ID_A00DD5E9E4,0.007028074172516678
ID_63B8FE7B8E,0.4143490565819757
ID_90AA2CD4ED,0.008722333103344745
ID_5A931318A3,0.002
ID_16B67C6A0A,0.148476411700355
ID_56C58E1E4A,0.94024619567452
ID_32817221E2,0.013332820211945783
ID_0DD4AA7E09,0.6811921872437805
ID_86D5DE88E2,0.5668373740703113
ID_7EE9E5C55D,0.11584163535390873
ID_8E27B0C6DC,0.6080753791551351
ID_9B9A13392D,0.05984658458710999
ID_ADFED4DC0A,0.05891990381569462
ID_C64988BB41,0.12789369992281308
ID_F25A1A4634,0.006332143011447632
ID_1CA9DC504D,0.01150651003248584
ID_762FE13F3E,0.42965052455341235
ID_FBDD4D7983,0.006715229429766522
ID_A31A9157B3,0.009194625323395086
ID_3437DB78B4,0.002
ID_B0D45842D1,0.06591526561353875
ID_0E03D46751,0.005573308227301311
ID_EDCE7B67C0,0.006124987076199438
ID_0A89E0F74B,0.002
ID_013CC31F16,0.39447062065405086
ID_E313A421AF,0.11206225234969554
ID_4C33F0CB07,0.00790849042364077
ID_DD14BA433F,0.002998432223038116
ID_3D4D0A21E7,0.07858160948889434
ID_A60210A020,0.9682597450214279
ID_5A0F585785,0.026854962779139197
ID_AF536F9C02,0.7231308359061687
ID_C4E639A97C,0.011899243430271442
ID_01C7CD25A0,0.011183333626799269
ID_E868E60307,0.0029104291323947106
ID_66A7C0926D,0.002
ID_67E73B985F,0.08755870895319645
ID_776D298B31,0.3416649355762431
ID_8B0747AAC2,0.017094009361318163
ID_2369D879D4,0.07762494691465054
ID_F6CB900024,0.00663070232341182
ID_8956ED2052,0.2657988505373434
ID_92B0366C5F,0.012021550089539725
ID_A8D5FAE82F,0.6097732350133974
ID_B77BC3E2EE,0.9821046428833171
ID_816A197325,0.003272676185199596
ID_3738AA497D,0.01503911780948659
ID_24EC7795F8,0.7828210257576196
ID_2F096DE127,0.13441134077210856
ID_BCCFF845A6,0.002
ID_893D6F0EDE,0.002
ID_6456EE4908,0.19986519202401354
ID_45B5D3EF04,0.09395660430528546
ID_9A25CCF995,0.002
ID_D3F6B5EACD,0.30188954024717235
ID_F650C72981,0.002
ID_9D5138CD15,0.14983518560027342
ID_25227768F1,0.5100067119347642
ID_97EA5970CF,0.01641802210778029
ID_F8E2DCE94E,0.05235103341806247
ID_29909F9AA1,0.006142230109508414
ID_29CB809C57,0.009527516808465966
ID_4F46177A04,0.08481644216719131
ID_C01B24D86B,0.002
ID_78FC819B94,0.002
ID_6C976ACED2,0.011507244896905624
ID_976FA2047B,0.13506133090754302
ID_4B969AEF06,0.009540831821553904
ID_02960226A1,0.09545819319504402
ID_EC58AF7DAB,0.1788903212849082
ID_228E6E4A8B,0.0065070980941729535
ID_918EECC08F,0.3286103292300936
ID_CEAAB8B2BC,0.7592636964002082
ID_8648660BDE,0.009925865187121614
ID_8AD82574B2,0.07862274200890056
ID_D6CE2024A2,0.0021915846548562707
ID_5B1AF5013A,0.29526948176539847
ID_5EAEC0ED94,0.22102286064304622
ID_652D8E3443,0.007006931072976151
ID_CA3A74025B,0.12113997411923613
ID_34B0C78F6A,0.005193998379673273
ID_F9569302CA,0.022411238890947125
ID_9FEC220F74,0.004683088863913505
ID_53F1F96DF3,0.11389924978694047
ID_4C0E0EB6DC,0.7676082676196392
ID_E78FF5F471,0.1578903903719393
ID_029EFD51CD,0.2784249324016125
ID_0FC09AF8C2,0.0022732980815299356
ID_6E202C6677,0.002
ID_0923AE4026,0.002
ID_DFBACF8932,0.04956590038051134
ID_2CC7472AD5,0.09821087461443592
ID_2160ECB9F4,0.19014455519453602
ID_513088FE41,0.006744233511526878
ID_9949543383,0.06428067356821826
ID_16D4012CF1,0.007564485891263022
ID_69E6CEE45B,0.102246703469961
ID_AEA4D49946,0.006728830589908355
ID_6FA01B3467,0.005389446134042648
ID_84D15193A8,0.09578537764540763
ID_02AE6E6863,0.012954579560111933
ID_4934CA6947,0.002
ID_7FBA984088,0.017287953879419306
ID_01DAE1E4F4,0.1316520780092542
ID_D5051E2563,0.018036770701848164
ID_302C026643,0.03577829819282679
ID_32F7E58D53,0.2771157072825957
ID_D2DFF522C8,0.029929556094559856
ID_16FFC58BE3,0.002
ID_FEE7A826BB,0.006151540475738843
ID_1F8E166E68,0.002
ID_2F9E640539,0.024363708036154716
ID_5AB5F2A220,0.037703919755257095
ID_F5A0306638,0.004559121772552206
ID_3CE938CBF6,0.012449503373499522
ID_E50F1A2F6F,0.16214374732618675
ID_3343D0DB90,0.0043724561449653
ID_5FB4536CE7,0.005167627542638986
ID_D1108EC730,0.23666082014760673
ID_0EEA2EA0E8,0.006402699814683283
ID_8942B6BB0F,0.9393004920375724
ID_4B89EC96B1,0.002
ID_1634E0A2DE,0.1808334667789737
ID_FE58EBBC7D,0.01051660527789117
ID_D61F747329,0.04254940246760279
ID_1ADB59E6C4,0.009984686287018273
ID_5AA37A9C46,0.28708309264277476
ID_9780612A23,0.16877556818286857
ID_A1BB256370,0.009015347204006423
ID_66AF0EB930,0.22434517270413248
ID_B996B13F7E,0.002
ID_26E19ED0CC,0.02845454345367992
ID_8229A6E099,0.011442494699608797
ID_FCCF33C961,0.14199003374844282
ID_E21092E391,0.3140146908862534
ID_B391B6BD60,0.01527025877321264
ID_2E125781A4,0.011329553408230993
ID_C2993AF422,0.002
ID_334E803F30,0.007316275013184534
ID_925E59A972,0.003762970333492324
ID_B242DDDB12,0.10767713075984806
ID_1D7454FAD6,0.06041422580714858
ID_0221B1AD53,0.1372840937895552
ID_6989C04755,0.4857209917545628
ID_8F3F2C7BC4,0.6567657160219041
ID_E6636C5209,0.043306462350040445
ID_F980186FC0,0.13809141113331877
ID_35A46D63D7,0.01332273760855918
ID_5A8FFD2B54,0.6919441863705891
ID_5CBD61BCD6,0.013074534122057677
ID_045D278E6C,0.011023945536514444
ID_84EF6EEAA6,0.13245177699729374
ID_23AA851BC6,0.007094159914830338
ID_0343DC0471,0.4762319664471037
ID_5A8210DAB3,0.006189028744597513
ID_3AAD2ECD38,0.024292539888966878
ID_9804E5D700,0.011818418066769094
ID_A3F3DEB73D,0.041989437178129696
ID_F2D4ECB94A,0.04887028395374274
ID_A707B9BBCB,0.08903601898306988
ID_291E58A0E3,0.026418898053328026
ID_8EF294A00A,0.10791467788230401
ID_432553FD14,0.02486888710071536
ID_977B8BCE86,0.2621988361840412
ID_63DE1419D7,0.01167287627455017
ID_C243ED7369,0.003923388042619935
ID_6D4AF71050,0.002
ID_30359B43A4,0.20579119013059016
ID_BB037C3F8B,0.025550432478405855
ID_B5AA3BC098,0.0552213805652302
ID_E392DDA67F,0.002
ID_19C0C3D7A6,0.002
ID_8E0286EEC6,0.002
ID_C6A59FF8D7,0.9134901436220492
ID_BA2AF7E45A,0.6427350641713155
ID_941716299B,0.5789879794249301
ID_B01636CF78,0.014957253422689571
ID_91002B45AA,0.002
ID_A1DCAD0FA1,0.2623871582836769
ID_641565A249,0.3168439818768311
ID_C32B203C60,0.002206221655632005
ID_6DCEC57E2C,0.1894265658348677
ID_157600DC1B,0.9144899357116576
ID_C68B30C13F,0.0025386222096836523
ID_90792B027B,0.0274398141949229
ID_A0082E0E03,0.007029536703820167
ID_60CED8FD97,0.35099332668613825
ID_79EC0D544E,0.9768912023468929
ID_3D58D30F72,0.020362656392194287
ID_4EEAE36C7A,0.0032165485372621866
ID_BC29149320,0.002
ID_5AD852B2EE,0.3623179282161527
ID_3BEBA249A2,0.05632346766027
ID_B94B947A6E,0.07241596052068008
ID_834B33F852,0.9860538197110866
ID_797B7C1A95,0.26849188955127523
ID_EBE4AC5D9C,0.10214682672590988
ID_11006700C6,0.1042456082809939
ID_8CF5EF90CF,0.0064651703522427845
ID_6346D51F82,0.8994453810404681
ID_23428B7145,0.021258734228252495
ID_A5A07BF692,0.008693656149817952
ID_E4693F1694,0.7983973257656197
ID_ED5804C896,0.02248159037444858
ID_177A3A65C4,0.4157251746354148
ID_65CDFFB8E8,0.010691727343098792
ID_766891AD08,0.23292024201221376
ID_BE49F8C8AB,0.14622199331113808
ID_0B9EBAF1FB,0.01963566107640133
ID_CF4E8424C9,0.4044113748182772
ID_A723235B64,0.019476393228052686
ID_0757295A36,0.002
ID_DF906E9A9B,0.04803527722209541
ID_B8C1659BCD,0.0026425693161744672
ID_4A7CC95571,0.004786153170768574
ID_3D51A9B886,0.002
ID_1E21F1EF99,0.3608732823508741
ID_8AE65690BD,0.593802657843826
ID_4F50988B4D,0.017264682623030145
ID_18CC04678B,0.05304241739517942
ID_C584B6FE45,0.11433248876364258
ID_2430EC6B41,0.0032991877584258476
ID_0098AC6578,0.005722680060218774
ID_70134FDF01,0.002170260774073951
ID_9F3A395206,0.01806032414346101
ID_37104D06F8,0.5355303497469353
ID_F72263DF04,0.15711507504231623
ID_19DB6A43FA,0.17708713033783544
ID_3255602C7F,0.006920499073225447
ID_F089BCEF22,0.2779091123604917
ID_4466609881,0.015344189843084539
ID_DE95543D1F,0.06314864646072603
ID_A0C09BB49B,0.20725506994213472
ID_5B17D39188,0.006545978854278739
ID_1A30EF6CB7,0.007501844214789456
ID_08B871FAC6,0.01928218416243388
ID_E98F4E2C13,0.031082806601714433
ID_BE67DAF0FB,0.0020143558289278697
ID_9C39D9B3D4,0.09035476850991216
ID_4F4C419E0F,0.002
ID_921CCC5F3A,0.09032876552709702
ID_F8675349D0,0.002
ID_034C2BE666,0.002
ID_A8E705AF68,0.0679250463765976
ID_7E5738EC57,0.036452034057165565
ID_6A6005849A,0.20753527644730155
ID_524FAEDB11,0.06716288273789399
ID_096D5C7497,0.9973796094540663
ID_32F0F41728,0.020572346893192324
ID_1E65596FD8,0.213534782365249
ID_51CDB50A5B,0.006896581969795201
ID_9D167363AA,0.0063154808825765804
ID_3F385F126C,0.007104134998440732
ID_2441A953BE,0.020872112341567564
ID_7F84CA486D,0.08767650695297569
ID_ADC97DCD2F,0.03638859058946917
ID_07068D806F,0.8866241316103082
ID_0492FB9F41,0.008047742038537154
ID_8529F36CC0,0.8723992859106044
ID_B88F2467EE,0.0036412176940966326
ID_75F7FFE930,0.7134989438696668
ID_6E51298D53,0.4169940519920019
ID_C59D2990CB,0.0032636883509029675
ID_5AD074180D,0.09829902591116577
ID_75B839FD10,0.02786506895217032
ID_3718AB7C5A,0.17679144006959818
ID_60A524065D,0.28937046894716123
ID_B7E2D9CE52,0.20077168352087252
ID_ED9335859C,0.6589319439119885
ID_0910DE7C73,0.022670073368006475
ID_24E178F2FE,0.7728398052168428
ID_41E460E7A4,0.7240840339001468
ID_26D5F6BB98,0.28806902020224373
ID_3594AC48B5,0.07291238892252087
ID_C53AD548DB,0.002
ID_8FEF9F4AB9,0.09488044674190085
ID_1AEFE41BC6,0.054059683292427434
ID_258CBED5DC,0.011744134280123154
ID_1C2D660606,0.13310064534261581
ID_0E429535E9,0.4262885094275078
ID_5ADCEA091C,0.005603283874422609
ID_6EDFF29FC5,0.07452422703907764
ID_3B1FBDF2E4,0.3673092679282042
ID_18A48A0951,0.031030426022799457
ID_66F70F0415,0.07276214489118199
ID_58FD76A90A,0.24072033608683546
ID_2502E17A29,0.006397949577067557
ID_CEB4438D34,0.260255311434686
ID_B5965609AC,0.14016840328360028
ID_9427E704B7,0.0066327498456296985
ID_22B7A9C6A9,0.013531658190531114
ID_BF23EF00FA,0.09042491223178159
ID_EA52C5D96F,0.26986256213703974
ID_CAD36519CF,0.002
ID_1C82E02B1E,0.08909082415095868
ID_C1DC5FDD3A,0.04127921884280466
ID_4F8883D789,0.12028469692895197
ID_069BE4CCA3,0.0029320157319017866
ID_80EFE834AD,0.2772340367417909
ID_F201529A42,0.08369782130364599
ID_6F8D9E8A19,0.08441765487881119
ID_62391DE788,0.12625841853916034
ID_10AE185CFB,0.0064755199502063866
ID_5D10608212,0.04766650561859734
ID_D1A07502D8,0.007856347149322413
ID_CF3E7AA041,0.02600102737252718
ID_3E43C3203C,0.002
ID_4EE0F498EA,0.002377050664277439
ID_9024AD2E9D,0.004115715892637863
ID_4DD336BB68,0.002
ID_E4C2765CA9,0.3718413429159869
ID_2CE0FBB8E0,0.02686845322610561
ID_6F6CEF031D,0.6970069774363961
ID_73DC217CDF,0.019349188243969993
ID_AF5A817B14,0.002
ID_D111D42EF8,0.0022853160942418035
ID_4CF1C2903C,0.0297420232796185
ID_BB9811D996,0.003134530865648534
ID_27FBF96DBA,0.15072046319342736
ID_37E47C77CE,0.0066612796658994606
ID_B86CE4AC36,0.015160765613064515
ID_CA50E02579,0.006100675945995307
ID_CDF5873D06,0.0035400502758372076
ID_0F8DA41DBA,0.02063312550615349
ID_869BFC3B54,0.014801602961239264
ID_141A5BF384,0.5996473320143487
ID_571523EB5F,0.04545154134533445
ID_DEC8FF3E51,0.02065742610060187
ID_FD37CFF6B2,0.0064902857197436685
ID_C65EDA3368,0.06722411872997724
ID_177C8CC7B2,0.4847144322171207
ID_4E69FF120C,0.01235997942549428
ID_5FB0D26B76,0.021923753503353682
ID_8050ABA1B4,0.005132278842254412
ID_79ABFF1015,0.2945094907629466
ID_14447E3620,0.1302173505218705
ID_1F2F463050,0.021635143512554023
ID_795D2FBE87,0.007709348184002192
ID_A5735C9C30,0.28497231611197504
ID_F613308F02,0.14630153066422147
ID_D265F467BA,0.04307095921446961
ID_389A40B5E8,0.059741030498352214
ID_8C3C120F89,0.21535902207714017
ID_E30CB019FC,0.010415656291587366
ID_4D02568B34,0.0037172711305747705
ID_43DBC9CC24,0.02428352680939217
ID_6FA17774B4,0.11885717793666123
ID_97EED9E0EE,0.48322587360587643
ID_1C934450E1,0.03263637072653906
ID_52D96C2649,0.008706994388928028
ID_74192359A2,0.029809029130272603
ID_04FEE07F41,0.0071794638937686655
ID_A413595C10,0.002
ID_10EBDFACB0,0.002767151954632669
ID_908144B348,0.0051194412566807615
ID_E246ECDC7E,0.09155245372211031
ID_6C468209F9,0.07468986943736688
ID_7EF024AB0E,0.99591463152307
ID_C8ADE38571,0.002
ID_0F614C21B7,0.09149707602138413
ID_83F1BCF392,0.16578013751958795
ID_786985D2F0,0.9974457974316733
ID_E21399B70D,0.022137067486918904
ID_20692DFC6B,0.5640019999279235
ID_D2C7995DA8,0.046119644841725
ID_B9B11D756C,0.0034303497782150125
ID_F244CF0A66,0.006784903420735623
ID_2B897E7AA5,0.08733614971242458
ID_4F4A43B8E6,0.01690678741154698
ID_302420385C,0.006127034158805406
ID_B609C22882,0.9942235564300145
ID_7B71C2914A,0.0027551450644398567
ID_C9E59F6780,0.002
ID_18F213E053,0.026346507405867605
ID_965C3152C0,0.058818037384566264
ID_C2DB6AF8CD,0.002
ID_51E92A1D4D,0.04317694495139795
ID_0E41F1D71C,0.06438039841737325
ID_EECD736FC6,0.07715534311495958
ID_69E58D0CD5,0.7945973416429717
ID_16D298ADCC,0.002
ID_8B602424AF,0.06316501739991572
ID_DCBC4F0C4E,0.012877341148299169
ID_F7AC0E494B,0.05133780479036807
ID_DA8719AA1F,0.5754166088222682
ID_80A4DFE3B2,0.002
ID_6B62858FDA,0.6408065269457098
ID_2FFD089998,0.24709386911263342
ID_E1C0088B51,0.6964438729847855
ID_27BAFF523F,0.37251518261851724
ID_97C3C54A09,0.0895202375833743
ID_E017EFFF51,0.022911373674963213
ID_8540B55DA7,0.14095298658162606
ID_D4B4ECE003,0.5743795589228516
ID_BBEE482385,0.022721854522117228
ID_C0A2182F63,0.09179984138098189
ID_0660272D32,0.2276945192779629
ID_4EBAB1F632,0.688101398053233
ID_FBEEA42B30,0.018808318212813323
ID_5BAADC07D8,0.002
ID_0E591F0A3C,0.006821788149234584
ID_F2E0D2F425,0.0074332434323130395
ID_C695F6DB6D,0.0022318568250448098
ID_05EEDAF852,0.002
ID_E51B300D4F,0.10715445838615525
ID_80B6578B34,0.005070804934597343
ID_9CEFC97F37,0.3516249939667404
ID_CDF9156A1C,0.011287923288588244
ID_D3694F1FDA,0.02117001203028258
ID_55AC2A1777,0.003197943699299879
ID_7156B6010F,0.008657650690256983
ID_0E5D95B2D1,0.22834563618554282
ID_8891E31983,0.006088465760837346
ID_C8D04B0122,0.0073614114968037995
ID_A94EE4D201,0.08553885026721188
ID_1049CBBCD8,0.03667386732125215
ID_D0CE22DFFB,0.06943870061088728
ID_5E1855D91E,0.787665382158134
ID_FE20AD6EAC,0.006038672354193276
ID_2AC5B71527,0.0036085568496838295
ID_1B1F234D38,0.10742725057824457
ID_5520D43D31,0.006877178629538604
ID_9E87CB0F49,0.004984632981868678
ID_51361C46BB,0.0034184442688183696
ID_DC1DD68FD2,0.9915470158637842
ID_7900740722,0.06624974350588468
ID_408AB18217,0.2150412838025156
ID_C3C8979DDD,0.01725785991710731
ID_07BA7914A8,0.12646487152280775
ID_3FD4AFF11D,0.002
ID_F3B0D9C1B4,0.09958668941963321
ID_DFA2F837BD,0.00930288536215203
ID_0F161F3E6A,0.4402816257411275
ID_892F212469,0.3924572667116016
ID_FB3AF82C03,0.002
ID_7081468CB5,0.004754144798231774
ID_933D73FF62,0.012338498588694917
ID_6E96D02FCC,0.7168637579880407
ID_952A62A419,0.21338353593293552
ID_3AB6BDD4FD,0.09898493190643771
ID_BB28C87406,0.044364415022252975
ID_95B3908B62,0.002
ID_F65320EB84,0.7684519845336019
ID_54F05DB1E6,0.014216743890312073
ID_AE0CFDBF46,0.007327597057463653
ID_BCA3D322D9,0.8801859157021947
ID_00614D2753,0.9966008948702039
ID_CEA66F957B,0.7603235243903306
ID_1B3011D72E,0.7104208333487675
ID_C5E7AB0C31,0.07134134648350528
ID_C784A30DD2,0.0024906804727507963
ID_D55E25ED73,0.2694618399434459
ID_FCA0B2FF4A,0.0684479176990449
ID_453AA65A8D,0.8964412465621484
ID_A378EA776C,0.08973522071260108
ID_9495C3B2EC,0.27886034926887376
ID_443E6A31B0,0.34902506845322373
ID_1564DDFB7F,0.002
ID_09DDEFBE68,0.0033525317119280588
ID_F9C7665E24,0.05751947723872563
ID_5A774533E1,0.4441448890193448
ID_B34EC2C264,0.011560266901512344
ID_4987510D00,0.15806255002570485
ID_BFB4631497,0.058611559067578534
ID_9D3D668FF9,0.22974780997183442
ID_4C391CA380,0.007174922103097736
ID_786BE89F5A,0.0039680140013616085
ID_CCB42496A5,0.018328339996598424
ID_1EB3DF1BED,0.07508946715122472
ID_E9BD093124,0.006805402741274138
ID_E2D30B073E,0.15427427562304563
ID_A47B70CB89,0.06489216139765173
ID_6A8FFEDC46,0.45039275951764235
ID_7CF8A4542E,0.08447160077295734
ID_89FDC2AB98,0.5500888531911773
ID_F2268769B8,0.9249780014627782
ID_86BC7A2BA7,0.9147557292887626
ID_DB4E079D9F,0.37357128966275216
ID_C87994DCE3,0.143984305804002
ID_CC199D5556,0.04490844815105009
ID_97B18A9F55,0.4841414693898653
ID_44A391AFF2,0.002
ID_1FD2888D48,0.11082836715761858
ID_0F978D2751,0.9494313768034214
ID_F379AAD177,0.002
ID_6FDAC24EF9,0.0023594111228366706
ID_1C8F0347D8,0.002232489388838629
ID_9E5F00B1B7,0.46375964400908787
ID_519D74BA82,0.2744635448708126
ID_D2B709AA2D,0.006440017397450409
ID_7E8ECE0A8B,0.002
ID_DEC0AB16AF,0.024417533634662432
ID_9DE3F09FF5,0.4434648029292027
ID_3EEA19DB45,0.003819231847493337
ID_0BC737DE4C,0.24589913466007376
ID_E1E7735AB5,0.002
ID_FFA8516FEB,0.005325095163127688
ID_829891A392,0.08542359753937563
ID_B02337E772,0.12390952641096907
ID_E63B2543AB,0.0265164631222795
ID_6B194B51E4,0.0020288310224444417
ID_578792C33F,0.08645291538911523
ID_A2434E18DB,0.015467653072447149
ID_A82415DC93,0.10535705438570084
ID_ACD75CF66C,0.005688207202112725
ID_E7C741F562,0.006396250770416684
ID_C9F3D59C8C,0.27449182310473313
ID_2C266D7662,0.002
ID_590ECBD78E,0.013388225678088705
ID_3AF73FA078,0.002
ID_57786D3861,0.1013595869500202
ID_4783D06865,0.3222674190883955
ID_3CCCACCA7C,0.006569662333101192
ID_4AFFE502ED,0.006810446645154123
ID_E945BE5023,0.08425765387878753
ID_2D53B840A1,0.05025703640433671
ID_CEB7F21B8A,0.002
ID_73D1F6C17C,0.0020014502613091125
ID_DAD6A4CD35,0.8808250523166427
ID_F372F0C4D8,0.01146613739017282
ID_55F67764D6,0.13427914667193339
ID_6DB98749D6,0.013800169840541018
ID_7CB2D93F71,0.7773601521529154
ID_8859967433,0.002221082135467501
ID_9E931EE670,0.006053030629478706
ID_7839017B89,0.8997486331830346
ID_E2B8146628,0.026161056742880745
ID_160B19D5AD,0.018488636455440435
ID_79CACAFE8F,0.2409925769569307
ID_8D0000AFDE,0.04550033756493589
ID_F8E9F9572C,0.002
ID_A0AF664940,0.0911015864939262
ID_4208C8381C,0.002780980277642468
ID_82FB4791AA,0.01280019401608033
ID_283ACE557F,0.003449579123128628
ID_D249606162,0.002
ID_D477732ADB,0.004738511267062121
ID_B8DC5A912C,0.010386392939542032
ID_040A8C1DB7,0.07150104025019087
ID_FF98DE4726,0.002
ID_0FA5CA0111,0.07417483379131987
ID_8C9BC84A78,0.011903776495665588
ID_57349555E0,0.006934352781299899
ID_07DD1F4C90,0.06751255235540797
ID_8D902B2F6A,0.45293547321861466
ID_8079632F85,0.010086253957625715
ID_576C7AB020,0.005452988947508702
ID_8E0EB8ED34,0.0026798505451261544
ID_86669C345C,0.28598235829028673
ID_FECDAC7D30,0.026892143552274404
ID_146FA31255,0.047402817870505425
ID_70054231D6,0.016442735685262964
ID_42B779A408,0.005465525717938061
ID_79DF6F7B42,0.0906136690766136
ID_CB75D40358,0.20214866072151635
ID_6D96CB6FFC,0.059969912262203766
ID_DAB89FCA36,0.057922971793219494
ID_D21E80B3B0,0.6268951342060515
ID_924465A2B8,0.14013336336105203
ID_D58BC61152,0.002
ID_C50D7257C6,0.0055222639360473745
ID_ED27BD8121,0.06379693490492429
ID_F84B8AA13D,0.013086119472510656
ID_04377DF6C4,0.002
ID_1D6A2032E4,0.007306009638020045
ID_129835805A,0.013271725326762495
ID_A6ED02578E,0.3831671492546118
ID_08F48CEE0D,0.005824212872476879
ID_85C09E66E6,0.15411164216021367
ID_0EB000AD74,0.002850216213168243
ID_32F4C5CA89,0.13908800241606992
ID_322D79682E,0.02117657193567806
ID_DE13ADD476,0.23657472961333026
ID_9E87FB2005,0.01420248054043157
ID_A6876EC094,0.2215672818859448
ID_7AB163EF06,0.005197362812994082
ID_03B38C5639,0.1802247751396123
ID_716845E519,0.006667734315378761
ID_A51586C8C6,0.013408406019184888
ID_7630CA48C2,0.023954783312112145
ID_71DC59E93F,0.002682537553375734
ID_57DD844415,0.46487127069886497
ID_69D04CA25D,0.002
ID_99D9DFD05E,0.002
ID_5A895D060D,0.002
ID_FC938DA278,0.010643458160271116
ID_403CBED9DD,0.12063855506294444
ID_D5A6913165,0.025512738594867246
ID_38FF003354,0.46394496605684166
ID_0F2920809D,0.09426303463168166
ID_3CD0FF8E04,0.002198778712984233
ID_C4B06099B8,0.09256395533249269
ID_65B4A5EA9D,0.061971336031150355
ID_09EA34D339,0.3390444877904988
ID_B93B6E26D3,0.01230274292794238
ID_632794D8B8,0.06231292769296767
ID_95214BC71D,0.00628130934764479
ID_37DD707F45,0.4931817402339231
ID_61A0B2CA2A,0.4145742716317433
ID_EC20B84CC8,0.029528246482212212
ID_D232E0854B,0.007279759908714952
ID_104224D8AD,0.9915243026420837
ID_FAB52EF627,0.9864518524969851
ID_BF4E8D2BD5,0.12015155110360824
ID_6E5B2F4818,0.04819206402704181
ID_7248890C7B,0.030417845171903317
ID_7D4769DF84,0.387761884052164
ID_0199A50699,0.048626647877045764
ID_86F4E60E76,0.026873797287076583
ID_38880CFD96,0.10102451496702342
ID_75E24C9182,0.11309700365970772
ID_5F73891711,0.007010877056760103
ID_B3B3B37CF7,0.004809355403565632
ID_A42395B8FF,0.14174707509398204
ID_DFB1A9E151,0.05906435783995571
ID_30B54A885B,0.002
ID_A47F615D89,0.5195847397781245
ID_480E2794C2,0.002
ID_F6D4B9F1DA,0.9588312904851172
ID_8131A1E68E,0.0311544916235119
ID_E84B76DFD6,0.007416623225131755
ID_115965CEA7,0.006911921500043914
ID_FC8E44480B,0.007427724424289604
ID_CACFE707E0,0.33483557623212257
ID_8FF9230AD0,0.017790466475250483
ID_F0E0AD5A75,0.5663342958165148
ID_E2C246D4D5,0.0025540734532291266
ID_0C03225A58,0.6339512909421537
ID_822220422C,0.012295418225582963
ID_1077C6CF79,0.021242492828755823
ID_8C40CE0B94,0.002
ID_5A37218E3D,0.4267429260220402
ID_C638CA3E26,0.015019012171753367
ID_22EE01D3D8,0.0070551530408827405
ID_EC87FE0E08,0.002641904943014707
ID_93E06B23F1,0.2047531030307414
ID_CC4A38E248,0.1638092326552055
ID_15D6DFF870,0.0452806489535334
ID_CC40744DA1,0.03990707710581561
ID_4FDF31C3D8,0.02390503035525245
ID_3514691581,0.021796653390523626
ID_28F7F98409,0.9961759318735639
ID_860D2C4352,0.013501337928770365
ID_D361E1E9E4,0.03033486099816272
ID_17F2909EFF,0.061299100652114594
ID_75DE397253,0.01024721125266562
ID_3C50449EEA,0.3064779035184217
ID_428C65C866,0.01632734218125414
ID_02D673107D,0.002
ID_E5AAA39D86,0.0026847520516254213
ID_6BD17E1523,0.002
ID_AA60056FD3,0.02758205038313059
ID_E4843945E6,0.27789383970082787
ID_A61CDBB817,0.39762810823690875
ID_89FB09BB1D,0.4988681163423683
ID_4C004A2D03,0.0022432561347933344
ID_1686DD6EA4,0.7133389291215476
ID_2EB0CDB3C1,0.002
ID_B5909C6B35,0.10426613515667295
ID_BFEAF76FFE,0.8955167303922241
ID_798B4AF025,0.0034311225828336936
ID_E619A4F022,0.11780424920105984
ID_BF16275012,0.024101350910493643
ID_14C67BABD2,0.09542365257615672
ID_BBA949151A,0.04598186027944813
ID_4768BAA123,0.011479196686837329
ID_87B8972E12,0.002
ID_BC805D7B2B,0.02784583615756028
ID_9B3B81C2AC,0.9923883837991734
ID_75BBA0E0AB,0.5275705787798692
ID_F80966481D,0.2482290698745542
ID_318B25FCE2,0.002
ID_6CD854CD1F,0.5232182735537163
ID_3017F4A5D5,0.039425054426825146
ID_5729EA3914,0.7819834962951869
ID_83764C10B7,0.007556758612899403
ID_BF0C6504C7,0.002
ID_60F0FB57E2,0.9936954676128247
ID_7A364D27AA,0.5725087684462797
ID_E4D9A1D5EA,0.0046833878315872815
ID_C788AAB685,0.0034516173963940323
ID_F90D5D7797,0.006434661868176308
ID_EE677FD3D5,0.9859715856360738
ID_ED1E3DD2B5,0.021723649133908847
ID_C4B5741886,0.011517831272169037
ID_962A51F1FF,0.08504024450599407
ID_63F4F5E8B1,0.1515131060058957
ID_2079F7F329,0.04466539180112678
ID_C0160C1805,0.008243564868303289
ID_AFE2331031,0.061503063755607205
ID_0CC214EDCD,0.348577703803869
ID_69C41BA195,0.006647238688550657
ID_8B7D734E00,0.002
ID_AF6B1B065C,0.008344241367663088
ID_8280B3F927,0.002
ID_D48577DD00,0.002817724476558864
ID_6C4D181707,0.014269714485384865
ID_6E49328452,0.005081385425764058
ID_11EBC0AC96,0.002
ID_15BF7BA8E2,0.0535946123833726
ID_6E83097268,0.9560933774684557
ID_13ED20D209,0.006236804015006679
ID_74EA16DA0F,0.002
ID_52001B312D,0.284891812453485
ID_D09177BDB5,0.002
ID_ADD1FCBECC,0.019518477297532952
ID_A590DE55F9,0.027553352296402878
ID_DF65C675A0,0.4692843093364148
ID_E5F08BAF7F,0.023164920548198017
ID_63CAB90923,0.44578934975242696
ID_3C50F8B6DE,0.040565155627573415
ID_E790FD9488,0.30222480317691036
ID_098FFC874B,0.0045716681384982815
ID_2272E6E913,0.12820994747635245
ID_3B1918C5E5,0.15794841515639205
ID_1E49CAE671,0.002
ID_B1A01FB08E,0.8192123089933145
ID_F9C399E2D9,0.00251985974293984
ID_227373BE6F,0.0059242805800392186
ID_C6FC6443ED,0.9082057683141638
ID_C82177428B,0.05158064328292059
ID_42B47993EE,0.24963577167650078
ID_B3A845A130,0.7614225018449305
ID_4F7B01096A,0.015576150101798785
ID_50B41C6CCC,0.06385080849915163
ID_573C74DFB8,0.2839484504332118
ID_C031C0A247,0.022915588717055096
ID_B660AB7F44,0.04343985058023613
ID_624C40A882,0.003562891762521126
ID_9E7CD2E969,0.01123128874656532
ID_C63AE55A62,0.011656500018343159
ID_D9EFF056EB,0.014191035987100337
ID_137539E760,0.014759771194144478
ID_B61559B56C,0.21395146177610314
ID_AAB081DA13,0.004921392365508431
ID_B0CADB15BB,0.35467548080635314
ID_8DDEE81AD3,0.99774297778272
ID_2DF929761E,0.004596433925859536
ID_4D0351A714,0.07268595861187915
ID_2223598760,0.14391406263818837
ID_AA296670CC,0.09666826303066013
ID_F6E148B282,0.11681465497486533
ID_0A7301934E,0.019404871323852067
ID_9F3FC96500,0.09189901979396994
ID_5809A31712,0.02330214337825487
ID_F5B88161B3,0.002442917261974583
ID_23C2CE9B20,0.9969546055830472
ID_C6F87A28BF,0.21619678573282405
ID_75A749C0AA,0.6841619160831304
ID_76E32E6DA6,0.3117278674814954
ID_6343ED392C,0.02685452009779117
ID_745AD10F50,0.07392964838817405
ID_FD1D2C5BB2,0.005865762543566957
ID_59BA57F682,0.002
ID_C3A136BEE7,0.0026369060330232712
ID_C36C940F9E,0.11123884216493345
ID_26534E4BCB,0.24372414943661055
ID_0314C3EC43,0.9915650550442285
ID_6F713705FA,0.0069341008622966814
ID_B60E44D104,0.044771112323047174
ID_442F0E6791,0.011966559051508615
ID_7B94FFBB98,0.01604320273025933
ID_AF682159DA,0.02746047973751742
ID_475F528791,0.24977945247599223
ID_C9A9BADE7F,0.011726235439038956
ID_E5201DCDFD,0.6932189971643236
ID_DC24033CD9,0.5373898086994412
ID_D968E523A5,0.1205283132687717
ID_78B278B6B3,0.0027403358289685323
ID_BF38E80CB2,0.014301427710885477
ID_93353D4119,0.04781684807045671
ID_006E4F50AC,0.0022442174990991237
ID_1ABC27B841,0.021596003144201265
ID_F2305D342B,0.913738047547056
ID_D9D6847A51,0.2296980800674928
ID_6342BEE85E,0.002
ID_9595811241,0.00988629485987612
ID_D95C35D1B9,0.04263920630476273
ID_FA9EBD8D6D,0.01775838185207323
ID_11BE9DA507,0.10492187700033259
ID_04D107E3DD,0.027903177101305836
ID_881CB94A1B,0.012431016168411212
ID_3BBA1FC266,0.022317118868032764
ID_6747857740,0.007403986612084765
ID_144A025EE3,0.06388648149403035
ID_D0F177250A,0.04452903490108296
ID_5675AF254C,0.002
ID_3090EE07E0,0.010303495443894884
ID_28647C1EE0,0.2741530743000304
ID_36CC1A5106,0.2712503231850789
ID_AE303683F0,0.8638555690856312
ID_0B50106538,0.0469441151847986
ID_21DD827A86,0.013301325717957982
ID_B85C1EE51A,0.9260093944088621
ID_BE650BEEC6,0.01848731243914105
ID_80B3921264,0.003977695666137743
ID_C8D9EA99C0,0.004992971954664878
ID_B910087167,0.4163598389905635
ID_146A5CE377,0.014158817706126972
ID_F4CBC1B31F,0.12958436296216463
ID_3028BBC74D,0.037903131428629146
ID_04193B679A,0.2849696501929405
ID_F6D1244881,0.002
ID_5F86D1DAB7,0.1185370827838674
ID_71EC15E149,0.2662365688412567
ID_CC1AA82048,0.15337819255991877
ID_8079E49A36,0.706040654530556
ID_C0387994AA,0.010405395879853344
ID_3D1E6A89B1,0.012428107527539308
ID_6E195F287C,0.004662780094291279
ID_AA24F93252,0.016592460377932713
ID_6872B77824,0.002
ID_E2829C2840,0.020232940794568503
ID_6104558D31,0.04188478474456906
ID_517D72DAF8,0.17352039106193784
ID_20812E4BE9,0.013510705652541076
ID_B441397B64,0.22864828064707585
ID_0C6C1137F9,0.04989868757642807
ID_766EA86156,0.2772499123867465
ID_B1517138F8,0.8685679674531731
ID_75D3E38857,0.0022258482877936083
ID_7D90375F98,0.28284598941706107
ID_9C3822990F,0.006206671109336403
ID_C10BD543FA,0.9635600545438634
ID_16BECC6783,0.008861034328574442
ID_5F3587AB40,0.08720142458697872
ID_0BAEBC619C,0.6517058534394765
ID_CA6EF11685,0.013283811832187974
ID_8585DA3494,0.09077783249752945
ID_B25A079202,0.1345903663495633
ID_4D8F3084E6,0.6644900750850208
ID_A9FC6A426B,0.007686038108928298
ID_4B250F56C1,0.014529937545460954
ID_2695EF5B5D,0.13123735845310958
ID_920F18C0BC,0.27638879101877367
ID_2170D2B3F0,0.025853193480045066
ID_60E729F759,0.012764211123330194
ID_3A3A350E68,0.05215814090704879
ID_E028F3B1CD,0.0076277977584871
ID_29DC854689,0.15644611224133811
ID_91A16CB0FD,0.002
ID_9380A2252E,0.002
ID_959900BA5D,0.011278419648988432
ID_ECBC4EAD12,0.05100912545789612
ID_1A9EAC9273,0.011775469564951882
ID_AA43D1D965,0.08490710566956965
ID_D0FEA4F9D3,0.04078801247616667
ID_DD8BFFE870,0.5197217174432103
ID_B1AC95E731,0.002
ID_4BDB7CD9EA,0.006506954094374644
ID_3D6FECA236,0.9909533419557645
ID_CD8DE168D7,0.006853479537885098
ID_1C9B7EDC42,0.002
ID_7D21CF379F,0.002
ID_BB61B5FFDE,0.002
ID_FD6DDB88EB,0.04892611044099203
ID_FAB8C424D3,0.4911031308226596
ID_9C7FDE1F47,0.0068774025360031875
ID_CE55060F73,0.1689205031513935
ID_B0CB7F319E,0.02514968242092954
ID_D945709CDD,0.5083977184390213
ID_4E75D3C85B,0.24091906953319267
ID_6F9655E738,0.8368670682349341
ID_2CC41EC469,0.09231332648140891
ID_BA2610F35A,0.24607896000703722
ID_3B9E80E257,0.054741050755192165
ID_FFF084FCB1,0.008174939405581465
ID_02BFFA787A,0.007002968912594202
ID_4336F757E9,0.02120125046680659
ID_A35C6A7CE4,0.020079119424022403
ID_1EBC7BA853,0.8789472703280379
ID_38A5A1BE31,0.005840464281564725
ID_36AED99CC7,0.44001193272592065
ID_DF449A352E,0.023059950481998878
ID_C59817D5A3,0.9875546912392251
ID_5119CB8092,0.9954442966074941
ID_217DFEA21F,0.0063826930738299864
ID_7D551B41D5,0.12770353068854207
ID_72FF77C8C1,0.3960361034198783
ID_6CD0A83E11,0.0556084825369712
ID_FA5B864488,0.04770314714965952
ID_5AF4DC794B,0.24802460776654897
ID_ECA2034BF7,0.14543243124734043
ID_817B41D7C9,0.587881394946737
ID_492EB86997,0.006572837687507916
ID_5BD4BC8E4D,0.1862673355921897
ID_89A26B494B,0.9971532383691649
ID_1BB7B2D385,0.1313292406097056
ID_17EF4006F5,0.00759883961791289
ID_EAE85C4EA6,0.0962892643248101
ID_73B6BF3C28,0.06679144657581612
ID_4895F50EDD,0.002
ID_F04228D3F8,0.0979741948709975
ID_AA61DC2825,0.011297972599323578
ID_5EFF7393AC,0.006442894579891758
ID_D23DECE279,0.002
ID_06C361169F,0.002
ID_28B7A9357D,0.42790313453757434
ID_D4B09EEC2C,0.007017624118984023
ID_FA92EDC4FD,0.27395640764407914
ID_A86D7D6006,0.2625014050768119
ID_CB1CBF8445,0.006657515130537051
ID_D19C49E9CC,0.6349927226531213
ID_4B71ED36F7,0.0027402199347919577
ID_D3D24DB839,0.013864954441075173
ID_AFA3787691,0.023851282942086174
ID_79E15AE3D9,0.04366820400095657
ID_069721C569,0.05751010745171342
ID_9A68873528,0.012149139249334173
ID_B20AC5781A,0.014641456529966719
ID_60315183A4,0.008929786374809004
ID_913C4B8AAC,0.006836460112762634
ID_7124F21A4C,0.07459992092183419
ID_2CD86969ED,0.003983594658464733
ID_8D601C5508,0.002594225754446307
ID_03F7CFF56B,0.04494888796917016
ID_CDEC2B1933,0.02250711568851028
ID_C0E6DBB206,0.017093399409156818
ID_EF9B2938CA,0.12169353199048005
ID_9743059D0B,0.006346723723871292
ID_FE23CE2AE6,0.31132563113399286
ID_542DC34923,0.004509684527916489
ID_19DE834997,0.5399967206039568
ID_262D3D5D88,0.03707543759909298
ID_C9A8365532,0.20151286820591272
ID_A3768323B6,0.0696462352169553
ID_59ABBC08E6,0.05260611043324409
ID_3AA599C76E,0.0022103512788259547
ID_9DA081DD6F,0.09789774730272635
ID_E9B5324576,0.599657464041528
ID_BB2A555366,0.972213014420929
ID_2DC1EE465A,0.7532179903388637
ID_F705B8BF46,0.36297839829269857
ID_42FFB932EE,0.041306126968335154
ID_906B4802B1,0.6997977427350004
ID_2770D2506B,0.026173973881152564
ID_BD4BD14DC1,0.5116363502249289
ID_B74BC94554,0.020458772429671656
ID_0A1752D2BB,0.021406280575305758
ID_1AD963D2E8,0.45723521287146107
ID_8E0BB5E9D4,0.09614306115980964
ID_620BF34274,0.11859939350428045
ID_0559CE6317,0.04909696609620325
ID_25BD9A778D,0.041589415504418636
ID_F5ECF12077,0.558813763067375
ID_5B1E94C452,0.0021574521325606654
ID_F625B1A9F4,0.06546011046900517
ID_486FA3BB28,0.3907219917068884
ID_005F0F6E8A,0.006950344195097294
ID_935423ACDE,0.12466584283085518
ID_A429D9DF0D,0.0036789360942675016
ID_BAC8608AA6,0.006855839957833221
ID_772EE797A1,0.23957788182496964
ID_FED9E7B775,0.002
ID_6B1F7CCA91,0.02112393350005487
ID_9EC6D5080D,0.13108270586515672
ID_45385EC7D3,0.014573320984840203
ID_C73F4B20F6,0.003523735420683042
ID_0E3F8B9FF4,0.01958914941247648
ID_36B765127C,0.015252845308513079
ID_C711E7647B,0.011122761872864971
ID_EB9D558402,0.002
ID_CA28D28E8A,0.09081030282175323
ID_90D4DEB37B,0.26402461232849916
ID_50BC436C8B,0.12961681034234923
ID_2B888A034B,0.007564487015439022
ID_D5E67C6A89,0.008245532085809035
ID_B9A813A2EF,0.17891769686396633
ID_A575E801DC,0.0032810260889566487
ID_24C994C31C,0.0938406040041343
ID_6E0FBC921A,0.019982421408685145
ID_D6B9FFCBF7,0.018523937632261393
ID_721EA65F82,0.01796468417102728
ID_1BD17E8C92,0.08594226587124737
ID_BA48B7A073,0.03937123648803855
ID_B53C2B9EA9,0.002
ID_44B60AAE26,0.002
ID_76A9DB9343,0.06306420064882926
ID_FB5CF502B3,0.002
ID_845B87C3EB,0.0026641796207414726
ID_9439F2650F,0.01118028573729756
ID_0A7957AFD0,0.08059201709624363
ID_E3A6352061,0.07188659056344177
ID_5E72754C3A,0.23900807876575628
ID_9F9A328A05,0.044412637637537264
ID_0D71652A4F,0.012167741215272667
ID_9B3E08D9FA,0.01321816802238422
ID_0E2A194800,0.002
ID_2EDA5D1A7A,0.03383499681005566
ID_27361F75EB,0.02184803294905417
ID_4324A10483,0.03224628256185562
ID_007B95B7FA,0.006598388932920772
ID_EA4FB7CC18,0.007585318175239744
ID_082B4DF5BD,0.02674212368026872
ID_5C5D383493,0.35562137495140067
ID_7428BE0F40,0.9109686734093068
ID_D9F5C01420,0.04739205069571561
ID_BB34F9A995,0.07388608602627655
ID_1FEA040761,0.08713492361622348
ID_D56F5DFE55,0.04304826855543391
ID_90B279ABA9,0.3932156807668653
ID_BAD50D637B,0.21962866484512916
ID_C0C02CE868,0.04800414291563987
ID_54AE00A58F,0.5380258381578659
ID_9DBE4ECBF3,0.002
ID_18E097BABC,0.020434827763335897
ID_1D03A1EE12,0.03847279024885703
ID_3B963160DC,0.6202868887370901
ID_1239AD2B44,0.006842939591748259
ID_FF43F3396E,0.2720698410874419
ID_B1EF7D8AF1,0.0024600018101105002
ID_55F3B1373B,0.04758117183432676
ID_C6AF6C6909,0.004763408776321363
ID_C040EB98E5,0.046825414462119685
ID_2F62E97E4A,0.025169087136580663
ID_31EB564498,0.011482217607524436
ID_BDAB2A7236,0.042192781662882595
ID_92435668B8,0.26603051056594634
ID_78AD98CE9D,0.00672454964206986
ID_66C69C65DC,0.022242313674920973
ID_B08CAF792A,0.0035749910910466073
ID_7826E4D496,0.011899723029179715
ID_8FEC6C78E7,0.2149685460971419
ID_0C4CFBE71D,0.291806072057044
ID_B26020EB2F,0.05125292455252085
ID_EB32BCDD5A,0.05625537993923831
ID_D5BE08B1E6,0.0842582221449175
ID_63536D28D6,0.7528277169013667
ID_E691883703,0.09367206329754695
ID_933F3C0C74,0.2333706693230531
ID_4CFE636A97,0.002910768397845033
ID_9455F56CA6,0.862826644406296
ID_4C3ABA6E5A,0.2009675114188298
ID_8BBF0FEE59,0.07520680655401943
ID_539E4238DD,0.017485496835836636
ID_02DDA7698F,0.16571582062548182
ID_4226C30C43,0.011242871023750652
ID_D7A7F6C170,0.002
ID_07AC4FC4ED,0.008803366458835532
ID_EB0105BF54,0.01756852603235787
ID_27437F542A,0.002
ID_9D5946F23B,0.014708114487847819
ID_81480A23DA,0.32201425865093897
ID_F8D9706268,0.23745642800762692
ID_948BE3A159,0.002
ID_71CB9C831C,0.05256454289318732
ID_1BE72FD90B,0.021731225443149763
ID_39892BB9AE,0.14202537161264453
ID_F4D8D55AEB,0.01146478937070722
ID_B319C844BC,0.047262674482308566
ID_344D2D52AC,0.02709236536436425
ID_FE47CAA8C9,0.023762200813727926
ID_8F3DFDD467,0.023437233983724833
ID_FC0F98C2AD,0.026848305191953588
ID_7F282E5435,0.007707050856538592
ID_A414873058,0.007338523763900936
ID_ED8A43BA7C,0.924576866146922
ID_70AA95499E,0.059562392539885
ID_E9EEBEBEE7,0.02462290278505584
ID_E81BA7C5D0,0.7864971611110435
ID_938E0D676B,0.002
ID_A3BEB9A816,0.002
ID_EB691C3EFD,0.716742420291756
ID_344A91B1BF,0.019369889694865524
ID_CA6C043EF4,0.9930602369170292
ID_C47729368D,0.002
ID_5C6A62CC5E,0.003466949913597029
ID_FDDEB05591,0.07113013720221523
ID_5806AAEA0F,0.002
ID_8D0CDA9FCB,0.8336050865927067
ID_9BCF8F525D,0.04832963086451117
ID_B9750C2B6E,0.01372536178896675
ID_1A705BD3CF,0.06734493431771219
ID_4C81E21C7B,0.10234260370812798
ID_81786BD74E,0.0022896224230757336
ID_E75363D390,0.014314831040832577
ID_CAE39CC27A,0.0020709187112316397
ID_A1A1C9C189,0.013089064111214528
ID_E29DC2AE54,0.002
ID_FE752EBCE0,0.002
ID_13C4801ED1,0.002
ID_19612AE778,0.002
ID_1C1F284E48,0.02229201660719643
ID_5D249732A9,0.14535033569940958
ID_0DE3C599EC,0.25607182585986443
ID_D84A95EFDF,0.046592695093366276
ID_4A8F1AD829,0.7854615396021261
ID_AC878DC8C1,0.19672842555531553
ID_55CBD26CEA,0.2827628646036063
ID_C3F32E3EA5,0.2662930533115089
ID_3496F6CFAB,0.31251717448854405
ID_CD8E46041E,0.08488163087123972
ID_19BF223850,0.34000755306562397
ID_D25BBAEF96,0.020509707916329608
ID_5AED185A10,0.002
ID_9444465E90,0.01154819555345996
ID_D6D688B5EC,0.04095132725519587
ID_DE2F63C0E5,0.6305762512896907
ID_CEA14ACDA4,0.2767349928897602
ID_1F5366A8A5,0.19400488122494805
ID_4BB73BDB6E,0.25311749425927177
ID_CE49563AAD,0.002
ID_A9EA9B49AE,0.01980245571631497
ID_B3B49A33AF,0.08924262723165302
ID_032E9E70BA,0.1536760512179807
ID_A1B59077FE,0.022959274249005818
ID_6CB960ABFA,0.6449401569647508
ID_39486F7A8B,0.35102543335888753
ID_C182693FF7,0.9276018886512287
ID_0CA8F3C2C4,0.011606508893173696
ID_26F40D371A,0.07758205100432977
ID_1A13E590C1,0.1161528154009901
ID_D2613338E7,0.0881087890769683
ID_6D939606D8,0.002507702855530577
ID_50E78CCEB9,0.587836439199874
ID_AFDC890668,0.370761067605824
ID_D5874541CA,0.19467269115729016
ID_6844F61FC3,0.009632347203095378
ID_89A2EFD0CC,0.00645248901623639
ID_553F5B3680,0.2371190166466304
ID_6771174CC8,0.012435220149085515
ID_D9F2FBD1A2,0.005081795154515671
ID_96D671B02B,0.010416689240919081
ID_76D33B7874,0.00434827348910365
ID_6B226F0C44,0.19082233803662854
ID_836C135985,0.04857382207736425
ID_5A07D05E70,0.006798264883663772
ID_6E9A1E9885,0.09947687189143987
ID_2EB64FD156,0.012128045562945406
ID_9FE2339AC4,0.019871494473679873
ID_3145CE012B,0.006076169155249112
ID_0901394A19,0.19112244560256594
ID_0AB198D6E3,0.006660440157487437
ID_E8D36D7815,0.3708873973434349
ID_2D2BBB0646,0.6088487944149338
ID_D6ACE322B2,0.02029248278749166
ID_F67CBD27BE,0.006016353438880894
ID_1832097C91,0.36450502294148646
ID_A89CEB215C,0.012212543306782358
ID_69EF8C7A54,0.029104421469977125
ID_6C3A533755,0.815417091642957
ID_0309F5C8AB,0.012345616730196095
ID_6705D752B4,0.004729402727653363
ID_0481B91645,0.020655934917774434
ID_787C8A665A,0.025617096419939134
ID_BABA3A6637,0.42592311113068104
ID_31440B9BBD,0.2306324947685106
ID_D654E95F07,0.32114045209081793
ID_7B6775B0F6,0.7490441602672718
ID_25012413CE,0.14892249542276956
ID_2245FE5B2B,0.011735234744543887
ID_C598D8B38D,0.0073760113939269545
ID_D512850E23,0.011242588786084957
ID_018C52644D,0.9806117800298697
ID_A31FF9112C,0.05737256524995269
ID_E867E46F1D,0.2134914002670458
ID_20E5A6306F,0.43791545372814716
ID_020E58C406,0.002
ID_216B50619A,0.002
ID_6EF8448C73,0.01835288609640036
ID_7F04E844F1,0.36023396962094756
ID_8FC0BE79BE,0.002
ID_8C29041E28,0.022692523174227763
ID_57E281ED1B,0.014748464652810425
ID_91932C2205,0.002964235485872936
ID_EC27AEA723,0.025148277846680382
ID_85B20EA1F5,0.0022289795674633314
ID_367AE03B07,0.10250397904442511
ID_00E48AF8A4,0.010524086254187909
ID_E28AD7A0A3,0.002
ID_C1D5AD0E95,0.002
ID_D1E1E6D230,0.07483367210668875
ID_594306C98F,0.2187751348704491
ID_1789AF63B5,0.0077351440657424785
ID_D0056364EB,0.30572580810509603
ID_5CFDA95704,0.06632906756740223
ID_4F74EB1380,0.37014635781553296
ID_CC0476EDA1,0.06825944151619008
ID_D698F1C5DC,0.08853615224254975
ID_06CC86ECF6,0.06915371928488537
ID_FA3E1BDEE6,0.002
ID_E67D1D7BBD,0.021668167915122393
ID_75FDC122D6,0.0032736706498716793
ID_BC12F0DB59,0.002783900878210782
ID_6EC33E9BF1,0.16072398501409896
ID_166967FB72,0.0900998349027755
ID_B8D7760679,0.007381523357142747
ID_FFE4B2B725,0.22986836739181007
ID_AB763B7F80,0.012187367675062155
ID_04BDFB34BE,0.23783584433883395
ID_03EFE9475E,0.02830571688765655
ID_8DAAD10B51,0.17049786346556361
ID_15478A63BC,0.016434813158369598
ID_484201F697,0.4906564575613188
ID_13B36DC480,0.2611819973610007
ID_D705F0F838,0.07898244562117379
ID_362EB658C6,0.021787549275182214
ID_EDA5BF303B,0.4715196273552559
ID_0381F0F2E6,0.46327703790180463
ID_B985784347,0.002
ID_FE502EF5A9,0.2399940098515832
ID_968110CD41,0.019844727919398276
ID_41E60584D3,0.07244241906400183
ID_D645F2E794,0.21619734468936805
ID_50D4C8D81B,0.002
ID_0DDC276C15,0.04435532801138261
ID_92880E0FAA,0.13177524617250844
ID_BDD6097039,0.010687830088813707
ID_3F81899137,0.0075752626385210894
ID_A1F37B50FA,0.002
ID_CC85619B5D,0.02409481213070317
ID_D18E34A631,0.006223722154398024
ID_B9A1718C24,0.002
ID_F835DD6DFE,0.0537924598414581
ID_91CACD1247,0.010186190471358773
ID_F0F42ECD7E,0.005551486906386683
ID_E6DC8EF305,0.015148953916793696
ID_EEF6041FF6,0.0738551852187839
ID_449F1646D9,0.16539185314452357
ID_C664E2C0E1,0.3111146117879238
ID_4710360858,0.06512061468620689
ID_945B66F76A,0.28542878708341296
ID_CA5877F1E3,0.006865461307723773
ID_84AB0084B4,0.11847363054759832
ID_5178D73106,0.006977163758926746
ID_F1913A5026,0.20205790983363633
ID_40AA143A59,0.0214237206362136
ID_90C08410DF,0.014422119310383437
ID_27F299DD4B,0.20096023460439152
ID_FB1B4DD1CC,0.02796661487308146
ID_3EC0445035,0.24367071920185307
ID_AF16B33217,0.07396911721103475
ID_E2349994F7,0.022434487546236358
ID_910A5A7CA1,0.006428664611544555
ID_623788D036,0.002
ID_441FEE6CD4,0.02259587387865175
ID_51249389B8,0.018411168555485215
ID_206F2C435E,0.06834855893762139
ID_1E0D23F2B3,0.775650442403061
ID_5C64431E71,0.002
ID_018277C6D9,0.011723596785634071
ID_7DF4BD3915,0.002
ID_B5238042CE,0.0028825267261625006
ID_590BA38E0C,0.002
ID_C888F1C501,0.002
ID_CCC8B544E4,0.02428619955526686
ID_492D6BE3BA,0.992796986420072
ID_5C898DAEA4,0.14862135541184274
ID_60863D3D3A,0.047028167221097476
ID_50A0EC2C4F,0.12475499545398673
ID_B8B5B362C1,0.47686945256151514
ID_AF64635162,0.284265986617294
ID_23F635E086,0.3678016958865191
ID_AF0922246B,0.10025545298496112
ID_341F4E1653,0.013807945257388628
ID_B8ED1895E2,0.23952036729887077
ID_C86EE1804A,0.021345411935936028
ID_F460EE4FC2,0.02931270237176762
ID_3FCE4C6E1E,0.09775346387490824
ID_530B616AB2,0.013107823000996556
ID_C29B55F04C,0.11481869301657624
ID_4D47713D9A,0.021287261249632258
ID_571B648D2A,0.002
ID_38B9B70BB1,0.014261462856654156
ID_C4C629B19E,0.25642762266444863
ID_3B70A1ECD5,0.12715593981984732
ID_E4F5CCBCAE,0.002
ID_A75A9AF2E3,0.02118393728226736
ID_2F0340EF11,0.4568269181925511
ID_DED7DBC371,0.07034563894895389
ID_6EDE611FCB,0.003850125580732516
ID_9BB2FBB1E4,0.010812882770155206
ID_A8A1D6EC87,0.24482169820202598
ID_5EAA507DE6,0.003615311437049279
ID_F25090E6C7,0.7744670741617785
ID_9288D04AD7,0.08849090642373399
ID_C9DC203A1F,0.002
ID_5DEA286175,0.002
ID_3CB62FE78B,0.02136354704894646
ID_AF2A1BB662,0.002
ID_8A23CBF24E,0.0020376528872011767
ID_305BABF840,0.9263990214601561
ID_62812BA3A1,0.020523049006028613
ID_2CCAEA0003,0.23998912762188232
ID_5463B5D37D,0.9937408034663442
ID_80ABEEA863,0.005889538387458092
ID_389A4250D3,0.11380336442348715
ID_493D49D32A,0.13156918004382595
ID_230459A6EC,0.0023335410394611186
ID_D64F04EBBC,0.002
ID_9BFD554BB9,0.018093128217022837
ID_1E7EDC5AF2,0.14007853322921657
ID_5DD708D865,0.015476832236700303
ID_649E75F7AA,0.004771526603315535
ID_7AE3486E39,0.12126189007868599
ID_D4B04A99D6,0.008443798822340184
ID_71FCB16110,0.012099714214294087
ID_99B59B82CF,0.10931470565435378
ID_FDA973AE73,0.06275081681526966
ID_346923432C,0.44495809240856754
ID_4430B309EC,0.020923769504398507
ID_50E21292B1,0.5440862777290576
ID_835F7FC9FC,0.24613225481611167
ID_AC56E170D6,0.484107806179875
ID_A85D0F8295,0.010357720616189607
ID_6A4E69113C,0.004860649861368174
ID_E60A219593,0.06684440748406881
ID_6DBF5CD63C,0.13493804107077456
ID_60955515B0,0.9826551775663145
ID_E9DF1BB5DC,0.04853368334790448
ID_80FA1721E5,0.12911576127374153
ID_6F3126AD96,0.02285496813375569
ID_03E4DE66EC,0.07817707930322408
ID_08611A9D81,0.01946574344602182
ID_44033986F3,0.023287198913879176
ID_77012B6D70,0.050069156824083576
ID_19245C80EA,0.04338070063094886
ID_70D9AA154F,0.002
ID_16F94D490A,0.006647998958756467
ID_27B41A6FE2,0.007695303770131963
ID_5794C5FEB9,0.02976851359987331
ID_6DD866AA42,0.946517755745301
ID_C579A06C24,0.007554453158425284
ID_BE8B45D52E,0.0025472570256057712
ID_68A6F90382,0.28420179966000475
ID_E2BF91774A,0.38189030003924446
ID_72D4CC2352,0.039586499612614026
ID_A54E5C9675,0.5607983843542016
ID_5C81366765,0.11438500695195782
ID_D1933F44CD,0.1345578296812139
ID_475868C3F3,0.11155881036382592
ID_BE0436A963,0.027674161771640428
ID_66DC20C6A2,0.1218138269806132
ID_F22DFB765D,0.002
ID_505DD58547,0.007638722942543328
ID_4E5AE1FD83,0.22103679198850962
ID_1A1DCE2503,0.04859281956348824
ID_3B0867C3D6,0.07038819108245806
ID_0288D4174B,0.09096163583725701
ID_72ACD6E316,0.0941448421366447
ID_C75F8F556D,0.5948150200329582
ID_6550FB4940,0.01273510307178468
ID_CAD51A1E1D,0.4982442891820268
ID_9CE020A4D1,0.01955662359087032
ID_CC0CD460EB,0.00650972904029345
ID_C52507C5E7,0.06965045871040576
ID_BE6D0D0F85,0.0233173634671061
ID_D6793C55A8,0.47249708784922506
ID_1E212102DD,0.019600199677812784
ID_63EC278060,0.002
ID_6484A27CA7,0.22618186708837174
ID_2C8795D999,0.024482180899095124
ID_E0028A838D,0.01570357120167507
ID_A64486683E,0.08431349250024464
ID_88C43B9243,0.07311014429634369
ID_11B161527B,0.4690476095475965
ID_8520FED7E3,0.002687632424162082
ID_30EAF57BDB,0.009883534336002388
ID_4A5263A8E3,0.7989082741999562
ID_CE3CB2A711,0.09071442292640217
ID_AA5C7F96A4,0.006050406690730839
ID_435F898C33,0.002657623916178043
ID_95E78D7227,0.9969244445079043
ID_482BBC75D4,0.5277379967462446
ID_64EEDDE5FE,0.696894857667047
ID_83422D6695,0.142014061828616
ID_61720F01F6,0.9751693856061836
ID_B821FE8B73,0.9883895556458124
ID_0D590BEC57,0.024275621997204726
ID_FC15D8BC2B,0.5990966964083918
ID_42625214AA,0.045921716306354554
ID_C062D6A3C7,0.46406529904337546
ID_CF5F696379,0.010963235589412564
ID_2B2E5AD7ED,0.015528831726424571
ID_3D3B5F409E,0.002
ID_08745ACE1C,0.07283217264414073
ID_58D78455B8,0.021345106952504692
ID_13C6729AC1,0.014319357614126997
ID_0A7D57078B,0.007095298338767761
ID_46C4D96F6B,0.11577050373105918
ID_11470564EE,0.8397463199206763
ID_E9A8967D1A,0.06523314107223291
ID_2179237313,0.011232157846526026
ID_201A971332,0.002
ID_C730D76672,0.016022716515834583
ID_DA2A9D8135,0.002
ID_6090425593,0.1235303329122443
ID_40341E7EA5,0.3510657587498912
ID_FAA7CF7BFC,0.4123511436198814
ID_C8C97DA617,0.16308668607355356
ID_63D9E85DA1,0.040725299876882226
ID_DDD1183EE3,0.18499738579238842
ID_8EAACAE3E0,0.02115314802723413
ID_DD409A4C63,0.0038900564147445857
ID_DB98C2C6CE,0.0029978018640535995
ID_68D3FFA52A,0.3027706354126745
ID_4D352AAB23,0.021290019182237444
ID_AABD3FF2B7,0.4322921160728388
ID_0AEA264919,0.20467110057014753
ID_E8AAADBD3F,0.057143788500689664
ID_0D471AE962,0.022162045491399746
ID_A86CEA63ED,0.9962957904282279
ID_7C003AA022,0.9533277486706202
ID_BDCC29BE3D,0.024401647675936087
ID_072399D630,0.006758115182047835
ID_032EF6B086,0.012685069450360931
ID_5720F72B9E,0.002
ID_05A20FBB39,0.7251150537446333
ID_4D9B5DE6C1,0.18082088018369474
ID_1F8E117DDB,0.5551919422130598
ID_36E0A2AB04,0.0028215486912888297
ID_1A73D393C3,0.019665217978265637
ID_80DB6B87C8,0.005091398115558483
ID_8229BDCD60,0.01622458199382553
ID_8BCE451268,0.051731816790436105
ID_82397BDED6,0.002
ID_6032200A0D,0.7963124235453227
ID_B13B8524D6,0.002
ID_F478EA9D2F,0.0027006389757143917
ID_F34ADD503F,0.061103380166412764
ID_9C52814612,0.16627507992981738
ID_FC36F11823,0.043175600689095664
ID_018A21BB3E,0.002315207738931019
ID_91EC7E8088,0.025473776195323004
ID_EF5265E915,0.08351573463339267
ID_015D303654,0.002
ID_E53E3F042A,0.09833231105721134
ID_ED627EA3E4,0.01572473213358485
ID_5F8C29AE22,0.21114982971751664
ID_30E6BDCDCB,0.022113591049560594
ID_4BE3101C0A,0.02673360247100943
ID_A5E7B7DF80,0.030884509538695933
ID_F459CA03F4,0.07518548700604444
ID_4CBEB837A4,0.12143733077894127
ID_C8C4071F33,0.12488838631548067
ID_4F868F08B4,0.1442502430503083
ID_F59EE2CAAB,0.0055543609453972435
ID_3911914539,0.442579909317816
ID_328AEFF34E,0.5675544947951588
ID_8E4D69E203,0.9595192612815705
ID_8FF96E60FC,0.0882322689563156
ID_89EB7543B7,0.3750853574445503
ID_A49F6E8E8E,0.6814267491665756
ID_8FB0A2EABC,0.009153886734827341
ID_0E9C84ABE5,0.007291216865440063
ID_A4A6CE2B31,0.027041079652683094
ID_BE93C5F100,0.006759850978961061
ID_4E98B9B478,0.04569625428122456
ID_043AEDD936,0.004412465360840959
ID_4C62ACED48,0.24669880978456146
ID_467696D898,0.0200501919716779
ID_076D1924C7,0.002
ID_0A1F621E09,0.0505649403220547
ID_E958FE7370,0.31996632015661225
ID_059928A5B4,0.005928353997375699
ID_E644585FDB,0.011503126041919734
ID_244A096851,0.040325274470709875
ID_B8A66F0B18,0.8161309185373004
ID_06303FCBDC,0.21508079854890386
ID_A191DE3B40,0.004785207636725445
ID_B35B12FFC2,0.08065918862174433
ID_A36CE739BA,0.30288464701445145
ID_29592EF3F7,0.33329739695075
ID_846BF06330,0.8263285906612823
ID_3127734681,0.006666981538854202
ID_EDB036D90F,0.01182597957907173
ID_262FC6D043,0.007628084043823992
ID_F2C81DDA13,0.01276340700040348
ID_5B184528EB,0.06683191830134574
ID_24DE3DF030,0.003574920381826532
ID_CF88BBE267,0.12356085720031736
ID_548D494AC2,0.0035804921601018946
ID_F12FD430D5,0.14734648501793043
ID_B7E0FE9CED,0.06894123379267984
ID_7559C482B9,0.026767320244080153
ID_8817AF8C37,0.058445149694113324
ID_CBB57ACCCF,0.004980500891832566
ID_1355DFAA37,0.02970363922044188
ID_85F8A1E1C9,0.02733326323305701
ID_C87662B9E2,0.012599437387418196
ID_D9AD6E3548,0.2979551098025178
ID_5FA2BE29A7,0.13909099256547228
ID_DD9EE5385C,0.03526581685477006
ID_6D40FF69B0,0.005596086246685587
ID_5FBE428412,0.03255692532191746
ID_30AB2FABFB,0.0026252235542786263
ID_6C3E5EA336,0.01884702100751151
ID_FFDB265FBA,0.02232089649552952
ID_2D77CA1A19,0.01333616058176261
ID_5B2C9394F8,0.008226020186301192
ID_7D81931E68,0.23864409922326288
ID_EFD1378EE3,0.016467250577415306
ID_8C8D049FD5,0.9927617069994101
ID_63104B2168,0.024196193833729503
ID_67D2202B33,0.37537964225642473
ID_8D439A151E,0.08406370295134824
ID_800D6C555E,0.13775283714213066
ID_ADE8DF88E9,0.04928224481528989
ID_BD6883AC68,0.06322325089936562
ID_3D9C4FB45D,0.024811287937677548
ID_4BB82E23C3,0.002
ID_E7D17E7328,0.8734008667755093
ID_DD999E2167,0.0022894354219257745
ID_7DEA39717D,0.0023183624636887315
ID_6F72D8CE4F,0.08746273904528826
ID_E30D9A426C,0.002
ID_EF96C519C7,0.003830671375160944
ID_B8F9B13EA0,0.043159328722082765
ID_C04975BF75,0.004298305986395914
ID_41B74B85DD,0.021269625051740133
ID_6F50B79570,0.09644792938879078
ID_DCDADB14D8,0.34406472095856566
ID_A50A93EF35,0.00806813862390461
ID_D5A316A909,0.03967419665205344
ID_7BA3767BEA,0.002
ID_A5D7386AA9,0.002
ID_CD6F1C86BD,0.12190001336297297
ID_4BCB95D870,0.002
ID_E88E842FA5,0.043068766849895836
ID_3E79749E64,0.020767465000277697
ID_37B46A88D6,0.01928397199618184
ID_14105FCD42,0.002
ID_3A43C8848E,0.18888044832749185
ID_A1172E0AD1,0.02232174096844563
ID_112E08B8C9,0.006120551246491724
ID_4D07908310,0.29339304562015095
ID_DBBD79485C,0.12163597668746554
ID_32124DE373,0.002
ID_EB50273609,0.038271343722729646
ID_D634A034F6,0.08598970320121457
ID_A3BB617C6A,0.020685802872978023
ID_CCE46B43E8,0.015283126287372599
ID_278032543E,0.26237978644438675
ID_329A2B2330,0.007028141104846415
ID_D6DCDC990F,0.11917246760369979
ID_29AE1BB08E,0.31153399976804563
ID_9F134572BD,0.6710959403893267
ID_567E50F9E9,0.2714190793871563
ID_FD694149B6,0.25466188161763226
ID_3469620BF6,0.0072102561534215445
ID_82D07497D0,0.07155937953103902
ID_FFE950B4C7,0.32819752393397333
ID_494DE93AF0,0.04303351060423317
ID_107D092AF4,0.09099227330589485
ID_567F123D20,0.013277763338735036
ID_F4BC3A2E5D,0.21768002413715715
ID_BCC88E1BD5,0.23660139971852173
ID_C5B68A5772,0.012868663087874745
ID_451FFBEF37,0.04980286652657981
ID_AE8A42FBBA,0.022314829061708497
ID_443B40D0E5,0.2388839844854522
ID_DF4A3E0F4D,0.061767897986215646
ID_7912C6385F,0.040172590023781304
ID_F68B25B14B,0.043096716011913165
ID_D8DB740DE7,0.07297731548424931
ID_34C510AF69,0.6577212917924095
ID_6500FC787D,0.003748609963022094
ID_2F127C67C2,0.006210081529665559
ID_698AD8D0E2,0.5153033896336681
ID_F57FCBB3CA,0.02472331869097849
ID_10C0FBB527,0.002
ID_89D992E7F0,0.04550118356736438
ID_81A94DB380,0.002
ID_EB6530D866,0.004601933152671581
ID_ACC228B3F1,0.08197100754603642
ID_0CFA55EC98,0.2718699789877111
ID_DA6FB91B34,0.00403892383388538
ID_C93BEA307F,0.012272433959451885
ID_0ECDC22290,0.01118548757208537
ID_166C4F30F2,0.16795593053668784
ID_37ADCA23CA,0.025150302064986807
ID_A241A0A46D,0.022413829691778908
ID_0D160DAD19,0.09965821330394621
ID_708EDE8B1A,0.002
ID_6342C410A6,0.01641635589536948
ID_04428B18D6,0.044684037045124816
ID_1E341241BD,0.15562761788556542
ID_56DE4D8BF4,0.2293855241662127
ID_8E93A7910C,0.10558085124830933
ID_4E87BB86FA,0.6107994520928764
ID_F307B8FEB3,0.02897538475440219
ID_12FF715612,0.06957816250112839
ID_8CF168CDF1,0.004420272568642564
ID_C4EF26170C,0.010196052199109054
ID_0B9715C9ED,0.00765032171557324
ID_ABFD42F4AF,0.06272190712812813
ID_1357AD883B,0.4527888114800997
ID_DE7AB13A65,0.0362061830874355
ID_0A17BE5E65,0.07437194572990705
ID_16688A3479,0.002
ID_3D70EE455D,0.55641559896417
ID_67008BBD41,0.021112010091596117
ID_EDD66FD950,0.012522025088883856
ID_7C970B4571,0.015300101454045683
ID_3B1AC2D3FC,0.37405599683113055
ID_923B1F37A3,0.23908088566283506
ID_717FB11974,0.22243946728476738
ID_5A6488C316,0.35283780087942296
ID_F07E9C7EB6,0.04775042358867013
ID_F08B6E03A0,0.2112855762618999
ID_76D108A5E1,0.07164549008651647
ID_FCF09F69ED,0.10512285358533972
ID_746BD45B5A,0.002
ID_AB3186CAF2,0.563475718972239
ID_A51CC9B31B,0.21639975431484504
ID_F77B2D4787,0.08256890979139574
ID_984011B589,0.9569953818603109
ID_4C26B928EF,0.02210765113051495
ID_F127E386A4,0.3915292625129133
ID_DA5F6938E6,0.015094091725121756
ID_A8638CAFEF,0.02111172284770428
ID_EB62397F1E,0.16837803342974497
ID_3475A81FEA,0.7516152566528544
ID_E6C63423FF,0.3699257886375558
ID_66911D7E9B,0.08200236261985708
ID_F6172B7537,0.12940202245886875
ID_BA1CA53973,0.5103705287241732
ID_5C0ACAA0ED,0.430610660413998
ID_BDF008B5CA,0.01613409841742336
ID_CEAF2488FF,0.006252099575703038
ID_63B039EFE8,0.7861634391464941
ID_9EE90937B0,0.6500838330368195
ID_B9FD6C8EC1,0.3318027787127435
ID_A5EF723B38,0.0027630509942248053
ID_39F170FB70,0.008651600063107312
ID_562E8672BE,0.9167339082820587
ID_36D41D14CF,0.003449168943253553
ID_68A6C04704,0.00689649428098744
ID_7DEF21FDB8,0.21897523090330595
ID_9F94C6219E,0.08852016583542391
ID_83E5AB8BA5,0.00782107359754487
ID_881211D416,0.022652796499675144
ID_E338DF15A0,0.021887950355817466
ID_F5F426702B,0.21588135401022873
ID_D5ADFAA967,0.4958026836003799
ID_509FBC5486,0.04394278832887139
ID_BF68D524FE,0.13191025260667671
ID_273946B3E4,0.007266826559095781
ID_BCF3C2FCC6,0.026692458515689122
ID_9F1D3FF5EF,0.0211561364921323
ID_3C5C86A906,0.006470410987439928
ID_FD8904E651,0.5062183884316496
ID_A25B4242D0,0.03250942356810322
ID_F14A28175F,0.007175558286856625
ID_2578B7E65F,0.7323256216553404
ID_1428FA604C,0.6694420326388651
ID_A7C1ABFDC2,0.01905045688642675
ID_D4F9F1BC4D,0.33074841492667784
ID_96ED52528F,0.002
ID_EAE44BC2A9,0.6380134145938834
ID_987B7FD1B4,0.002
ID_619A20360C,0.8066422470927884
ID_D75A649E1F,0.002
ID_93ABF26450,0.07037682063705497
ID_BABC64BF5B,0.02405468931404647
ID_29B6BC63C5,0.002
ID_8EEE37DAAC,0.7935575889667751
ID_6031C47E2F,0.12166367103491023
ID_DC42C4579C,0.002
ID_A3637A2425,0.08940288288320739
ID_EFBA81179E,0.008173969788962707
ID_628BB7A117,0.013579255341476472
ID_8AEEA7E9B2,0.0023181247056653707
ID_2949091D5E,0.0624181954298198
ID_7DF480BFE4,0.022498032227680244
ID_52B7B3FAA7,0.02595545415402606
ID_823D2B75D5,0.002
ID_9D17266E09,0.6656111774283864
ID_84D757893C,0.002
ID_C226FCD6AA,0.01937854485364759
ID_A5D320D6C4,0.2890395736204803
ID_413F3CF9F9,0.04477600147980368
ID_A69C1FFAF0,0.1832018056924468
ID_8E8B11CCE1,0.29310914208687194
ID_DD80E679FB,0.34689850927698257
ID_DDBD630755,0.2155090591960178
ID_10DEEF4E4E,0.9797653994105499
ID_AA4568B4EA,0.002
ID_A058D54671,0.013091520299557206
ID_33C969BC08,0.11666824573659215
ID_8A03C2DCDE,0.022401422590519564
ID_6F69631E41,0.008181260504192564
ID_4E9112A8FA,0.02103271333950929
ID_304237E0F8,0.002
ID_D1B8861567,0.002756717804269946
ID_16127A5C60,0.1029762820547521
ID_01C920CE6D,0.016635820278230004
ID_986CDAEC1C,0.03610171714579972
ID_544A3417DA,0.002733854071887105
ID_41E023FB16,0.08161915241103813
ID_BA92D05BB7,0.19544403887407305
ID_67DDE469C5,0.0076308366890515756
ID_FE62F9C9B7,0.022249084601825436
ID_EAF1B41E3F,0.2673008394859874
ID_963E148E18,0.01235737472477519
ID_4B3EDC7B03,0.06745605731206034
ID_E06AB4229B,0.007031479939714125
ID_82C9078A1D,0.0025897259261654106
ID_A9B0DF5FC0,0.04280268215462912
ID_0E54A28929,0.1579384557590513
ID_D842B5783C,0.013755619088651012
ID_F89FAC6EA6,0.02111646006625641
ID_E0A0E3A61C,0.02081392430727934
ID_4703490706,0.4382966109013554
ID_15306B4DC1,0.07057006670056898
ID_CB5126E3D4,0.002
ID_50561023AF,0.04495316774570808
ID_2356E08EBB,0.044991550318661686
ID_DB74620E6F,0.002
ID_06C0E3EA36,0.002
ID_0700BD02BD,0.25156625417652506
ID_D95943D223,0.46385368658407666
ID_F7086180E3,0.48539317768265056
ID_1E6574DC4D,0.10484631131918916
ID_783F01B399,0.6667284646206953
ID_0B28748F19,0.006369973562316445
ID_0B06138263,0.005047351480982148
ID_50BAB951C7,0.41513954287251714
ID_AEC9D13AC7,0.043994159335576065
ID_4F03BC7AD0,0.007035469132846006
ID_E94E494DEC,0.0027845723973537687
ID_1103F8F382,0.002
ID_A12551F3EC,0.5021531264027734
ID_7FF0C5BA84,0.06638717301698557
ID_56AC2C6484,0.0021340076167718986
ID_819679E4ED,0.04091744142091276
ID_EE281DAFD8,0.09924202222291928
ID_129F569236,0.023408916417573325
ID_74D89871A7,0.008667429692627628
ID_16D5B26525,0.021485760006583463
ID_6E9D60C26B,0.3218397273259716
ID_DB41051F51,0.015162873207112222
ID_C59A1813E2,0.0054130494830390745
ID_122D89C9E5,0.08426948449370317
ID_F07F6DA2CF,0.21274248725899084
ID_1EA56CFF23,0.18200871994028106
ID_73298F9C09,0.04098813855392828
ID_325635C161,0.076378828555797
ID_18EFFF11D2,0.014827132719974783
ID_43D3227FDC,0.026191256773689754
ID_8C50CA4198,0.002
ID_F27634429E,0.03923753442322685
ID_F1E373F7C6,0.005054066265376209
ID_4A83B124A6,0.019203277892139697
ID_1B27D12587,0.002
ID_FB1A6FDA9D,0.0925901043922096
ID_6B571C5842,0.015457062768009821
ID_3081459659,0.5172947830580887
ID_D49A597FE5,0.15692917945051338
ID_266ED98DA9,0.9936357701860264
ID_D8518BB02C,0.002
ID_5577076DCC,0.03184319656852929
ID_50EDA933AF,0.03363672469513468
ID_C54BE4C65D,0.05175376587175371
ID_9B80F1E8AE,0.713766746023176
ID_F204FF58C8,0.017607724130665657
ID_0FD4302421,0.7307846847042777
ID_34FE9099CC,0.043954955151685314
ID_0826F86A5E,0.07455063146082497
ID_0B7056CA20,0.3402198454139895
ID_FA9181C3C9,0.011834403671490601
ID_4F3F32DAFA,0.05462870226939021
ID_B5DF0F77FB,0.02952318596534064
ID_118B991D9D,0.002
ID_201A551AD1,0.007542098663095646
ID_C5805A16CE,0.002
ID_099DA53259,0.002
ID_629BC9972A,0.03151117804367473
ID_EA316D6E34,0.026673028847616843
ID_326ECE6F11,0.043227201851629454
ID_4F423D3293,0.017126493428347232
ID_C61CBCC86F,0.013838040506559424
ID_069BC3FDAC,0.002
ID_7765E302D2,0.007273796503413783
ID_5544E0EA8B,0.011442996012115082
ID_A422DA05A6,0.3685173643022665
ID_7D7FADEA79,0.05947356949658499
ID_0F43C25D1F,0.005092435923675392
ID_086A704F0F,0.004701329990880256
ID_9C3AE34554,0.002741389321825832
ID_A16D4D3A96,0.0026494051835848458
ID_5DE3C2B50A,0.8881885226913613
ID_04CF3BC2EE,0.002
ID_3674A39682,0.002
ID_AD24386925,0.011061704826401312
ID_765B0A7B27,0.16380055402211277
ID_09F9C4D0AF,0.08808067398025936
ID_89DE5184DA,0.10428818086509785
ID_5023919973,0.014806556891097973
ID_79127BF159,0.05550024082537029
ID_B92DDCBA46,0.9949331929200596
ID_AB038FE1C5,0.023100556895288085
ID_CDF9866A7B,0.011516745825801337
ID_7BC4657DEA,0.16894845218627413
ID_07DB9DC865,0.3932716059999076
ID_37BE29AD7F,0.06918643501228662
ID_3013538172,0.005292400301059929
ID_8926983D97,0.09291169378646506
ID_1741B0D86A,0.0069249377867153595
ID_7D4F177F7C,0.07363261414518685
ID_CE94D8D333,0.011148988781252608
ID_887C227211,0.014956679735853858
ID_62537C621C,0.010219646022937175
ID_E877887EF1,0.8537203210062345
ID_1A31C6EBDB,0.029018971799263247
ID_A591E885C9,0.0725593124848767
ID_2C9CF5282F,0.02131278183789017
ID_0B83328D86,0.27023153662640537
ID_593AEF97CE,0.015141193332355519
ID_3C93D6A86B,0.12895475299559486
ID_3B78984B90,0.015044094480545124
ID_32340F38CC,0.031105783343764817
ID_2691C3945D,0.025279212591941352
ID_5578138112,0.998096390968913
ID_FB5ECC35F5,0.9012026912949165
ID_911AE8B9D5,0.16363482040339816
ID_36F9776B15,0.006531184988794702
ID_033B5AADA1,0.11152595986103389
ID_594B27C727,0.0075498509952743745
ID_31039ABDBA,0.26395238044744207
ID_C63FCD4A44,0.005831255864574602
ID_9FB7A42D8F,0.007214331080789466
ID_A4B4190429,0.1595705148575616
ID_56423AE205,0.040046691432442195
ID_7BC1F6A897,0.007130610460035795
ID_675FC3A1F8,0.005200305537830768
ID_6E8A55799E,0.07072773451559272
ID_1D9FE7ECAA,0.002705487380323052
ID_F254C7AA21,0.21915746182252205
ID_41AF9E6065,0.002
ID_49E6469500,0.002
ID_6E8070D702,0.01175987131659304
ID_E5509E33A8,0.0034976740733495284
ID_A39879BF03,0.01511338778567519
ID_3CC3986B67,0.07855053704963134
ID_11B0FE28E3,0.019045970805674797
ID_24874546DF,0.002
ID_85420795F4,0.002
ID_C41D7BE2F1,0.1349485232601892
ID_A23195112B,0.007411999301218391
ID_B51A41080D,0.01709507409546974
ID_029DC970B9,0.002
ID_B3B1D78A1F,0.002
ID_D995A28EAD,0.02263300636012352
ID_0084BD27A9,0.9860036698472964
ID_A368A7598B,0.002
ID_C7A8AA54DD,0.0036833771425805266
ID_0B4949FFA3,0.021673720330205218
ID_7DCA1A2334,0.11640872968489395
ID_5BCAD0BAEA,0.41029395742844776
ID_FAA004FB71,0.7123588855313739
ID_F02DAAA862,0.16947161827511503
ID_342A4B73F5,0.057910255633845976
ID_9A12949BBB,0.05292857389270664
ID_E32479DA11,0.020745933881242122
ID_88C8902EF8,0.16092938142726562
ID_AEB48A41DF,0.09797104886281843
ID_8365FAE33E,0.3355706885162556
ID_F1887ED73D,0.003427623853696392
ID_25088CD4AA,0.002
ID_835F00275C,0.017722979341759953
ID_34321294E3,0.0822282062952689
ID_96FEA9B310,0.7773129823458181
ID_8F629F2788,0.564235820001966
ID_19D1710C9F,0.22599350256498857
ID_0F8B8F46AA,0.8624969659468054
ID_2E4AF60FDE,0.015390333384739429
ID_3EC34D4AFD,0.006671544110260058
ID_808D8E780D,0.03122805726921069
ID_B1DB3CE17E,0.10058470070317996
ID_8370C7A371,0.017267391778069806
ID_518FF6BDCF,0.01394832083797345
ID_DC0993921D,0.002
ID_EE03A97D3A,0.004758151527589042
ID_594FC1A5EC,0.022602321710481498
ID_48EC1C11FF,0.011304097030262559
ID_DABE449EAB,0.007234516706941884
ID_18F77BE689,0.002
ID_B897281D73,0.022354508759454075
ID_36C033EDAA,0.002
ID_4F5DC06D3D,0.5121079230882493
ID_A594F96731,0.019057571084052455
ID_5F954EF694,0.004657480714932728
ID_1F26DD36D1,0.05133023715545328
ID_04632C4D56,0.02920903552650049
ID_5F6ACD046D,0.10004144186076341
ID_FE3B070F22,0.002
ID_4A22FFC4D5,0.0024570673340826533
ID_717E2C7EEC,0.43920855450918034
ID_F0391A9D36,0.0021017811544963
ID_FEB8C8E8D4,0.536508272740244
ID_A19A8DAA4E,0.31677576164430943
ID_C07B3ABAF9,0.8881340017777047
ID_5568A73DAF,0.012326045470289803
ID_A1BDFAD708,0.002
ID_94076973CB,0.3566387590893999
ID_DB4BE1F7FC,0.467184530588771
ID_8542D2CD7B,0.1340050789734169
ID_886CD4EE17,0.9783407041848637
ID_D609657CBF,0.08662596359784679
ID_85B7DCA330,0.018546100956633393
ID_5228924CCB,0.025200380017224893
ID_04B34FC670,0.12146211568877412
ID_8DC2C9F04B,0.027928900946458356
ID_0D9D1B9DE8,0.016934093779322666
ID_23DCEEDCE5,0.014404172028974526
ID_448F182E75,0.22560347014809878
ID_66F5753367,0.41880525455117296
ID_27E0DA421C,0.013357650631355363
ID_95477B60B2,0.3651217810219595
ID_E311462C52,0.01613788238504371
ID_13CED2B8A3,0.002
ID_9C479AD33C,0.08644080239551453
ID_A4BC6ABC07,0.015505191807941823
ID_F4DC875775,0.016766246274962593
ID_4184F4A7CD,0.17864954973493816
ID_9EB91ECC88,0.0022399959158203244
ID_EFA0E526D3,0.984186172964684
ID_F7A4634489,0.17010291470604685
ID_E38AA3E760,0.8344634421728524
ID_8E77869072,0.004774935247036513
ID_5436FCB8D3,0.01586433117961583
ID_2CD2AECCE7,0.6056271249270597
ID_7DC2AF90E5,0.002
ID_00CFF41917,0.04262507097697608
ID_C6CF9B322E,0.002
ID_E0646513ED,0.002
ID_169B3A056B,0.0035668672293978033
ID_BED01F5AE7,0.002
ID_D212C1EDB8,0.806784760803319
ID_B47474D0DE,0.0027059603200339597
ID_FEC11EBBDF,0.06432833038844032
ID_39B52818D8,0.16512827297158048
ID_595924AAE8,0.06718972754219461
ID_1FA98BD27C,0.002
ID_5F7C87A846,0.05529818878522687
ID_420B1E32E7,0.011920508590251337
ID_1D090912F1,0.09769046804701564
ID_A06CCD5EC0,0.21129635685126968
ID_5623AA70AC,0.4937105571873304
ID_69DB82505A,0.002
ID_12B160E5D9,0.002240501451475078
ID_F79DB5E605,0.24050614679074872
ID_5F16F6F600,0.003482268856399861
ID_58A9A94FF4,0.2997210778621814
ID_A91098F944,0.006000046514467964
ID_418ADBA49C,0.007252865898304064
ID_4EE97FCE96,0.03545700669905859
ID_923E322F29,0.25707754688490797
ID_8BA97B936E,0.19625992756585528
ID_4904782843,0.03713101862836788
ID_60EB3FEAC1,0.008590037365737624
ID_B076CEA91F,0.609601141418132
ID_CEA4EDCC47,0.38717619719364404
ID_CD7D8E0A47,0.019300470043097612
ID_8E4E4CACE4,0.5001215688843582
ID_93E0678850,0.2885329313247214
ID_4240ECCC4C,0.002
ID_05DEB38F0D,0.26567795663597127
ID_65876CF54F,0.08391224593124474
ID_62F5DE9DC8,0.8824866798078995
ID_781556796C,0.22473683128209304
ID_22DDB961B6,0.2225717132368691
ID_69C1CD97A8,0.026299374749121012
ID_1D38D084A7,0.678633874311271
ID_F1D3618EB4,0.06263531865859262
ID_1BE06B4539,0.05072528504169564
ID_BF0FC78242,0.08815465667521186
ID_57108D4783,0.006855563760447677
ID_0713F7D6D3,0.049305050684671156
ID_33C9A46BA4,0.08941186689185719
ID_70FB4254A1,0.020770964186099472
ID_4AEB3CAC20,0.04858247776158497
ID_43DB240B53,0.22407317699227888
ID_9AFE42469E,0.10262305223407103
ID_B6D67D4FB9,0.022923852996140026
ID_C95DE8E8FC,0.06538567499774188
ID_3596D1CADB,0.5414636641299042
ID_C4EE04EF35,0.006961356114757323
ID_57D533FB5A,0.04572566470683167
ID_2EFCAE68FD,0.6769338653313115
ID_65A88E770C,0.051969715284400524
ID_CDB76B8BC5,0.0020021484132514023
ID_D8D9293432,0.008198925556107317
ID_EAB0BB2B59,0.028200925780590958
ID_8F97B80F3D,0.0159864097584433
ID_D7DD374930,0.011461970378465794
ID_51CF98570B,0.022094588580200518
ID_28BFA1036A,0.3368964870994384
ID_4C1535B72B,0.2880529678713448
ID_CCEAA81306,0.002
ID_61F2931FFC,0.021677403670176815
ID_9F2DF16137,0.4390106598857292
ID_8C26B0DDC7,0.9973091321436046
ID_DC24E549FB,0.01680762395644572
ID_58435E2731,0.002
ID_A3407BCDBD,0.0035826832307503604
ID_F581953533,0.20942024265512113
ID_4046FD84B6,0.3175611421050193
ID_8915C3CCA2,0.4580101235232934
ID_D8E987D3CA,0.2930872663107747
ID_443749CE7C,0.7770421599360128
ID_913C32C8D3,0.00621149685969479
ID_5990877CCC,0.005168879896031005
ID_29BE292255,0.13367512789520794
ID_92B8255E8D,0.011043847662741824
ID_4B5F71064E,0.005226466558445248
ID_BA0D0189A1,0.04127883204880453
ID_687F7DECED,0.00561497291765773
ID_4D2A735D80,0.023603145470530985
ID_6C374252B2,0.23473121479401046
ID_DB588663B1,0.023021300615079576
ID_EF548D6887,0.010100256658473158
ID_09F2ADD635,0.002
ID_F185BC1DD3,0.02267171923736039
ID_96F19A7B50,0.0026656124679366035
ID_B8A2C13AAE,0.015643398817396598
ID_9BA35A826F,0.020495464995033782
ID_D5A4545B86,0.011162380267987439
ID_7FF58805DC,0.12302337895986656
ID_691C59C84B,0.013305041182286466
ID_D9539A460C,0.0955951675486694
ID_FA0426F0E5,0.002
ID_9FE5E69949,0.003707215082635673
ID_3A00630FC4,0.03726986394793451
ID_3972FCDCDF,0.006679754240870095
ID_213ACF66C3,0.002
ID_221B1F43DA,0.06807458886476153
ID_093794D26D,0.0051217636388323565
ID_9F668287FA,0.013213027740966183
ID_93EAC38914,0.016515411404522014
ID_16C5DDC4F3,0.09554554203408767
ID_C21855773E,0.18978750153380472
ID_D052537D48,0.002
ID_92E25B045B,0.06667354049376895
ID_5D41E2B736,0.046152031701827245
ID_7BAE6D2DF5,0.0075039803790543395
ID_54FE319675,0.6561775659686089
ID_C9BBDF4376,0.9140601889422055
ID_9E17FDECB3,0.14580812754154948
ID_E743053DF0,0.012700490018738797
ID_BCEAB0A473,0.00617589125849279
ID_9C901EE17E,0.044846287015108774
ID_5A0C8D5B03,0.11629224987653511
ID_D11DAD7317,0.00677284540370547
ID_61865C09F3,0.02349349028820426
ID_931906B2DA,0.7175523548241706
ID_32E4A05630,0.05360617418073488
ID_83A4488948,0.23403996607377794
ID_9BC0232A1F,0.1078878064864634
ID_2EE2C216FE,0.026557058635835545
ID_626426F3A5,0.09230787853534755
ID_40CDC31476,0.004835394309712893
ID_22C939D934,0.11252101328095442
ID_1DFD3219F0,0.010890490087661499
ID_85ED186BAC,0.011444880478342983
ID_1900AD6B04,0.3347449760437636
ID_678826DE50,0.07080707547027007
ID_77D71076B1,0.40875782180255227
ID_92F0393BBE,0.021315188679929545
ID_671DCC303C,0.8016681328582805
ID_8D58FEF275,0.016343745881563
ID_C6D61FDF82,0.002
ID_7AAB3AC93B,0.007065230699837974
ID_1E6D78E5E9,0.20942184608605396
ID_598EA2AA92,0.013080818726862745
ID_61BFCB7D9C,0.043406070170928616
ID_B4D863896E,0.0027535413028665244
ID_D55D69D2B0,0.012629453152242823
ID_BFB40CFD48,0.9367296912522528
ID_1E97AC0A8B,0.00547060825132468
ID_FA9D351CD7,0.020694505116809866
ID_D3149550C6,0.002
ID_F4BFC25D2B,0.002
ID_47875B5784,0.3075621338280418
ID_94FA210016,0.025179975892986994
ID_3C98EC278B,0.013239958551132129
ID_1A804F714B,0.90425395332596
ID_F48E29BBD5,0.002251219701472186
ID_81385AF194,0.010304623093822466
ID_C1A4DFD083,0.012977700816349866
ID_E0EFCADDBB,0.018776259320040792
ID_F7EA2D997E,0.01670660017761104
ID_928897F866,0.6005344235185511
ID_A6C81C85C2,0.007134081346494216
ID_43BFCC8115,0.02295659245324883
ID_7ACFF8BAFA,0.026864625256168825
ID_5FB456A0DF,0.003393680915412675
ID_B42A7BF8C0,0.0021340540698295187
ID_3AA751E726,0.047600480885104074
ID_072066B92C,0.3655356161749072
ID_FC8631C075,0.004232061700719915
ID_FD3DEB6874,0.02495726421944354
ID_636B5BF211,0.12632050036039374
ID_E9841A0C6C,0.003609126766571644
ID_E644B2C66D,0.42781432085148213
ID_2CE3D74C44,0.9967002897308189
ID_60C493D284,0.013956845870883347
ID_530214FA69,0.002
ID_8BA3709CAF,0.0027421761626260665
ID_BE6DC23A98,0.05187832114234443
ID_D682C936AA,0.11365063817595782
ID_3BA4F367E6,0.950309844536887
ID_F019E4BA7A,0.021191872356224616
ID_5BA261DE62,0.05118145994946933
ID_6EE6D77B60,0.012472078012304193
ID_4F6030D632,0.002
ID_3B5DCDECDC,0.019323506262089056
ID_09B5D168DB,0.015630679184155758
ID_3E47A0524B,0.019412530438323267
ID_BED1AFECF1,0.005943913345814762
ID_E1B5E9AF14,0.35896515502045906
ID_D5D460F20D,0.05251476874369109
ID_C976C982D9,0.06236727943548545
ID_AD8093619D,0.008165655026566172
ID_012E8ABE0D,0.6175571497001766
ID_195516AF21,0.2445376344896503
ID_9959D5432F,0.007262590726237325
ID_3F2D4E163A,0.11730361588740068
ID_1A0BB41D72,0.0656069445350423
ID_08E0B3A91B,0.2435498884765557
ID_B98334A877,0.0027509905636292913
ID_700C3917A9,0.002
ID_CCD478B8F5,0.02144451817627119
ID_3CB8D218B0,0.7567072510412879
ID_7FEFEDA53A,0.03528240692711531
ID_3D90F9AD83,0.0023008716218722997
ID_AD2B7C8F23,0.022628334302385995
ID_BA647CDA68,0.5496044815693477
ID_E3ECD854CB,0.004535606186107895
ID_C829488E83,0.049811941677789726
ID_005A601D03,0.09166797887010768
ID_494BE2C259,0.8810869631355291
ID_252AD63BB1,0.5939563183075274
ID_76AA15A055,0.011820581781503104
ID_A3FC0BCC94,0.01702107813846618
ID_F94CB8F830,0.0021979059253995088
ID_8B1FFB4D0C,0.6063769984258857
ID_AB0934DAF6,0.5412854287127711
ID_3395A95670,0.009912911867947925
ID_725F8967DA,0.21047006028089732
ID_D6E4CA5EC9,0.0026385265998548077
ID_86B9CB971B,0.029055287206130063
ID_167FF952D0,0.5213697336974666
ID_F9A2529C8E,0.3380049953516883
ID_84B036A64E,0.14735918781837376
ID_7C59F42154,0.15324612634798615
ID_D102C673F5,0.9749803595335791
ID_3CA31A3629,0.4228831762688705
ID_D2172C3F52,0.04640539256374946
ID_030127448F,0.011840934108793603
ID_B128FE10A5,0.048195163224093264
ID_62F5CA6973,0.45430893178137494
ID_E5D3D25A86,0.00436661693019261
ID_8EE3A7E541,0.2838942421313597
ID_01D328D51C,0.026170864604256296
ID_8479141D26,0.17603461286336838
ID_29FFCD7696,0.005653259441756322
ID_AE977EC723,0.002
ID_DAAF4C90FD,0.004566517474124662
ID_88A8D07309,0.019398653146739924
ID_876E1F6629,0.01692827954953728
ID_D3118D7755,0.0020245394201664126
ID_B8EE53AD23,0.00748872036806286
ID_0C1F6B0531,0.0020170184614830295
ID_5BD9BB1499,0.002707220828660336
ID_0C4D86279B,0.06267550175495414
ID_218609E1B2,0.002
ID_41C84B21B8,0.002
ID_C1AFBC3648,0.00601832392647204
ID_3FFCDDA7BF,0.007195748694004388
ID_39933AF9E6,0.013211548179497379
ID_36F5453A30,0.002
ID_E5545C0A0F,0.00581933569141644
ID_A62E2407E1,0.08395711417897728
ID_28BD3B4F09,0.23213815455694248
ID_023BA9D3C2,0.07886302161496271
ID_0AD473FE64,0.04767273674400395
ID_C0F158FE03,0.009436147218870162
ID_0F204FBC5A,0.002
ID_CC947FC14F,0.963260279842383
ID_FFC0644E88,0.09650932561366958
ID_12005E774B,0.018266825249751963
ID_7BCADDD966,0.004433634661535464
ID_4C45CB58BF,0.0413508785317205
ID_C255C09D17,0.013351281166470799
ID_3561E5C2B3,0.015446838732672876
ID_55538A2500,0.6795506852548788
ID_DD4830EEEE,0.04537211512543009
ID_DE999147F0,0.9913387330516933
ID_97827AC013,0.01321822943098162
ID_65B3F2FAEE,0.090693023128917
ID_0E502BA393,0.23718469443699441
ID_002A6FB8DE,0.10018391842694796
ID_DFD4C33928,0.0990572743872239
ID_B6E1F3FC1E,0.006750211439534587
ID_52FDD75590,0.002908705364691135
ID_2B220791E2,0.012450895374359535
ID_7CA96114BC,0.005269959117309127
ID_9C560097BD,0.002
ID_AE568C1480,0.013807449858264103
ID_67CB6E3310,0.06082576218776611
ID_D985A0AC13,0.02671247664970453
ID_1768FE2DE9,0.002686424534924106
ID_80DB4161E5,0.8861720689449774
ID_AFD695DF83,0.5490015623216142
ID_35E243DB9B,0.5500594181240012
ID_AE64987628,0.02405937375851882
ID_174AC583CC,0.002688246870667461
ID_5E8C49B159,0.002
ID_1F00F93BE4,0.006521920116026896
ID_645F1ABA18,0.2155356161179894
ID_1B9E98A1D6,0.5696491685777423
ID_BAD1628663,0.006044717301943206
ID_80FA8957D9,0.021446650163499552
ID_26BA733310,0.26516266720289067
ID_C69A57955B,0.002
ID_1F559582C0,0.02383937193640136
ID_FE026E9648,0.29045284938887206
ID_6A66CE0CD9,0.0062786139399705
ID_D980200368,0.6058571981715868
ID_ECE6B289EE,0.6836373282324898
ID_76A359B2F6,0.01970407594570017
ID_0214B3E401,0.7074552478940874
ID_E51A8FAFCC,0.03809068693458761
ID_713C94E591,0.5652281295460937
ID_0B50854FCB,0.7375829765867896
ID_E4872F7C9E,0.013536535728703029
ID_BD8EE6703A,0.004658972023603289
ID_E9B1C82483,0.04178401857893413
ID_6F2EE30EF9,0.4228850318069702
ID_94C87AF44C,0.5891749629456523
ID_E35C6C1D1E,0.142457043189765
ID_C156B44072,0.05681656935909683
ID_C3F6091FB3,0.583906432766031
ID_E1E571643D,0.029765112138552922
ID_FC51147B61,0.25296150899105424
ID_BEE20D90E9,0.6706075983269104
ID_EE2274843F,0.022136845281058408
ID_67BC030A54,0.020509108907546238
ID_520E4F83DD,0.019297172716432658
ID_6E2EB89DE5,0.26078329979505654
ID_3661B50F09,0.002
ID_17CA93C141,0.016125763573190566
ID_94D628D5DA,0.008197892652874305
ID_976EA9713E,0.002
ID_4B965BCD81,0.04986563527666683
ID_E281D983F0,0.2166868053821672
ID_DCA0D3F5D4,0.1602736376009145
ID_6F4F358822,0.007510998521914134
ID_2DBD0801C8,0.9785792752272093
ID_1938733643,0.0758145809975942
ID_DEA5036DF5,0.004010010489294527
ID_AF65D4A19F,0.002
ID_551AB2D7A6,0.002
ID_C88EA51774,0.07722250677164208
ID_6B6E18AB86,0.2351508706798227
ID_7B240F7092,0.13659155864155534
ID_BEC291D4C2,0.01876568027045112
ID_7028F16524,0.002
ID_915CC22955,0.06306093787719523
ID_2698081B3B,0.005096027371797954
ID_2854BD6180,0.992101798299517
ID_9AD4BC7603,0.018160452849803818
ID_BC91403FD1,0.9878254797232289
ID_DF24744BAE,0.045995783476955994
ID_98B16ACF4A,0.05766856061725107
ID_6FB86929E8,0.05158546602486707
ID_01518F32F3,0.043258185139953866
ID_56360D913A,0.9899943585702214
ID_BEF0928C7B,0.7981590217999933
ID_2587E61137,0.018547868510240404
ID_4D6B22464A,0.9927973676805455
ID_0EDDFE180D,0.025690483835025712
ID_696621085C,0.03155033388842906
ID_F96C07F5F3,0.006277910898952925
ID_97C7895D5F,0.9688137258420748
ID_649ADA90D9,0.003749011087417795
ID_69C655DDDD,0.013683205039506338
ID_AA492027DA,0.08174759111412966
ID_DC8A5E6FBF,0.004935820154978188
ID_6D78E302ED,0.0022365072609926264
ID_FD102DF70A,0.9937215804122322
ID_319CE5595D,0.19722100001169976
ID_52D6DE4F00,0.022134861401059937
ID_EAF2E40B5C,0.0020051134502991437
ID_B7A37E4E65,0.002
ID_8AACBD92E1,0.0036446514022141865
ID_83A686EDBB,0.023571635070937444
ID_FB8F4DB5A7,0.018890656088538866
ID_822EF4A428,0.002
ID_F5D244396E,0.12860297141408555
ID_7D6C2C69F9,0.08678665601452311
ID_F5E87E9486,0.015573398928255022
ID_6C13414625,0.022246991053773087
ID_1F99FD329C,0.4854502814410018
ID_4BEFC340B9,0.00886260109017454
ID_D5D8B43137,0.09262252262967802
ID_2FE134B8AB,0.42747090580397445
ID_767D6BB40B,0.0812626546582031
ID_4B6ABB1760,0.002
ID_ABD75D772D,0.016305081027367666
ID_FF135495C0,0.08002935466535448
ID_CEB83A4048,0.006629052524470903
ID_57118D3324,0.006100821596455725
ID_2433FE9097,0.019679687240580664
ID_4F7499AC6C,0.011928093172145755
ID_9B02A80826,0.7827066374116741
ID_8BDF7C940D,0.0077773879162116154
ID_F5E007A054,0.4254905203431024
ID_FD7F8C5364,0.018035150692479754
ID_20EB02BD33,0.011898575955636138
ID_1A6550EE12,0.002
ID_468A99A160,0.18647082978318288
ID_BECDE1A8F6,0.0040675074407428725
ID_5C353CB847,0.7410741307415988
ID_FAF4EE53E8,0.04428810857950226
ID_84F39C78CE,0.014374081866966336
ID_96ABE9BE32,0.01710028017356264
ID_62FF5D12C7,0.4662440474744358
ID_B2B06B4AB3,0.07978448474409894
ID_C73789037C,0.0788308604022543
ID_751B3247CA,0.24311061699455846
ID_53F5841FAA,0.2915800824769896
ID_406432DB34,0.006572815685227386
ID_91F64FFB2E,0.005799054132980653
ID_48603349E1,0.010457185829517815
ID_C78231767F,0.008218960813549742
ID_5D9F64A770,0.5115293388342951
ID_55F32D4FF6,0.04688178436886405
ID_D33459ABFE,0.02384439372738047
ID_AECA363951,0.43414443723130625
ID_B552E7E9F0,0.011931723152060283
ID_7B2EDF94D4,0.014085531763408814
ID_909AE2C220,0.0262156291591566
ID_50E3A67BCC,0.006048696592900677
ID_7EA2B0A2E4,0.004673663343124835
ID_89D84556C5,0.017080064676494162
ID_CF5C7F4D9C,0.009588861862091937
ID_BDE3B85743,0.2625948170190549
ID_CA626605EC,0.07301778845877653
ID_5C5101CB76,0.20562043653637102
ID_9072E79B4F,0.2505543050767191
ID_B452FD21CD,0.019606292426599555
ID_C7E73671E6,0.04838960964695992
ID_69597C05BB,0.10984804738140296
ID_F0CE471E90,0.5176713193797019
ID_665D136189,0.25946890533439637
ID_7DD7606810,0.010474917028347425
ID_2493EF92EB,0.20070885700371197
ID_1345FD3088,0.24594130677317597
ID_54A823DC38,0.0031583125603186547
ID_A6D7D39FA2,0.020135137535074177
ID_2633E6A1FA,0.00989830133885506
ID_8DAC5FF89E,0.9758945732582069
ID_D8E645199F,0.16539934968576794
ID_0572BF7AA2,0.06354052481393493
ID_A0E66907DD,0.02892642571664554
ID_190EF427A0,0.003378060675480556
ID_666B15595A,0.0053430412533344365
ID_49667E2DC1,0.07632483306512416
ID_8EF39BC1DF,0.5072010950377192
ID_A60AFE399D,0.011160319541347868
ID_18CA9BE24A,0.23383516700622764
ID_7165861A5D,0.3959377942458448
ID_069E97C067,0.019428509290220313
ID_C4CA2FB6A3,0.1470354553308784
ID_918E548170,0.4592751316326748
ID_40137673F5,0.02280937027212075
ID_87DC5E89F3,0.0406322952842454
ID_5F29EEDD28,0.12380305357281367
ID_4D66709B1C,0.01694366887357613
ID_1EDDD87158,0.00345131790063724
ID_AABD6CE886,0.06184099427670711
ID_CBB6A6F917,0.00465891699491979
ID_18DFDFFC00,0.23601287159333895
ID_804F1AF2A6,0.007257743287246284
ID_03E798FD3E,0.38517808805695486
ID_53A7E8F227,0.022788279503590636
ID_34C8912792,0.019370451887544445
ID_67B9019EE6,0.33323520544895213
ID_DB5BA22071,0.002
ID_EBAB03B1F9,0.04053609682917544
ID_23E63778B1,0.05010008224847294
ID_375F43CE0E,0.045149129386583844
ID_E6839C7F61,0.9978360932785013
ID_BE321C608E,0.002028573500219405
ID_4F67A3E4D8,0.06521731404895448
ID_641E0E64FF,0.002123760925927821
ID_EA1CB965D5,0.01126913435828971
ID_A7E726B91B,0.09402957697564605
ID_6CA5B8C181,0.12492896256114304
ID_0840CA9080,0.013150760595693057
ID_FA3488595F,0.14179372104498378
ID_D9086E4E9D,0.006714513960687668
ID_891AF6B0FA,0.49515100649652
ID_E1E5BB5038,0.015234139221199502
ID_D985214194,0.07929736358084012
ID_2CD3EAA35F,0.797093199781545
ID_E51057F245,0.019822862075917522
ID_AE52A2E528,0.019671750665828245
ID_AEC26218EE,0.006345751881224291
ID_B8823BF08F,0.002
ID_60CD525F25,0.4389728649169264
ID_CC0D2CBF26,0.9854452619852154
ID_3D9F183D04,0.020417106949766558
ID_3EA3DB3666,0.07651343623188984
ID_F7976397FF,0.11992316239598941
ID_7F79FF0802,0.020417421593580374
ID_00CEF61140,0.06291556389570152
ID_4B72A68F88,0.012103914905620702
ID_E34CD9BB68,0.002
ID_7A6D25816C,0.006950664231332755
ID_0BE04C58C4,0.0753092309723239
ID_C66F88D1D1,0.6365760704292794
ID_A46EEC15FA,0.5277868454055652
ID_65335797E4,0.15546739038445043
ID_D43460D874,0.029762444454649567
ID_5B81CFE79F,0.002
ID_84369AC8EE,0.03576525208266428
ID_6447E26484,0.020722006990389105
ID_3859A1C9C7,0.043367807085810825
ID_14B91E5BAB,0.022757209608275753
ID_B7D7F38847,0.07091312164717675
ID_9EA7790899,0.024367322175240437
ID_BFF7C0D612,0.002
ID_1CCB6B900A,0.056314639452324726
ID_6B72C34FED,0.035463965925402956
ID_A398502E9D,0.9956480574267884
ID_4532F224DA,0.0034108827226673466
ID_0F4C3CBE6B,0.046752480709137595
ID_AEDCE5BF10,0.983718518138829
ID_3FDE45CED8,0.08801865920027231
ID_851AD17CD6,0.2924755580694818
ID_ABD3868F15,0.09177761981845169
ID_A760477091,0.01464735783051231
ID_716A5AA547,0.01608784002650343
ID_2FBE3D375E,0.0028018529589611796
ID_154E9587FF,0.9593577740844951
ID_BA324C1586,0.006754539233578068
ID_F6D62EA1B6,0.35451959057332216
ID_C636664FEA,0.0060606130395768265
ID_6E0EC39AEB,0.0024827275767001613
ID_4B1CBBB1D7,0.003787891274830604
ID_1CF8337833,0.11600448897557722
ID_91372256D9,0.007533717521856502
ID_C850590FC2,0.6247384331752596
ID_10B8515F2E,0.10645437215454329
ID_C8CB1288FD,0.006532051626479357
ID_39305EFF3B,0.132719240742406
ID_06523BE01F,0.12895302610382722
ID_FE454064B3,0.06231060241829318
ID_E67722011D,0.08649160547971328
ID_541F3FAF66,0.024775310334018585
ID_2559114C6D,0.11343258042763892
ID_76B9587705,0.007883934224366555
ID_8994946BCC,0.11224860472395329
ID_B06354EC02,0.002
ID_50B1CE8834,0.025941597829845776
ID_DA225CEE85,0.06824288923855445
ID_3CFDE58DC7,0.054627875271726016
ID_54CAC6E3F3,0.4317512344387635
ID_BFD4FF4BDF,0.381420408218997
ID_A43F44693E,0.12645887618382765
ID_833D605256,0.14850381684054256
ID_55E16C28AF,0.2648592675126672
ID_9F98D62CB0,0.052746440806490526
ID_251A42B756,0.022132404223081426
ID_76C754D5D2,0.07003363072292386
ID_8E29A432AA,0.20669938597451637
ID_2FAECEEFC1,0.47086764065394476
ID_C656BE276E,0.005969858787541856
ID_283FC1C6E5,0.0508692759421425
ID_1DCE576A0B,0.004923817103302873
ID_BDAAA6142C,0.24975993377433345
ID_7685FCDDF4,0.0035559746759019043
ID_53B36295A1,0.302392038334348
ID_656D131B8F,0.011393563225894136
ID_B9F0B88CF3,0.005510835951247006
ID_612BE450F5,0.00953472276164257
ID_82E6908E69,0.0036313192940911187
ID_8DA9475609,0.11216879966160069
ID_F824B3BD4C,0.2775364617548319
ID_DF907D32F9,0.006425695473238268
ID_943CB3D4D3,0.07660056656999667
ID_9451AE05F4,0.226906050002903
ID_B0972C9E8C,0.1230605442571568
ID_209B5C4226,0.017107543720200097
ID_9BFBF1DE71,0.4950045517999241
ID_BBA7ED7B9E,0.6809924189041402
ID_E75E8E3AA6,0.14095887709198143
ID_C48E5318AF,0.002
ID_94A2063941,0.002335374809338975
ID_59CFE44D81,0.017328343073761313
ID_0732D40154,0.013898735175475537
ID_27253F17F9,0.05281470985713704
ID_7FE7EED981,0.05599958678753851
ID_7BE6292335,0.021383918606449233
ID_276686BEA4,0.057772942402570124
ID_DC16E348B7,0.015939872394275637
ID_D052A74D14,0.014260469824009595
ID_0B414E20A2,0.006557533922501889
ID_CFCAA13D12,0.3881598948147265
ID_AD1523BDE6,0.012822943210526454
ID_0236F5AA24,0.042932897996968596
ID_D7E914EDBB,0.002
ID_B0069163C9,0.8738342839090728
ID_E5835513EB,0.007113866880754624
ID_FE3CE1C152,0.0020607023001687997
ID_0B854A0C1A,0.006874746495246572
ID_EE453BFA7C,0.002
ID_38613DAD0F,0.017477844094025738
ID_05C8462144,0.0021026530052752567
ID_734943E3CE,0.018047825830708845
ID_863FA62135,0.024050549999796823
ID_2BF94F84BE,0.043014034382620095
ID_E1043D8C08,0.30456238510289224
ID_762BA0084B,0.23587387718681738
ID_E150DA1020,0.026183657058200107
ID_5F1CC262FD,0.023646926968728735
ID_23D1102EB5,0.006431210433299658
ID_1DA7F2DA30,0.012323667406557767
ID_0A166FB589,0.9924779072755061
ID_819B54E4A7,0.9968772194407348
ID_578F336E9E,0.08955546877669045
ID_126B9C56E4,0.5828483757937035
ID_3049B00214,0.05566588528937916
ID_D98831E528,0.015379409223302158
ID_84694AD8EE,0.006460774700920785
ID_04734ED56F,0.21896251408975598
ID_7F76EFCB8E,0.007050002631768028
ID_B4D071F70B,0.04881356741638943
ID_2DE117DA1C,0.002
ID_DC140813E2,0.1649376611800474
ID_9964D67CC1,0.898715555261213
ID_634E0E6398,0.039989252002143406
ID_92EBC85FB4,0.022414386451824534
ID_A6527A412E,0.002
ID_C1381E6D6B,0.02198073350089815
ID_30C12BF803,0.05033291252234335
ID_43BF163A93,0.008506589732811123
ID_4F4110ACB9,0.020824424980275858
ID_EF087FFC8F,0.1588294660992069
ID_476ED78647,0.16167226778187666
ID_5828F14A50,0.00687001586759298
ID_8B9AFCC8CC,0.005906201857740985
ID_068CE8C3ED,0.007178704895131832
ID_EA7B619EFE,0.014929824919945345
ID_EE764BAA02,0.006733511496621608
ID_C3E4EA3988,0.8670433222158443
ID_A8CDC33696,0.002
ID_EF2FED0D81,0.016868519506195775
ID_8FC26BB921,0.05531787423666364
ID_6808CE072E,0.002
ID_5BED21E5E8,0.005734342165977726
ID_F439E7C18F,0.4879865167542619
ID_25E5D86817,0.002379956315360807
ID_F02B693DBD,0.2111351718444615
ID_757765C272,0.08623544715720291
ID_9171C8F127,0.04944628596736105
ID_B19D40267D,0.7505111726203614
ID_9138D17680,0.002
ID_68EA29A2F9,0.002
ID_2A30D25A72,0.0464822063381473
ID_C7289E2686,0.002
ID_EF61DFBCC7,0.0037022588273164857
ID_537E36E349,0.005041355986492483
ID_E8C688C0EC,0.002
ID_39E1F8D479,0.00956377512824769
ID_6943D9E786,0.023277005876023382
ID_CDB77FEB0D,0.08845130524859159
ID_3FCB334503,0.002
ID_016479807A,0.2571098242059286
ID_E04A5878E8,0.045340830786511147
ID_E96CBECC79,0.08986710784263964
ID_8E5EC3981C,0.019108306253107797
ID_3E1439BF02,0.07505415522340707
ID_04F00E33F7,0.015389028190304825
ID_93D8367732,0.5079754968737613
ID_3FDA9584D2,0.020392296060778744
ID_38ED53D5FB,0.854816857201108
ID_E9B1F70DF8,0.005122314805999265
ID_4521739A44,0.9135560277767477
ID_75AEB32352,0.044817284242208814
ID_23B995FB5A,0.002048342763117767
ID_67FEB40D09,0.002
ID_30C0338DCE,0.8558318391637882
ID_0BC29C76B9,0.12759291237921985
ID_7B646837B9,0.4703914728004086
ID_3616145FE6,0.048048562673722324
ID_F95DF52337,0.023651097965124383
ID_BAE230B173,0.007461848420580704
ID_7AA24CCD31,0.12081790502988445
ID_412C5D4422,0.002
ID_C43863D16B,0.04645164228453365
ID_DED2950E37,0.0022954843729152507
ID_4AD7C706EC,0.23770344097941254
ID_E29F9D25BF,0.01194842029357407
ID_CF974835EC,0.005918685727935163
ID_BB1770FCC1,0.021277911024083593
ID_26ABF38EB7,0.011419932548617225
ID_4D1A7FE823,0.002
ID_911AD92EB9,0.009666344450954193
ID_FD84F492DB,0.002
ID_2473EE8579,0.20846484244234506
ID_FDFF75D032,0.0066622705623194675
ID_82BBDADD73,0.0022421089701187844
ID_5163E6ADD0,0.20690439740546
ID_158E95CFBD,0.10262240049141821
ID_5A78347E0F,0.02406506891316985
ID_C3A128160E,0.3621441118276721
ID_0C065BE53D,0.1312348300603538
ID_2E69BE3385,0.254941148345266
ID_07CE91A35F,0.0037664509338906464
ID_48C9918A62,0.9938799288261821
ID_A638AC763F,0.06096565726234123
ID_B2B73F1F75,0.9842281177282792
ID_FFD1F2F0BE,0.013369854389688378
ID_E4EA2CD9CA,0.2990675357233173
ID_61CF5A7476,0.006130930477090063
ID_479D7EA7AB,0.12826896486441208
ID_35EC774451,0.002
ID_EB8C1E193D,0.694697239131303
ID_CCE3067FDD,0.0710392315077852
ID_508C0BFBC8,0.015412522218045177
ID_9276B1B3A7,0.3436651888051475
ID_127C3189B7,0.005857010046514235
ID_7611689EA3,0.01972572423471032
ID_F67B2711EC,0.0035107831446601354
ID_B9EC61CDBE,0.16395622176273017
ID_59BD9B2D9B,0.0028542598398877913
ID_AE51513F17,0.7343871855686016
ID_7C5C64B95B,0.04579841529928703
ID_F596F2B6B3,0.010728881718133817
ID_2BAF88041A,0.23275260166567716
ID_4B0FB3AF8B,0.01136155372720113
ID_3400BDD243,0.011433532355692657
ID_91A15DC87F,0.3471562485905991
ID_309B457DBD,0.6309281828931566
ID_D35C74A317,0.398393397316462
ID_80702E9102,0.7279822019490146
ID_E82FB06DF2,0.01302705186869791
ID_577E8D4AE5,0.01976683329112688
ID_E56D17797A,0.006087152449073847
ID_37ED9FC147,0.5936886618863085
ID_A13AB6A26A,0.22483454312590181
ID_036037EE5E,0.018452277517972508
ID_26696FF4EF,0.20561415737344532
ID_068C27E1C0,0.02450167907996084
ID_FC3D9E3A30,0.5090743073442462
ID_AE5D49FE4C,0.8185330753168159
ID_7986FC8982,0.1025775195336961
ID_D8ABC97D5D,0.005910864938048827
ID_151FDCE8AB,0.11797456011544553
ID_69C59D68F5,0.11049674018815475
ID_DB9AFADFC7,0.02284001659655198
ID_3311E04C79,0.007879378626782733
ID_9A1B417B5B,0.012139361203238372
ID_2B3BD724A9,0.5210420186613319
ID_0D225CEB86,0.26259800548409296
ID_BFDFA5D6EC,0.01277946893758279
ID_C2F6132531,0.05704739451492443
ID_185ADA4A99,0.04442807461991675
ID_AF3A6F3A36,0.0026847503388604515
ID_AC83D80D5A,0.244639067363724
ID_CF5A5A0330,0.011338256966839369
ID_AAA174A5E8,0.08539280652398129
ID_39EE19B7A7,0.12151739922903355
ID_BE78F81F9F,0.0036116762666544566
ID_3495A95EE3,0.006893526540387649
ID_CB1B05A28B,0.002
ID_BEF54088D9,0.04637984439933525
ID_D4B835A30C,0.004826085653231301
ID_B85DA6CB22,0.010284914255006711
ID_4BBF50A25B,0.009985983847538635
ID_97C24DB8B1,0.009212881654402356
ID_98E96CD598,0.13206053757844174
ID_AEFC889AFA,0.8197064113693993
ID_7D231A20EF,0.1372962273776784
ID_51207E96A0,0.25465186739107704
ID_2F94091925,0.04446711029323655
ID_384862AA7F,0.927044421633938
ID_B85F451134,0.025801150036567567
ID_D2202C4AB3,0.0063624392270222995
ID_C8562A6DBD,0.002
ID_91F46FE48B,0.004232617566600096
ID_B88B78C3C1,0.002
ID_396FF71D78,0.002000991107256339
ID_26C7959602,0.002
ID_D936E108B5,0.06659589961338808
ID_4ABFEEEC2B,0.09298406616881794
ID_73C9650DF4,0.030313358217524254
ID_1E84AC958D,0.002
ID_3D84C29AA3,0.054442935442407143
ID_1C9B9D0B2A,0.22914607343145216
ID_5AF17DA5CC,0.0037855279010919857
ID_7610D364A2,0.22019499630446387
ID_8A3A9FCEBA,0.017043038881664068
ID_39305241DD,0.00400659354956714
ID_28AA4789FB,0.06370222995614612
ID_217234227F,0.0032528282421744412
ID_0197F628BC,0.019648526673213266
ID_D53B2B1A4E,0.6435116019306578
ID_E74D6286D6,0.2733122486976683
ID_C6B3C9ECBA,0.028665733381434418
ID_19E4011DCB,0.15310327488058706
ID_A6060CAB01,0.007019319750685208
ID_E38A830994,0.7862104787896218
ID_D03DD3C20F,0.3963046835951849
ID_D69AC66EA9,0.23046585637294886
ID_A500DA91FF,0.05206493898428341
ID_08628B221C,0.0032615981673740804
ID_5092FF286E,0.04787938820986352
ID_177B347B3A,0.04892623128003401
ID_FA4D6FD914,0.002
ID_4B60302F73,0.004152144307775119
ID_F666AE0609,0.19823203705715933
ID_91224C2D15,0.12198106277334048
ID_A13AD3AA29,0.2517889591443336
ID_95A7F06E65,0.008043125700785452
ID_F1CD90AEDE,0.023117350074425027
ID_89A87131AB,0.023488424671873898
ID_6240CAD781,0.014903328885687442
ID_431681B8A3,0.46362974323129813
ID_436C80CABD,0.002
ID_90591F9F0C,0.005826698132176141
ID_4E949097C6,0.004443045385805924
ID_65A3137D58,0.0074511356344949655
ID_8FF826EE08,0.020341921169812302
ID_3EA6B65625,0.5402076093814421
ID_C41779A3DE,0.1297088332557261
ID_50C10A81B2,0.002
ID_D0F2AF4C4C,0.012177234040220825
ID_BE9C4E66EB,0.002
ID_8EB6CF08D6,0.0036643933158575204
ID_292D495E04,0.2158568547171222
ID_0F842293E1,0.06251955108249095
ID_FF649F3B45,0.006583343851615041
ID_D038D513E5,0.002
ID_5929F1E503,0.7561088991886455
ID_889E4B1791,0.49099175464895944
ID_8465968C04,0.03022361161494739
ID_DF297BED82,0.006170970223974299
ID_DF07DFA54C,0.013682521544234726
ID_1CE095066F,0.006664608104435261
ID_2503107997,0.006507821191928982
ID_E226BC012F,0.8637396740747386
ID_C9E8589DED,0.003907187369542638
ID_6ABAD4CAFB,0.002
ID_31FEBDF63B,0.021963116753910435
ID_00A75276F9,0.04118234712092435
ID_35D76B00A9,0.10342888048692174
ID_E68CE0C73C,0.0034292621110576234
ID_3D3A64AC93,0.016697416067274456
ID_F5C8204481,0.013319348441345311
ID_B45F5DFEE5,0.014857712801622345
ID_AA5BFB9834,0.07248569479385357
ID_C654751AC6,0.04731571001158155
ID_8FC4428942,0.18989131672703563
ID_938DB17A70,0.09309015567996504
ID_A5055A4ADA,0.07099037937039528
ID_323F15520A,0.019198636455340666
ID_4054DDF033,0.002
ID_C82FBC5CB2,0.0026371756330407455
ID_B88E7B5B24,0.988383704209403
ID_6A88FEA487,0.0639956457745124
ID_96FCBF4795,0.45621256279019795
ID_5DB13B16E2,0.4925987678695283
ID_82912BB728,0.003470954783868804
ID_D663B88528,0.008262415097331508
ID_FB8181617C,0.011770430013865714
ID_9FF35AEC04,0.06995788088091533
ID_5C28F14DDA,0.011344549489818126
ID_D09D80E963,0.16845494073853132
ID_497F1844E9,0.005734603982204293
ID_3766740A0A,0.2499008022167489
ID_33F2460470,0.49912050519286927
ID_F2A43B4921,0.31477433231425916
ID_5B2014B14F,0.006544948489721455
ID_66D962EBCA,0.002
ID_C02725F8FE,0.18352992621614145
ID_3CA7EF334A,0.09132868542300307
ID_4ED4AFDD3B,0.006757146263045161
ID_089AE36DD9,0.048411311489488254
ID_2E4AE4D694,0.38879962418522607
ID_951A2FE82F,0.006550323581153057
ID_307023AFF0,0.06129779591180073
ID_B0EF004D0C,0.1559269888162131
ID_F3AC6DDCCC,0.8706161861642634
ID_CA9368A38C,0.016001264606817757
ID_E29A040EBE,0.05581896387626245
ID_323CFEA0AF,0.2214081169543091
ID_7F16A207A6,0.2754365652765332
ID_BB451F70A9,0.002
ID_4D87C8F768,0.012212626278863482
ID_64052701D2,0.0021075105682481572
ID_7304B38582,0.006284193907144417
ID_0EF301EF7B,0.0056387908102294385
ID_EAF62C2405,0.010504174254059601
ID_D96368B164,0.02157259913676659
ID_210D36F488,0.1536002823987797
ID_BA24F08BAC,0.15212336422065006
ID_A7633B4495,0.008325922334687078
ID_FF53F1DD99,0.02312991026874058
ID_08739E9B78,0.026398409108524097
ID_A2AB3EDC26,0.021371367673511093
ID_9A2039886D,0.38980834007307946
ID_434579B94C,0.18876357143699235
ID_6CA344B29C,0.0072510354153820355
ID_591454C110,0.6193526461838936
ID_45B0B0BD8C,0.004314877210845778
ID_531EE31453,0.19445760374841306
ID_02B8502EC3,0.049155892990540025
ID_6076146999,0.057028924785370805
ID_C7ED3306AB,0.20384301366456076
ID_E9288F4EF5,0.006900805457904188
ID_3CB6A514E1,0.5281476676938665
ID_21EDD0ABB8,0.00306032683980086
ID_3406F4D013,0.0898168489921889
ID_E1E94A6189,0.002
ID_4A74BE8360,0.022653255516173334
ID_DF8082C69E,0.00229732860442477
ID_DD72207466,0.8949323471013244
ID_2A0594D6AD,0.002
ID_F88EC5F0CC,0.6044946840626345
ID_A95F306CD5,0.015128268124112589
ID_D5349B29C5,0.512235558764624
ID_D234832D5D,0.12918976543233737
ID_6B9A515339,0.008156750308213922
ID_6301AFC59E,0.005674507415263834
ID_9B89614953,0.2798625424018538
ID_D5B615D810,0.0025772724775265936
ID_E11B563311,0.03512927679759512
ID_329E050B75,0.10857365811349122
ID_A2CF7D34B1,0.9909803840031132
ID_144CBECE90,0.0021540226208660693
ID_3F5C214729,0.10445356025981206
ID_31F2FED12C,0.006253251243244438
ID_E5917FCF1D,0.002
ID_C883E1D453,0.03915636694860648
ID_A4ECFC3A6E,0.06341187963080203
ID_98C747A076,0.007689858952778169
ID_0D8CB914CC,0.08675641144138417
ID_B54051EB78,0.0277896796818457
ID_D7D2B15C29,0.002
ID_2A0F6C638B,0.003234024221078876
ID_ABFA7692C3,0.119017633985601
ID_0A3540AB89,0.046551740670551525
ID_1EA5D8559A,0.3700912342974431
ID_2264D885BB,0.10130878868356694
ID_0618E25740,0.0767546181913992
ID_267D7B2D6F,0.2921238082819043
ID_C50ED6292E,0.002
ID_DEF1A5C33F,0.18505581691963727
ID_06CF419D4B,0.19985090068229466
ID_510635E162,0.002
ID_0144F958AB,0.16621246271661827
ID_27358E714E,0.006573432058870937
ID_5344C0DF59,0.002702887904516347
ID_9E8CC03B42,0.22078695622060301
ID_49A94F99A9,0.011947668566343028
ID_FA116CFB1A,0.5549142352825429
ID_17A3ED9F5C,0.002
ID_4F3825CFAD,0.010922340308877445
ID_A429771DE1,0.06032106063096937
ID_9BC9CC604B,0.0026984493903119463
ID_873E28D8C1,0.371115600200763
ID_FD83F985C3,0.002
ID_93A8FCAC08,0.009407306482734345
ID_24D47B5EA2,0.4253602145245181
ID_E1F31DF5FB,0.5687294960255213
ID_9F002E68ED,0.15859635233450103
ID_ED9EA87D05,0.09465898170312852
ID_7B2B259CDF,0.6182902628778182
ID_11937603B3,0.04854297599100118
ID_11A65327C0,0.0203546675725721
ID_0272EE81EC,0.041062171608294826
ID_D698BFD4CD,0.07003809741106345
ID_BBF5941546,0.9833300276306829
ID_6DE182A42D,0.49256394560749467
ID_E618D799BB,0.09860808641737856
ID_06EAD52B75,0.01295144146334511
ID_0F51947758,0.06548738150812611
ID_3A85882E31,0.2692802033845952
ID_68A57392C3,0.0066367857069064675
ID_72D8EC6035,0.04419013302836314
ID_AAB843AA9F,0.04823585278865316
ID_B470EB21CB,0.04769495300263227
ID_FE90521821,0.6397876028775319
ID_E2FBE6D5D4,0.0781039713491643
ID_2576707F3E,0.6252830547183484
ID_0B7FB6E4E3,0.3020034566993021
ID_6DFF337761,0.022105071088210717
ID_6E810D143D,0.024033085381391532
ID_C46F306183,0.8147113300242501
ID_A1E41ABB1B,0.010351994237026697
ID_C9EF243ECE,0.19539516752370972
ID_4E6E3471D7,0.10344086855371758
ID_E33B91DAF6,0.002790151202907981
ID_CA07980845,0.5685598415317684
ID_729813BC79,0.46685492650643073
ID_5077B5CC58,0.532195803701988
ID_55383C4767,0.016075286754754597
ID_829062AE17,0.013983574587683033
ID_CF81930404,0.025808956413455535
ID_F00AFCEC10,0.017945587698817492
ID_EE7EF04D5C,0.044168168343453246
ID_617A1BA0F0,0.015026925827618153
ID_6F5F244822,0.0701377643113841
ID_991EAD21DF,0.08353216817456723
ID_1B01FB6B95,0.2621409612058663
ID_40734606C3,0.8587828825516484
ID_17C3AB82D0,0.6747638348752392
ID_0F6B4F4337,0.010722371247900596
ID_2BF9FD15E7,0.40949797644179253
ID_58E74DA81E,0.3084602878677678
ID_598EDD46A3,0.04670394699754376
ID_37A8572627,0.0048793876149768175
ID_A03EF124EB,0.0022752763368029303
ID_635BDB5D50,0.12007691971085242
ID_A076CF7B32,0.023193407883072864
ID_A3ED7C34B0,0.024218250467222317
ID_ACCD44B0D2,0.33823083960530703
ID_646A2EB224,0.005939402826432919
ID_3BD94A6BDF,0.7151668764025473
ID_180D4CA768,0.013660655045474635
ID_F371B4B8BB,0.9903297965736582
ID_AE3D417F35,0.002
ID_5803FAB67F,0.01303990296310437
ID_865BDB31C7,0.009346136532199383
ID_AF5DE3B4DC,0.6710144553743932
ID_C6E1EB0C70,0.003575806258928216
ID_89F8875C73,0.22840644535242052
ID_7E58FEF7FB,0.0022918622962451543
ID_8C3F8F028B,0.09048844556278021
ID_618233228B,0.02251548807641849
ID_AB146CCCDE,0.006737824955368509
ID_DC24271F5D,0.002
ID_73226AF471,0.011947037348420288
ID_0425430188,0.002
ID_E5404F79AC,0.0020386439593085234
ID_81AC1B0203,0.006336964948394921
ID_AA37D3D9F1,0.007040313957349192
ID_33916C9047,0.002
ID_51E73DDCE1,0.2583644463058405
ID_E38220DB74,0.16027210013540072
ID_A792F48DDC,0.4794000325393401
ID_D33C05329B,0.011852296273751292
ID_776AAFA4AD,0.013963135658865955
ID_5C2BFF6D36,0.1260916627040897
ID_AFAE16BDC3,0.031587441188260505
ID_8D960A47C3,0.011941718629588404
ID_8868CCB793,0.021728299664108188
ID_44E427DB5A,0.1567957209084837
ID_CBA41651A6,0.11968244816657926
ID_FD85751103,0.01433015053805942
ID_3EE88840CC,0.8411576617018474
ID_83AB1D0E3E,0.1066360140701752
ID_FDA29574FD,0.0045088930525774345
ID_B40CA8502E,0.044310154346745526
ID_430D0AD283,0.012815406597454684
ID_B8E81CB260,0.0038539036747283683
ID_6D14FB35CD,0.8367906959785646
ID_263BBFC2EB,0.10326200929162774
ID_34EED55602,0.11804502996424893
ID_DEB4088FCD,0.3585422626387005
ID_A0E03EC769,0.3050753423863174
ID_E683B9FDC7,0.002
ID_2CDB121491,0.20334911260289032
ID_5D006E524A,0.03249769414630851
ID_508BCC289C,0.025931025225950605
ID_657ECC9962,0.08595242992432202
ID_ACFC07D37E,0.09570081203780877
ID_0B29DD1CD4,0.015055840676810544
ID_A0F2B8296E,0.0060605698714584965
ID_80890257AB,0.0125965156785168
ID_B97B0E4426,0.5126570183820263
ID_950CD5AF4D,0.014681559588918303
ID_A82B0B874B,0.0028164774147151237
ID_23EA69793A,0.9810546502833202
ID_E3825264CF,0.2109097592409687
ID_4988A95DCB,0.01169155288766048
ID_D26AFA44B4,0.002
ID_76F2503B0B,0.010944127781011632
ID_24FE511DBF,0.002
ID_5D20A5BD1E,0.0023976837872863722
ID_662C9D2353,0.005232217596243818
ID_9912109EDE,0.1347042716783927
ID_1EB72372D9,0.002201098675985325
ID_D89932BB88,0.00357488878538497
ID_6975542413,0.25649046003744386
ID_A1810AE2F4,0.18044219401203154
ID_633283E5EC,0.025044869510131084
ID_01DC48C28C,0.02860312450903543
ID_904E3A1029,0.10082006476583855
ID_459B518E3B,0.9353522197783605
ID_5A0CE28671,0.043721184025111645
ID_28A8C5AF63,0.8316230450993417
ID_7594BFF623,0.010473118031826873
ID_2E8ACB69F1,0.2004161877859846
ID_929C6035BA,0.007185758743122515
ID_400FFB1A33,0.0752397937629352
ID_A038615445,0.005484444593702127
ID_21A10164CF,0.002
ID_8B3D449924,0.0035173875249899715
ID_3973562CC1,0.002
ID_FFE42589CD,0.02170779766484307
ID_4E876C528D,0.9852916603713902
ID_41001D5216,0.054682956464549015
ID_D57F6B5714,0.21651998660657543
ID_4EE0D865F1,0.006672042336700193
ID_48261A66A6,0.6470826659600832
ID_85BBD2C8D8,0.012085357119751129
ID_5996432C15,0.002
ID_DAEFFDB9EB,0.01884697581952854
ID_A9E4C104A8,0.09266236033468338
ID_1ECC87FDB7,0.10536088021678634
ID_078621DE6D,0.0021046324991856784
ID_CC2F0C681B,0.002
ID_946CAB2BC3,0.13823835760792716
ID_C4C92DA52C,0.002
ID_4E554EDEDF,0.014519732374721962
ID_BB0FAAB376,0.07110364497870615
ID_AEE6BC7FC2,0.13397647734937995
ID_4B9B5AC91E,0.028304228020141094
ID_6F54700021,0.022921537347710293
ID_CB2A9BD16F,0.002
ID_BF437EC3A1,0.05586579038267577
ID_BA184396F0,0.08341557738755359
ID_C866A915B4,0.0625177454004026
ID_9DB7F35AA1,0.05597085895979399
ID_95A51FF137,0.002
ID_6C0E97FEE2,0.020715573223169324
ID_3ACB9013BA,0.0027632859353252754
ID_F8F311264C,0.04952354152637984
ID_B28C8599E0,0.002
ID_B46582C7E0,0.06477326565799416
ID_49FD45C1FA,0.01987532296173969
ID_9B985DB4F9,0.09304906265030928
ID_21DD562826,0.034822609870582416
ID_2EAFA7E992,0.02837237090419631
ID_4AB5D0D4EE,0.6198596948545925
ID_DECD2BFCCD,0.002772381396286453
ID_D55A43C7A3,0.0076081697947743675
ID_6E257FED5F,0.006205567574999971
ID_5EFEC97045,0.011888070449472385
ID_FC907445AD,0.002820267366551759
ID_B14B9202D7,0.02465738534968335
ID_C13727AD4F,0.06853026838372259
ID_05F93BF8B5,0.2286475194421744
ID_6ADDE81748,0.10429410268385728
ID_17B8212C1C,0.011725410778630206
ID_742A546229,0.026503814917093926
ID_05502C50F1,0.0020586901041705578
ID_5B68E59373,0.05153103879792033
ID_00571482FC,0.002
ID_E7AF3AEE21,0.8843487674853714
ID_B12CB4CA6D,0.004457012921374125
ID_9EE1FEE0F4,0.0027650957376801006
ID_7DA046F0FA,0.06771976576863267
ID_009AA7DABA,0.00238530130227203
ID_269ED78157,0.04584840355441623
ID_4C5165863C,0.002
ID_15DFFE8EA7,0.014623371865381192
ID_ED7948D4AE,0.694430320915263
ID_C6DF5F8A81,0.13659202413741167
ID_E7EEFA9394,0.002
ID_DCA3837415,0.006662432069951435
ID_2C75BD1786,0.07549544540775344
ID_579EDDBF17,0.002
ID_F5F4AC8234,0.08838945018107099
ID_3953121940,0.3824015358649217
ID_5A3AD10D12,0.013378042728551117
ID_0B51A54B77,0.0030245235152539813
ID_544E251136,0.007442278238121275
ID_926067D292,0.0902088883573751
ID_93187E4939,0.0070685149617506745
ID_F092E2CB0C,0.002
ID_723CEB15A5,0.05893615716626255
ID_0B961520A1,0.005215633507126708
ID_2D2E04EA23,0.26093040079123897
ID_B8A369DDE0,0.1677404555000988
ID_6D2A17FD1C,0.04723896790267561
ID_7074DD418F,0.10021827775149945
ID_E851394C07,0.002136866400363531
ID_BC7BCC1191,0.11327732753393606
ID_77B0267C87,0.09309306519891396
ID_97FABE86D1,0.0021526052369518485
ID_A2282D1996,0.0234696246623386
ID_0EAEF694CF,0.16634134741343354
ID_C238A291EB,0.9806478849902954
ID_80D3CF6614,0.12278648620037133
ID_24D5693626,0.004515125925885944
ID_2FC694B920,0.015249819811517334
ID_31C5126BD8,0.01361219343900202
ID_7AA48D0644,0.004769833703627793
ID_62320CABF8,0.01197685194379608
ID_A7CB39CAE8,0.00623391969712305
ID_42271CFE90,0.03147891064077099
ID_80AE5A5E2A,0.01868406987293926
ID_F79FBB43FC,0.004678298898282232
ID_0CE3CA96E1,0.028868367175748207
ID_8FE1E3E549,0.2520877153842044
ID_6EFBE59B91,0.008033374026777782
ID_3117C7B020,0.03988042482565787
ID_8FC2384046,0.025492441734915713
ID_D0D61DB022,0.08021432177603774
ID_15125B0B81,0.007187699546031982
ID_5FA856823C,0.0082982421253384
ID_6E9E66EAE5,0.006848899661174659
ID_4E9800C062,0.026510212701684775
ID_F7C395AF42,0.011271222913719882
ID_8E6AE1E10F,0.021351901858113007
ID_5E536D4BC9,0.44745571693854264
ID_E36BD83D0A,0.013741344548088104
ID_94FD61D294,0.0059041385280169
ID_55C679C7C8,0.710705350407586
ID_6E64162BD5,0.01907367739180818
ID_81C0E18DF4,0.1384867202370863
ID_4A406AE282,0.012020708577952852
ID_3F021CE071,0.032373158245216714
ID_58F63CBC2E,0.004930823547357317
ID_3B29B9AB8D,0.04666121135245128
ID_ED6134B841,0.002
ID_C4EDD63A3C,0.002
ID_E80C831BEE,0.04701149794066369
ID_FD8D9701B3,0.19553054421620766
ID_04305B46D7,0.0833795636014701
ID_E1C9BFF860,0.5177412279380498
ID_91D4C96E67,0.04383193663251346
ID_8982AE6DA9,0.004900272696650723
ID_CD5882AA64,0.0210388192092767
ID_0875B7C338,0.002
ID_5072C9F101,0.0469460637418057
ID_0C382DE41C,0.07641068491161149
ID_B5A6DEA6BC,0.44010682077542845
ID_275933FD69,0.8234270305570063
ID_42DBFD4AF8,0.004120295797763298
ID_4992B2E1C3,0.2907156514298808
ID_E395933C7B,0.270506925495627
ID_5DCADB898F,0.007186842142600628
ID_AD5D81F5E7,0.020954229372857607
ID_67D0816FF0,0.25518911739087763
ID_7A9A2D5AB3,0.5191490523628806
ID_9454EE0B0C,0.0038531845247061227
ID_F5521C5CA3,0.06417143129156266
ID_9A3F47801F,0.002
ID_8F860B9DAC,0.017091335547589542
ID_600860E089,0.006093072972923889
ID_D0553092B8,0.04213357801632767
ID_FEE718AC47,0.23764014257968902
ID_C5DE2F1E4E,0.023709661018931478
ID_1825160EDE,0.011950016936476647
ID_49D34D8B8F,0.04924399680051398
ID_6AE147B0C0,0.002
ID_93CE7588A5,0.1279648984149483
ID_66291C8623,0.05152615059406928
ID_B59EF74E11,0.9971443878646455
ID_1F9B425A29,0.007594881319364051
ID_4500F4747B,0.13798686604676214
ID_3FA9BB934A,0.022707344912393318
ID_F5259903AE,0.018359854476008467
ID_C36D7C9049,0.007555724008709654
ID_B9FB999EE0,0.25174661562844514
ID_B066290687,0.2341522982566071
ID_F293AD5993,0.06314829658949683
ID_42FBD8C59D,0.02316055773741472
ID_FEB12092B0,0.020916740816159327
ID_CEAF9658D1,0.002
ID_C8D6AA2FBC,0.01907782369396916
ID_DDA6B85D60,0.002
ID_AC7F090F51,0.0059103654419470405
ID_C392928573,0.014869550661085657
ID_5B4FB51962,0.3098939946675781
ID_0C65063BE0,0.007413844983223533
ID_738708BF7B,0.2255421489805228
ID_2A867D3FE5,0.2272373623263112
ID_DE6E6B9D14,0.17137849235775493
ID_99DCA24119,0.20804486664487784
ID_DA870B7253,0.08319086675358368
ID_6AE557AF5E,0.06608682193863837
ID_778C378235,0.03942883261068158
ID_6A08EAA029,0.04393828984917155
ID_AEE7567153,0.9141563618672732
ID_F25A9C4B7C,0.04471268690753223
ID_1713303DC6,0.024461513096013916
ID_D4E7DF2CC2,0.00675477160855121
ID_CA5FDB55B3,0.9902833674058924
ID_E214A40773,0.011229990150193223
ID_B904107921,0.2562032296185687
ID_C18ED2498B,0.011193441248135502
ID_A537CF0571,0.006576559110016851
ID_ECB555323C,0.062472538951716686
ID_D42F12917C,0.7847084817947729
ID_7080738F89,0.002
ID_83DAD18B9D,0.11882866277131394
ID_8D09977813,0.002
ID_017B965ACE,0.3920211593140362
ID_9D4F8D5B1F,0.039402624210002804
ID_FE4A15E3DE,0.05238078852875759
ID_54132C7C32,0.005978833413788663
ID_B81E480D3C,0.010875610375443377
ID_B8BBB2B59D,0.012765598997065978
ID_3980FAD00E,0.012869530223784849
ID_D7CAED037E,0.010667764679733785
ID_B13B52488B,0.15080547715466297
ID_8988424FEA,0.4554595039205071
ID_FEC2703AD1,0.013574526203904458
ID_A317EA00EB,0.0036806102223648314
ID_73DFA380FD,0.03890562842858313
ID_A96787C7AC,0.020617346633466756
ID_F75C9260E0,0.007245252709241048
ID_EB40A92699,0.002
ID_621E80653D,0.6018165026602307
ID_50D2D6EEC8,0.015280819281636741
ID_9CBCE796AA,0.30003269029864377
ID_6869627587,0.08277284557604579
ID_DE07304DD1,0.5982793627034909
ID_FC199219A9,0.7754946371526651
ID_C0FFDFE598,0.03949333423988359
ID_B52A86E23A,0.4672615755433492
ID_80D4760074,0.0035177752944251465
ID_9895DFDCC1,0.006132932466394509
ID_52B2F054E5,0.04774663219028623
ID_6943DBB482,0.002682665632567039
ID_A3D868C161,0.011222229328220175
ID_A94E585FE5,0.00666641363103751
ID_55D9358A69,0.002
ID_129F674EF3,0.004349668548284275
ID_142E82BA69,0.05378357402976246
ID_6A51B04E83,0.002
ID_6AF268D179,0.006287787692741206
ID_3BBC60835A,0.002750049093815142
ID_13D51C71C1,0.016881156490440332
ID_9DB1591347,0.010929609646105154
ID_5E0FE5BEE2,0.32393916919952265
ID_757596B9DF,0.03551789981456168
ID_D8C34B5CAB,0.007617798991579515
ID_6317A28197,0.3397193789764144
ID_5F8DEAEB2F,0.7607524845129069
ID_6E12A01B07,0.016694137747043217
ID_DFABD16861,0.0027049589924766433
ID_0073E2A00B,0.018495336147971213
ID_34048917B7,0.0905503449544048
ID_A344419DAD,0.005929643160959011
ID_81BD93FEAB,0.006086437181888861
ID_15D2D5CC2A,0.0029986803662292896
ID_67EBBD1C24,0.11574415051476634
ID_63E57DBD76,0.1588100342143973
ID_D1CC66C35D,0.02312420878917862
ID_FC866145A3,0.027462218381812627
ID_573468D83B,0.00684855047751893
ID_B01ACC534E,0.05720242445268083
ID_3A908BBE43,0.00960158581685796
ID_3415B49187,0.007097645210979104
ID_E7AD82FB16,0.06275155365813628
ID_A92CDCBCE7,0.002
ID_67D7C0E648,0.05257713382179614
ID_DF4AFEFBD2,0.397804879995378
ID_9643A239A2,0.7948683462779672
ID_5896C235BC,0.9973186656432378
ID_E5C812B1F2,0.018149434084752662
ID_F4F36F02A9,0.002
ID_E74507A983,0.015457268739501701
ID_E7048168CE,0.010573417781019983
ID_6D11A8DEDE,0.2198775664935374
ID_2E937DD32E,0.49829685825986775
ID_3FB27F2634,0.12086215789637518
ID_7F1AB6FB86,0.004814100379574432
ID_BDE7F56469,0.05906198750244135
ID_83A82711ED,0.03543602394451874
ID_2182893159,0.026027358707363293
ID_D0107BF726,0.12651021701506612
ID_B7CDA7CEDA,0.05955626998122649
ID_AF955F33C8,0.05817619545510894
ID_E4CD02F6F6,0.011361175377452905
ID_C683CF8965,0.2879119601427411
ID_6FF94A57F3,0.1774812530956117
ID_7799B7362C,0.303747650903637
ID_D6EBC76B4B,0.0138951971702172
ID_8E88571A20,0.06005048173794076
ID_17CB87FA4C,0.474600613871556
ID_1353938799,0.003026516440761141
ID_4AB52EA258,0.017140296539368296
ID_5360B7F476,0.6887658929906915
ID_7D17C03B38,0.14584380945544387
ID_80C38FF7A8,0.002
ID_9151781CB2,0.294882266522011
ID_D7C4CC8773,0.3809293156207374
ID_776699B766,0.050612195133229655
ID_C225932EEF,0.02233530924156834
ID_0D54D5422B,0.98515989767947
ID_491F796103,0.7624646456891025
ID_D1BF8BA72B,0.04420731240895018
ID_EF3F8312E8,0.0689303001960209
ID_8E3F5B4B41,0.4226591983970608
ID_86A4AE15D0,0.015353524980601913
ID_01EE6458BF,0.6801932063414715
ID_3D8A36F2CE,0.20442619408076282
ID_E3229ABCE2,0.022307778959171735
ID_46A351A236,0.29894012952708826
ID_E56B00EF7E,0.002053249135219539
ID_742E3A371D,0.00869008245241939
ID_6A12AECF26,0.002
ID_B7A3B7FEAC,0.002
ID_421451EF16,0.013602507967370612
ID_B944FA8517,0.08667423967458025
ID_4D6964D54D,0.02932558657230243
ID_18A890338C,0.9817659987208462
ID_108C1E5D2B,0.002
ID_7E5938B531,0.012017480167549525
ID_3726C0749D,0.08997403896629041
ID_F7522603D3,0.0059130779544605
ID_41CE80CAE2,0.01251983824167192
ID_F6125DE4DC,0.002
ID_B3E0EB52EC,0.23034577976474485
ID_C9051362B9,0.020522699971677185
ID_5CCB9E4BB5,0.0906726445339417
ID_C5EC6F34F3,0.14789906546357626
ID_42A2B250AF,0.008828796293854389
ID_7C987DF994,0.3661590032809224
ID_EEA0882F28,0.23371143795970106
ID_0006CA159A,0.0397165751534694
ID_26FA3C8DE7,0.29343659295856933
ID_1C081FD260,0.29505920545660014
ID_1186BECFAB,0.9139599014434381
ID_32A9283DD7,0.013814984190669493
ID_0244516172,0.019714845682736477
ID_C9B1B276F3,0.4526925989790476
ID_59157CA678,0.026843259480490836
ID_A971ADD62E,0.1822219435725328
ID_EDA07FCE62,0.02634401464487539
ID_8548FB0F09,0.014540208034025233
ID_57CC466DF6,0.010621858495762556
ID_42B447CC99,0.024416590346958852
ID_60BC73A95A,0.23017896383465544
ID_167C76141C,0.0681009158083727
ID_0E5103E6DB,0.005058041625415086
ID_A2CB58AB26,0.004268312563643806
ID_C5C60AA2C8,0.013425273488938228
ID_68C3920629,0.012113662156650669
ID_563124D76A,0.9841282475045484
ID_6D20407BD5,0.02318995306914418
ID_E896A6BEFE,0.024955098580485946
ID_2F345C3203,0.01247870095207945
ID_305F49340E,0.002
ID_558C8F99A3,0.02158378765155112
ID_5BF2F6403F,0.06792434456071382
ID_F44A9EF96E,0.014992934958519142
ID_C862E79C06,0.21318082195418517
ID_2F24BCCC2C,0.002
ID_35E750B223,0.020396186997479273
ID_E54D1E808D,0.062122966870811897
ID_1E44204D8D,0.01921887030521336
ID_418880D09D,0.7424351089022307
ID_8D08584782,0.043689509716039014
ID_9B8DA4A596,0.9970806069301789
ID_822FAECE5D,0.47347961590528453
ID_DE6FEA95E2,0.2897254553486551
ID_C3BB36C50B,0.02464500296095795
ID_6B1333E384,0.0853948961429817
ID_D19BE83C9D,0.002
ID_CBE304A04D,0.007138829642719081
ID_0B91B17E4C,0.22048575182176386
ID_0E5A0A41E0,0.02376612496241953
ID_6AC9ED81D1,0.0056512926843612435
ID_E81FCBE3AC,0.0028885364418341918
ID_A0018D1C7F,0.002
ID_96BD7CBE39,0.002
ID_FEE820A639,0.5402123106688403
ID_05E43551F8,0.1733595792974007
ID_1CBBDD0F14,0.023003720697131764
ID_AAA15B03D6,0.0222595305190731
ID_9DE760B5C3,0.006576813961621586
ID_41C62E6655,0.5088139893204969
ID_73C8BA9098,0.002
ID_0A5EBA70A7,0.08675787333511738
ID_92D9D221CF,0.0071180874578407405
ID_6610616237,0.0033865720204556884
ID_B2BE4FA598,0.02042536473910109
ID_2C5723A0AD,0.05619305727897531
ID_977D507D2C,0.04734359553849504
ID_408B0F6DBA,0.0061764258953863095
ID_D92F8E6A90,0.002
ID_42CBA22012,0.2807248259061857
ID_2F320199F1,0.0942611639536904
ID_B1A213E83D,0.007435889953525304
ID_92707ADFAB,0.07307003264546749
ID_FD8B9B2475,0.14305886610742338
ID_81F1C81599,0.03887985055394704
ID_BC6B70078D,0.007230276896531299
ID_5622C034BB,0.002
ID_321D26562C,0.08614258031973832
ID_6E182DBE9A,0.04914428333848682
ID_CF6370C907,0.016250690810919132
ID_D50D333D9E,0.08704374307071226
ID_04CE6A1C52,0.10914229756782572
ID_DB7387A052,0.002
ID_2A052DE94C,0.032725763526170175
ID_281D2B6983,0.08230211964996115
ID_13ABA2F0BD,0.05901879308702758
ID_5227435864,0.0100808955068765
ID_79BB462209,0.5384399935533466
ID_EA16739937,0.00953851333900369
ID_CFA793E51B,0.17810711939098964
ID_5C87110250,0.002
ID_224F1432F4,0.5422142008701013
ID_DF5CA73FC6,0.002233784695011526
ID_E0333A35EB,0.007719625843875409
ID_B9DEB20F1E,0.021749843284455457
ID_FD92D6D643,0.009850001265036473
ID_047FCBE710,0.013612318616996808
ID_E226601DD7,0.0036438128476545097
ID_363C1A39FC,0.10861438822858913
ID_170AA72F39,0.23134395150682543
ID_5FFA8BE977,0.5309371341270734
ID_40C077B957,0.05220034883866098
ID_01E382BE1F,0.21673519283929105
ID_8763DD0998,0.5807791271494607
ID_8F040E5745,0.005112873512751458
ID_79C4C91422,0.23213371374324782
ID_5B4CEEC3DE,0.016509307098086047
ID_640272F811,0.14014359023006087
ID_8C77B544E4,0.014985705949188285
ID_4C19B1CAC0,0.0021349581503636566
ID_8735848438,0.002
ID_68E19F7876,0.08472368147343182
ID_D2FAB60F05,0.046943352260178574
ID_99285B9922,0.002
ID_950F169378,0.22088630973439388
ID_1567FE0E2A,0.9335760031462783
ID_C6E468A26C,0.015916581759561593
ID_F3EE5B46F3,0.002
ID_E277E7BD33,0.002
ID_0F5CE0FC01,0.0038424662304913128
ID_B53EB3F8A3,0.555459048002885
ID_D99998A724,0.015707613432051036
ID_D6164EC05C,0.6129063820708459
ID_95591C3F29,0.002908865451539834
ID_8718AD3255,0.04596062864546766
ID_9196FA2B97,0.6738298564091041
ID_069F9CB6AF,0.015918298153856387
ID_CAD2403AD5,0.0472906699168162
ID_9A4DA0E5F8,0.2997279458563869
ID_6D63F9E3AE,0.09918976004526585
ID_67377A6DBF,0.9961152387032717
ID_B7D187661A,0.007590508033429979
ID_5E2610116D,0.011915872346570988
ID_A08C72A526,0.9916957157967189
ID_D3680D05EC,0.05729206812255202
ID_C045C7FE52,0.027557684683263077
ID_59E3B1B2A3,0.005707178462607582
ID_8506D1BDBD,0.5043702096702444
ID_486294D9A2,0.10052230518252835
ID_071573BCA3,0.19299796176264256
ID_418305DCC5,0.06824225626017284
ID_A860EFD4BE,0.0402152740629433
ID_1912A0A56D,0.008286856339469142
ID_ABAFF8BA56,0.002
ID_35CB1596B1,0.0864872261339486
ID_BE816495A3,0.22855289232930714
ID_EF6EA6D7BD,0.01362006827250009
ID_EE4AF0194C,0.04150571310177043
ID_92FEB45D26,0.04861852543215812
ID_7E4630801A,0.9934187413178391
ID_E5BBBA40B8,0.013904198674825357
ID_AA4A69CE69,0.09081250433398397
ID_AA926619CA,0.01219200106596265
ID_56026961EB,0.002856745236870428
ID_DEB947123C,0.9956600032449356
ID_9FF51D8BC9,0.027795448732848317
ID_709BB133ED,0.03341842030247182
ID_C3779421A6,0.08718972169750289
ID_AB6081D66A,0.039363719016748594
ID_C3A45BE906,0.01153534544900401
ID_BD714A9C22,0.13781401318332753
ID_A3EF4C18FC,0.002
ID_B431A71DCA,0.09973110438424061
ID_DF17F54E11,0.04507964521058112
ID_6FF2B5903F,0.01360946930111785
ID_E1BA03CE96,0.03224098476390371
ID_673BD30953,0.02953890609453357
ID_D9FBEDA62E,0.015344399238122409
ID_E707CD3E02,0.007005476634858665
ID_490DED1E1C,0.007057982352641205
ID_1D07B4F4FE,0.21375711730183083
ID_9549078F1B,0.11516016650783904
ID_A37E4FDB3B,0.002
ID_B94EE9FCD3,0.06223218707638128
ID_8EFFA8563E,0.022670158945177824
ID_5D95D278BB,0.019305094937090757
ID_0ADCD8B1E4,0.22598009628177745
ID_836C2AF2CF,0.2713723527903004
ID_6BB7A63E27,0.09593777753235112
ID_A7568A38DF,0.29836456338088463
ID_622EF5B68F,0.019463935435210446
ID_AC57519DF5,0.002
ID_E9BE27A976,0.23969069003028853
ID_DE915269FA,0.020000219953901187
ID_622EA37DE8,0.008602195483881143
ID_18A3051249,0.9800588043874199
ID_88ADB8B312,0.23244762145442724
ID_FC83E8E724,0.021928478422999303
ID_E0E78FF91C,0.9433501908241201
ID_18273234E6,0.021561336105029784
ID_B654C97E81,0.2887763849084073
ID_4C6C29794C,0.012273961939192186
ID_489E63D354,0.9145086499570237
ID_4B8CF6E9E1,0.006020915588033313
ID_D118CB9D9B,0.39861293399290276
ID_EF08AE0C7B,0.27397188540339995
ID_33E58F9ED7,0.12052386616290475
ID_F1EBE300B6,0.014217910742157436
ID_EA16511758,0.0362732843139818
ID_C4FD8B6575,0.166313686949983
ID_4673035F2B,0.0028179763485752076
ID_5065AE7216,0.017003452969782933
ID_03CBF35FF6,0.30557736517137934
ID_5A0E671485,0.002
ID_A3ACE9ED4C,0.006898250915267423
ID_6442FFC272,0.009099280928636336
ID_09FEE7E85B,0.01600908876586981
ID_4F5CD30063,0.09212937483664749
ID_3FB040B29E,0.012516893968920454
ID_D0916EFC18,0.002
ID_96163A0738,0.0344120859113841
ID_CCED82CBBE,0.006646653253659666
ID_05D65C8D89,0.016266303514201413
ID_FC14F8786B,0.002
ID_7B760B66A0,0.09262243920168915
ID_3F394730B9,0.002
ID_B2F48270D1,0.053399168054033164
ID_ADA9697FE5,0.17864718890372555
ID_4CB715216A,0.25112874556938153
ID_7A21F08EB4,0.011448719625391878
ID_E4AED78817,0.15406886112650936
ID_4487721CA9,0.002
ID_F9DCDBE9A7,0.003839283095384315
ID_606F2602F3,0.002
ID_163CB1FDE6,0.012990064937683487
ID_344FDE02C7,0.0026026074639932885
ID_9F7F8FEFA6,0.014993484162137942
ID_658E4C7ED6,0.004048745069838792
ID_6338338678,0.016831274958231012
ID_9E6C33D296,0.1360199207857664
ID_7281D050D5,0.24833515087878613
ID_9D0D8A20B5,0.6814848204551518
ID_B02B0B7C77,0.002143969924908553
ID_DE0CEB40EE,0.04639264458207796
ID_EC70E4A5E6,0.17943083358205164
ID_CA0ACC0525,0.7902750123677141
ID_AA3329EEED,0.3795722008962699
ID_F09711E61E,0.1359581896849177
ID_D625FE78BE,0.4606052977773864
ID_C8AAB96411,0.007427508870536959
ID_A240687443,0.006376601116972629
ID_70D0F35676,0.08493745276559107
ID_E84B4BE952,0.029730498922337607
ID_7385FA44F5,0.002
ID_0EADB60106,0.00691566215549591
ID_EC8FB6A0FC,0.002
ID_8ACC5FB02B,0.055880675092314806
ID_16637AB34B,0.03193333447852254
ID_F86A93CED8,0.007206776607286443
ID_64FA23396E,0.012283407101786685
ID_DFDBED1BB2,0.005441332895059723
ID_AAF49A8422,0.00713822223193283
ID_8CB80CA5DB,0.002
ID_B0C63F799A,0.012902749056825834
ID_C81D6E06A4,0.3075799106800771
ID_7B11C86B47,0.027710205257083655
ID_79041C0C58,0.020160311856627023
ID_0619CE1D74,0.03160321050911597
ID_A6EE6A91FA,0.46734312553275414
ID_23B57FB813,0.06386351648898039
ID_DDFDAF0C18,0.24469449451748881
ID_B6A642C3FF,0.006259107326675676
ID_5ACB27E136,0.02707785735964053
ID_4B4F69209A,0.14080254807224257
ID_D77FFD795C,0.20536469382306874
ID_D86A3C132F,0.5593652272623336
ID_4CC66529A5,0.022320730731862817
ID_F2EF47F736,0.05991855905085408
ID_61CD1B1EEF,0.01068956298673565
ID_531E65B0FD,0.02054521232044255
ID_F3E98157DE,0.6396081405982463
ID_75DD58701E,0.011619705818666086
ID_1F3443D31E,0.04924405204272133
ID_7958D82DD5,0.7920425539344851
ID_C973E1EDD5,0.15680407249320147
ID_94AB8366CA,0.03163405519444543
ID_A40288B60F,0.3063335739643721
ID_56B1462CB4,0.2481250805107687
ID_6FD1458AC4,0.07136907778680845
ID_8DC704CDE0,0.010419390690503653
ID_0967035BDF,0.038695888797344064
ID_722258F257,0.20832829826854138
ID_4812BE8656,0.040083158508825795
ID_23E84EC85A,0.052785928682737654
ID_0BA78773A3,0.06674864547164992
ID_8B6DFC55B9,0.10776282964746939
ID_B3A71C294E,0.023399817105596833
ID_22C372FC6E,0.028759043858091395
ID_20261BF3A5,0.20066611584555583
ID_1C36F9DFA9,0.05086156914812566
ID_72ADF49B2E,0.22140241327975194
ID_E909367D3D,0.06106726718279006
ID_6C11A9BBA7,0.1736447900201399
ID_583EDD03A0,0.26454685247623416
ID_113C5D7806,0.002
ID_837CC2F9DD,0.1791317298270878
ID_039518DB59,0.2152146929868593
ID_0CB8149B32,0.4455170102088093
ID_E3631B43CC,0.009993625390557802
ID_2519EEEA17,0.781149493632506
ID_DBB1F37106,0.010989116909841409
ID_F13381BE33,0.002
ID_F4E96E14D6,0.006192183123144902
ID_AAFA3C4483,0.9501619856996285
ID_832A5732E5,0.04521867888517368
ID_2124D43634,0.002
ID_E5D0B8FA6F,0.3625076292825009
ID_C73BE02FF7,0.09102669003363964
ID_649170CA4F,0.5511232782558257
ID_7BBF4BCAF2,0.15345567871707275
ID_11C3F44DF3,0.002
ID_2742775BE0,0.06577095463787531
ID_600756A335,0.02591075064580612
ID_CCE255FD05,0.010990876404041769
ID_48CAD9771E,0.007054706732253718
ID_57F45ECCB4,0.005246630530026908
ID_3DF9FABEEE,0.005617084446312915
ID_43C647FCC3,0.03713237258898686
ID_2F4780AF1A,0.006375238601330868
ID_51765A0C4B,0.012195540877528565
ID_CB9B292784,0.21725175156159635
ID_B9FC64338B,0.048498127821241355
ID_A2B5286147,0.10803634340611494
ID_349DA9CF3E,0.07550129078752446
ID_C31B8DB557,0.002
ID_2CF8092EEE,0.002208534040884961
ID_F6BE83E40E,0.006589687868617979
ID_DC7C73FAE3,0.007938037817831874
ID_66908B2D31,0.046577760752574145
ID_CDCB3D328F,0.0029854891722676095
ID_6A94697F94,0.028230881764255627
ID_BD04834FD5,0.3532775385759412
ID_BF18523CB3,0.06715371413635418
ID_0D007635AC,0.09240932247471415
ID_0A62229BFA,0.10356072754322956
ID_3004067022,0.014808125697874472
ID_81C4C13280,0.01512682206263685
ID_631CBB6341,0.11153429097270988
ID_3AFD50D2B2,0.09999970965077518
ID_3D1D68C316,0.04214233762631171
ID_8D9DDC06FD,0.00806573002728864
ID_8BE8D304B9,0.21831148122268196
ID_7523113CC5,0.08748070201485136
ID_EA104E102E,0.010615429751239224
ID_3525F9E9BF,0.026171330557316685
ID_7171BB5C77,0.014801964039785447
ID_8A6DD5433F,0.012599453575987116
ID_F7010EBA55,0.5146307533730228
ID_4BFF79488B,0.011720138545849535
ID_C3DEFFFB5D,0.0028404467090299883
ID_331F7EE7E9,0.9944773519806409
ID_567C2C1866,0.002
ID_584ABA0893,0.007509764213615374
ID_C79FF343A8,0.08153627773388317
ID_A22CDA168B,0.0073451088497602825
ID_EE5D0A6072,0.002850755131866836
ID_3115E4A3FC,0.007348325542302271
ID_8E8F5705D9,0.0023823773388649207
ID_F80733856D,0.2210977097299363
ID_11785F0173,0.11205969809232033
ID_10164B2CC8,0.04893448724884277
ID_9D9D87DDBA,0.005903654993705526
ID_34F2E88605,0.11034988185599964
ID_16E9520A24,0.02061862315008937
ID_CC8D8E5030,0.005584208324950227
ID_0221DBD5A9,0.006679759296150407
ID_BAE07CAD4B,0.11394049602784262
ID_449C471632,0.08022162233306927
ID_392DA9B3C7,0.002
ID_250496F1C0,0.0023781011375961355
ID_2D4E5B6BAE,0.002
ID_B2C6F43336,0.12519549187148968
ID_D6F24563B7,0.23159503420947347
ID_E1F39EF560,0.18047126219817397
ID_DFD00B96DE,0.8535766191144432
ID_8324470A07,0.007270201119232775
ID_A5BFA94B07,0.0608969825135967
ID_97BCD18390,0.005591655483191126
ID_87CDAE0EDA,0.012471237313349749
ID_B31E18EA93,0.14568764275756022
ID_85F40FDE8F,0.002
ID_FD90F97EF6,0.0023362652275462233
ID_E8613956D8,0.017300485520172805
ID_201A6FC0C2,0.12918118027285627
ID_DE39673A03,0.002
ID_E679C1726F,0.002
ID_AB4636363A,0.002
ID_83B8551E7A,0.5912199551168411
ID_0A5FCDBEAB,0.9585030884028852
ID_6743C43E62,0.009039676302026033
ID_9E544CD268,0.01744052303206922
ID_8E4EBCC56E,0.002
ID_CD6B8A5D6F,0.65533254758995
ID_854C300187,0.21826457807886526
ID_BC74483408,0.2418339660114752
ID_6923372A16,0.3542319976886204
ID_29F74158D2,0.10059120912585551
ID_D5FBB998C7,0.002
ID_DB956982C6,0.09759511975295754
ID_AD10B3F275,0.06732285364906086
ID_6F1720ED0A,0.15449986803805396
ID_AF33A1F793,0.18535123696311842
ID_D7B3D9ADFB,0.02818747878562881
ID_4B1F94FCC7,0.002
ID_8E8B685ED2,0.04475718260274589
ID_195C4F90FB,0.021344725630558118
ID_E4D956889D,0.003524427865461067
ID_98B2A4145D,0.1403126596281243
ID_4AC7B4E2AB,0.2962837079311021
ID_8DF6A0D74F,0.12813118341169885
ID_ED11BE4123,0.0036150685348035677
ID_40E2D1C6AB,0.01155855613845299
ID_BA79DBA76C,0.006846307575810348
ID_61B4C23C18,0.01384469787139992
ID_C47561A9E7,0.006145133937268184
ID_8FFF70DA5F,0.018380073738148556
ID_A68243907F,0.01701701455132874
ID_D0691408C8,0.20636811698893925
ID_54E00ED21F,0.007554393685853564
ID_FC61E782A7,0.0036835559147444037
ID_C017A1603B,0.04390450484901123
ID_2B1324ADCD,0.06248934106277428
ID_7852833462,0.06018171552339067
ID_F0F54F0F32,0.0068074508809146915
ID_24BE7467F5,0.012649473392828778
ID_1C1CBD3C34,0.025782753533281005
ID_4EA2A2FA45,0.01832335399149038
ID_493098E70C,0.20712738062088148
ID_8341E75D7A,0.002
ID_9635D3CBCD,0.0026839885953364945
ID_AE0A424587,0.1699172737697808
ID_90BB12389C,0.013031275656050015
ID_DD0168AF08,0.06708558214781787
ID_0B217BC14A,0.011948932375645068
ID_62B2DF49CF,0.02427599100554139
ID_5C389451A6,0.003573810845509001
ID_2C01AA0A32,0.0062896118566035065
ID_688E5ED7FE,0.04540821084412798
ID_B3E56C35FF,0.07025715729187473
ID_2DF87B2F78,0.6873942875983555
ID_AFC0C3B309,0.002
ID_7EE6C1C7E9,0.002
ID_8C5C492B05,0.003425742661812446
ID_476EA1FFDD,0.024379842411932636
ID_C91BA2B820,0.012588782129990794
ID_8A1C360DAF,0.295065406823391
ID_9E577DB8FB,0.47508313263081026
ID_C47C529D93,0.02915250796387571
ID_67BA9DDE32,0.3801060989246048
ID_4B24A212BB,0.04740421738103704
ID_212553CCE9,0.08631764851624742
ID_9B86A3DFF5,0.04687709260281833
ID_34A7CCF43D,0.004092681776046323
ID_C5245384DE,0.0021005749345400647
ID_2CD38E885F,0.30308601874369473
ID_C53704496B,0.020828894652044974
ID_844160A270,0.43659958930536713
ID_B53CAB4BD8,0.006967194724756749
ID_C6C6BA7608,0.34057733499788695
ID_E72C51AE51,0.006637225765236148
ID_36E61DA2A3,0.21736272431121897
ID_2B9DDFEFCD,0.002
ID_6898EC56E6,0.021144726233163925
ID_CD5EC7964E,0.011866271267925053
ID_21AB2C2C00,0.002
ID_D8047924C6,0.6125858979962583
ID_53D87911D0,0.024014587144471786
ID_D278F2FED7,0.017621403509205914
ID_70192296D1,0.012077758659236508
ID_38BC111E35,0.023757221293814412
ID_A8F96B60D0,0.0957288648802397
ID_E3D984D348,0.007602239511544374
ID_B452F27419,0.4154222904851406
ID_16622BF241,0.12146141419544768
ID_6C02213E15,0.011159585353461524
ID_27E30C4B40,0.155161053206611
ID_14D798EB94,0.009952348278104216
ID_7EF5254901,0.07117714774257321
ID_9C634ED023,0.006385995375939982
ID_E7C90B7C2D,0.01459910750218915
ID_52EBA7F712,0.002
ID_113E2DE956,0.026456295728232982
ID_902821A16A,0.025706060365112294
ID_16E93E077F,0.005723836239925096
ID_763AE3CB77,0.004812652762949198
ID_9F7F1BF43F,0.04076210444489516
ID_849CF7A48E,0.5185769791930909
ID_CC4ED1FAB2,0.011486599951183138
ID_0690AFC8E4,0.013218942129420699
ID_2672C70B9A,0.013667349226251945
ID_E6236B3718,0.2617648478860003
ID_0C1D6847C2,0.006199256497169486
ID_908CE7B65F,0.3940727695027578
ID_B21DCADF7B,0.028303083700379674
ID_A5C799029D,0.31444993786377834
ID_31AB57B72A,0.002
ID_936BCA875C,0.634953362399347
ID_06391E6F54,0.002
ID_A9A3F5AE66,0.09229613061267511
ID_01EB1C2BF1,0.04123357732313498
ID_22C8EDE51D,0.010122186345148413
ID_30A9B107C4,0.008590427367932432
ID_F55F2200D7,0.006090405163518419
ID_5D9FDCC4EB,0.006051970398140845
ID_AF5C1C6A46,0.017167904023107833
ID_40A25E4601,0.09111992793847688
ID_124F88A00E,0.5642895841713317
ID_26967FB48D,0.03998002114407797
ID_5AE6DEB0D2,0.002
ID_E6F1E71826,0.012928383717671998
ID_25480D65E7,0.27392334828775355
ID_7400FC5C3B,0.0063092816324989195
ID_4FF3F016BB,0.12431881634284896
ID_5AD46B481E,0.26084532725393167
ID_901AE0918F,0.46259258450407675
ID_2572B00A69,0.002
ID_7A74BD4286,0.04381759144164221
ID_9B5E301BFC,0.005629555484190734
ID_248A75C6FA,0.12115140570682853
ID_E81235A9E8,0.8338311544421856
ID_BADA77A910,0.2556225395316045
ID_7873ED35BD,0.030198747446092085
ID_C1974920B3,0.278718986447819
ID_27C325E941,0.002
ID_02E5347A4D,0.8924661481062112
ID_4E70FAC6D5,0.0053702816632042105
ID_9D82E08178,0.002517904183863424
ID_1311AFD34C,0.10034680063299325
ID_750B9B9FF3,0.09814817536461069
ID_DE72B5852D,0.15898442279379885
ID_53B90E33F2,0.9513277946029657
ID_4D94F526C9,0.006750587752526052
ID_5BD41933F9,0.01185150058315855
ID_F98CE28FD8,0.02072805204301463
ID_E27BAC5437,0.02227392739851818
ID_AB9D758A64,0.2582103958362318
ID_3B7A89C1A6,0.05268418476295076
ID_699C8F6F40,0.020328406979017534
ID_AF99D99126,0.0850341372456787
ID_1C5518A56B,0.01717949913994634
ID_23E63CEF89,0.014874819028203264
ID_8D5ED287E3,0.16392542114582861
ID_2E3FA0111F,0.7562643553919136
ID_3F189BF408,0.002
ID_7A1F2EF9D3,0.8319433749783255
ID_100B92EDDE,0.019301155405084362
ID_BD53DF1D26,0.5563238977988011
ID_24ED909D30,0.022265144018453545
ID_FF07D9FA70,0.015766570215321633
ID_89FD275CFD,0.002
ID_EE63F8358B,0.0033521537147208243
ID_544A9D747A,0.013543300335467997
ID_E1BB168870,0.008023507889548035
ID_CA7A156805,0.01268411796308543
ID_8A44BF80A6,0.05437083570556952
ID_03DBE833C1,0.002
ID_9729ABFEF5,0.5424447527750079
ID_77F90268B2,0.021744499671226505
ID_EBCA334FF1,0.01591013855978077
ID_A24DA77E34,0.006531113439188637
ID_F47EAB8EEF,0.007175263184086255
ID_A93983A5DD,0.06337576184748005
ID_B36D36D105,0.5089053017258419
ID_ADC07A23F0,0.06380110974199175
ID_E6116774CF,0.002757380295983823
ID_89C5D600BB,0.009332075218779391
ID_A92CC63569,0.021239114722093323
ID_B1DD73C75C,0.8550808210196627
ID_0BA8B92767,0.010837010884711777
ID_B4A36BEC5D,0.010969666500566015
ID_BF7824ACE1,0.09535559081482863
ID_FDD22070B2,0.5487733743462475
ID_C46D1E8F68,0.005111362528267472
ID_981ACCD9CB,0.2833411749147611
ID_48F3208137,0.010546457803480673
ID_AAE92A4C76,0.0028312553110960985
ID_C05830B039,0.023918500447974028
ID_3A94D42F8D,0.002
ID_3204E3F379,0.01665939929082867
ID_EE8F912BC9,0.03047339542085268
ID_CB3038550E,0.04613505235431273
ID_DA4F1E73B4,0.04844156998076673
ID_63F9364BB6,0.313135485155415
ID_F5EBED6579,0.32746743614064994
ID_3CAD9306CF,0.1412445864582605
ID_D92359949F,0.9729126121879703
ID_286CDDD279,0.002
ID_9DB3C79C5E,0.009100454594715106
ID_997DC123C4,0.05037922708913432
ID_AA8182DDB6,0.03286444397988565
ID_BE141D8114,0.6758976363133978
ID_0AF91A10CE,0.007629228737273044
ID_63AE21D76B,0.006220629037163511
ID_2A06DF8E83,0.002
ID_0ED17BB3C3,0.00668457799737775
ID_F5D41C527E,0.004554246827573591
ID_53727967EC,0.0024708629085122514
ID_F739B60CB6,0.08911296242263218
ID_2C3C5D9610,0.002
ID_E29DCDD494,0.28618103027130454
ID_E79E718890,0.0027483077572545596
ID_786586E7E6,0.07981061603916349
ID_D449B9FAF2,0.8188004928259853
ID_24D04A75CE,0.16742238780906246
ID_F3DD360029,0.41749491322972404
ID_BC33CB8E62,0.06764612656813278
ID_30CC71EAFF,0.046519391648281457
ID_C1CF161116,0.4319577444782701
ID_7AF0BAAADA,0.049407102076437226
ID_555948E937,0.3257749301438964
ID_28A6FDBA21,0.15812631862843804
ID_0FD69AB7DD,0.7211075260220565
ID_7A6D57ECD4,0.23598688957555405
ID_A6F2FFD334,0.014199455990947142
ID_C20EFAFA98,0.0021692568864594545
ID_59D8E7FF87,0.2576059232457304
ID_46A82F2D74,0.08922477724159439
ID_81C26B8946,0.002
ID_C2A89D9BAA,0.002
ID_8D10838FCB,0.1274817204747008
ID_BE14E2030B,0.002
ID_E957261478,0.03895844580137222
ID_76CC22C698,0.7108828754877683
ID_DCED858E98,0.06914284923906483
ID_612258CACC,0.045882683025781176
ID_BD7B841719,0.05982348413584058
ID_709A0ED985,0.0037180899213471916
ID_6C19A8843A,0.024211580627216466
ID_E81ED53958,0.10395607746225163
ID_AC0011C414,0.004555178170387332
ID_25253CD6F7,0.4906919402085556
ID_1337F8CEC7,0.207156314731177
ID_32E51C7C3A,0.0073192975056717395
ID_BF3EB0F910,0.6311894883824322
ID_6E76D52794,0.049756720782564504
ID_6872CDB832,0.37217211432806696
ID_1DD8B18A3A,0.6351070016893857
ID_4BA151C97C,0.05884303032393138
ID_C01DDFB134,0.013356297705376332
ID_5AC09241AD,0.018131909914122463
ID_506FE36EE4,0.0072564338849948635
ID_11DCDE122C,0.2791591971058361
ID_1B290F9476,0.006762276206226582
ID_402BA88E7A,0.003542877715340576
ID_682E183B1A,0.20679144618959847
ID_146B9CA8A6,0.020418519973392175
ID_50BDB85796,0.06033815834063006
ID_D885B80671,0.0688566303202949
ID_1810C1402F,0.6864540494185083
ID_BEB9720D93,0.23168179415553736
ID_5D2195A994,0.4162944169153577
ID_7A4E707452,0.06713119460141558
ID_9AE01FC2F7,0.018309545879988974
ID_4808191A59,0.2120845738554694
ID_8B44D64FFD,0.37041252044496836
ID_3B76191B7B,0.002
ID_17DDDD4FD4,0.04559205442102075
ID_F2B65D2473,0.013374917173476792
ID_7F96E7B535,0.00724059114410393
ID_5D9FF1828C,0.023349214318527944
ID_93C20411F3,0.02284690181123471
ID_1E4327518B,0.0027128666765491314
ID_737F088218,0.00615447293735262
ID_33A817F5D2,0.0047764954025153045
ID_22B7DC2437,0.39261450999656056
ID_0E7398C946,0.012145784856031528
ID_AED419C1D5,0.002
ID_FC600EBA41,0.49469287065985856
ID_A0CFD2050B,0.2325254248217686
ID_3C48E7FA07,0.002
ID_0B52292311,0.4283370676938664
ID_4B7B197CB8,0.00465586967304427
ID_3218C64598,0.12486294416915399
ID_3FF8B36FC8,0.019714664259961392
ID_9894820DD9,0.21432911596074414
ID_618B4D4B99,0.10197480129043751
ID_DB06C617AE,0.04748124859312025
ID_17BE1D2D0D,0.24950955677502612
ID_30FACE0504,0.024115435610810216
ID_D3FC49E8D2,0.02911019573201068
ID_A9CAD763DC,0.01606503145332344
ID_C8911101E1,0.07066325845607206
ID_10AD9ED5C2,0.015776267014940084
ID_B09BB73747,0.00625138987470279
ID_D1CE21AD41,0.0865758718126943
ID_93AB94BB76,0.02181356700578172
ID_A3D5195768,0.043156739010871255
ID_7B7556C9B8,0.004564615521823142
ID_C934F7771C,0.041322175997678574
ID_1922D95B95,0.002
ID_DFF1812999,0.960828262314766
ID_9CDDCCA70E,0.0056597421612092046
ID_188BE4F052,0.002
ID_3E6CFB08D0,0.02576842730638134
ID_AB6DDD5404,0.06308550631476821
ID_F11B3ECE40,0.002
ID_433AA550AE,0.45515246090164807
ID_011A96AFFC,0.012319836885324053
ID_EE36C1E499,0.006718364104577795
ID_1A7C389B44,0.9966102734935358
ID_B851329F65,0.6303116851378456
ID_6C386EDA9F,0.007290258865504946
ID_9CF9521CC0,0.006891686091739383
ID_6F8E6F61F8,0.07565246213161056
ID_30408B9B39,0.002139315275122011
ID_823C139C7C,0.052556162896520785
ID_71B376ABAA,0.002
ID_E8865C1D3D,0.12846937573377942
ID_2D5B3401AA,0.28928772579207407
ID_E678EE03B0,0.041454830544372316
ID_7249D25751,0.7739925362220975
ID_5B80E94DBF,0.2754009795054325
ID_105E31CEDD,0.5848443605024587
ID_4FA38A7B39,0.2382105116138454
ID_A2BE6FD29E,0.0023997214664299156
ID_027C2397EA,0.10794402421473921
ID_0FA0A5A5AC,0.008894510772460172
ID_6988B0CB3C,0.006187156111487057
ID_50D7810DF3,0.013191965823760846
ID_93D2B0BCB2,0.23416437865316736
ID_B87134E3CC,0.03961445896489142
ID_E618098C14,0.14305708771482478
ID_B538B83B57,0.3477363903491361
ID_6236DD0660,0.002
ID_7818B4A1C1,0.29232084234718664
ID_483DE8CDAC,0.007277844896657167
ID_1A5C47EF59,0.01410296638968759
ID_09A0C1A561,0.007799001419244493
ID_A697A2B79B,0.021402865701795386
ID_27F1E5D3BA,0.8372853377734941
ID_ECC8A1A3C9,0.3618572366042704
ID_68FAF647EE,0.0441727053521446
ID_D6BB7F88F8,0.240411460324164
ID_5C1363D5FD,0.20360928462400385
ID_AC033763D1,0.002
ID_D51B03F899,0.006358946211076181
ID_053E3F90E7,0.6705856778454266
ID_0757C97DDC,0.06979780120395679
ID_07ABC80356,0.008278638749256747
ID_2275055293,0.10279376967157246
ID_B892FDFDC4,0.1609114396742657
ID_2307CC9BFD,0.002
ID_143E727877,0.09581755116311479
ID_50275ADEB7,0.1397691166010881
ID_92DF3ECEC4,0.4068333657113043
ID_E394F1AE77,0.20801834404832772
ID_10A6FA84AC,0.02344326057828704
ID_D00A0FFD4B,0.02625501096926462
ID_1795545153,0.005201351162478433
ID_FF6D334033,0.12460225012238077
ID_D6AE2A1586,0.0628553396990356
ID_F6E87E2B10,0.04692703510305735
ID_FC576ECB81,0.04227558603284416
ID_DD8857F467,0.008052542142722574
ID_65CF3E2035,0.9909352324231501
ID_3D8760FDBD,0.00461392464369328
ID_59280DBD3F,0.026472173840434474
ID_12696F1914,0.06453263031654353
ID_0C3325E88F,0.20725375342185498
ID_D3C86A331F,0.0741873088835883
ID_14506BEA96,0.006358025415187715
ID_CE0E4DCF34,0.22954670203939495
ID_3D6D6784CA,0.002
ID_67C1ECBA22,0.021028069434108676
ID_28F754965C,0.03777357953831208
ID_81D4E9473F,0.012692724858566167
ID_04EC8A55D9,0.003923862044871964
ID_002A8F4328,0.7749391771763715
ID_F377E1374C,0.07709256668582799
ID_1FE5A84A5A,0.0035131200106411496
ID_D890A0478F,0.007416294772694873
ID_D79E879F35,0.39670424302576945
ID_27F7197773,0.07546227748885707
ID_2C67D41919,0.9974163284240088
ID_09D4CE6198,0.024004171469082753
ID_1CFCB101D4,0.006787167551435215
ID_635F256A3C,0.002
ID_6BB9967A94,0.015081342303029386
ID_7EB19616B4,0.9975747856998824
ID_5BEE51CC60,0.004931737597790661
ID_11628F4113,0.011266511741243922
ID_CA9A6BE351,0.00638331108645191
ID_9F37EA489A,0.270178068193067
ID_FA06497D7A,0.007948417541695812
ID_F7B2331644,0.9909145963050839
ID_4C83F89C32,0.01675040897748576
ID_4EA8AD3B09,0.25166440755036484
ID_130286B4D4,0.016473080552812783
ID_AFEAD28CA3,0.518220045013371
ID_3DEC2DB740,0.005998087378077855
ID_A02953FA45,0.002
ID_1A9A693197,0.05189738408348398
ID_EAA1044BD5,0.07421889819924975
ID_298969E97F,0.003582404945418197
ID_B06AF36D18,0.09618626517046457
ID_AEECA0BCDD,0.5611758117392456
ID_7A8BE28F1A,0.01951852116760463
ID_E11949AAC0,0.08933906767427323
ID_5FEA2AA302,0.7912675291310648
ID_B0A4DA4DD2,0.004800368506544367
ID_AC54D9EF1C,0.14753336896805852
ID_A5FE698C63,0.049778282511490184
ID_040F7E9AC3,0.9289198975500735
ID_19D5079DE7,0.07877773228292911
ID_493DBA4B7B,0.08741025880239545
ID_9C334AC44D,0.5266454535267417
ID_6F59FCE3A7,0.016194817138345072
ID_7C9D07AD09,0.849933966278912
ID_536BA87BAF,0.0021231719210560787
ID_A9B1B04E01,0.060908146578890675
ID_D83DE67564,0.04072974235303838
ID_D831783DFF,0.021127702292432833
ID_1BD32D654F,0.019876860661752545
ID_CA7C06FDB9,0.9597877263076593
ID_0ECD5E9D37,0.014084930115694233
ID_BB831095A0,0.01058390358937602
ID_21AC9E4248,0.002
ID_A0D0084598,0.10882281572076652
ID_7B994C4441,0.00302715735700678
ID_C51422DB33,0.44017470769512484
ID_AEAC782B50,0.11740374951271144
ID_6F500168E9,0.06424084703092803
ID_3C90542365,0.00966706707625419
ID_8048685F36,0.048106580519428704
ID_E7EECC832C,0.021197558119660103
ID_285A705AF0,0.11470646378960231
ID_CD6183F209,0.026873623288403523
ID_61BA59CD7C,0.005822201504617559
ID_9D741AEE90,0.003973669981099233
ID_15C6DEA06F,0.011425926475055932
ID_70DD88FABC,0.3076604561501011
ID_7E5B10F25F,0.1270482060099014
ID_FAA3B1EC9E,0.04305174968315554
ID_7FCDED2E52,0.002
ID_CCCFBEF116,0.002
ID_1A6DBACFCE,0.002
ID_114A1DC723,0.0783494020359206
ID_9ACF01FD9B,0.015620953116878814
ID_BDB4F6DF3A,0.002742871894115156
ID_C2CBEA0AAA,0.10231601595152773
ID_6DB0421E8B,0.04768509316652409
ID_ACAED2D959,0.28216419698917145
ID_EC5741F1E2,0.07556867624831272
ID_AC139EFAFD,0.4728099064980521
ID_ED1ADA3126,0.04247099100865396
ID_E5A4150775,0.006848654424282763
ID_F5756918D5,0.0027254883823660194
ID_D369891491,0.002
ID_A69BD192A4,0.07138225594562583
ID_39ED3F2C31,0.011098785706162469
ID_ABCB66251E,0.07802517883551817
ID_32F7D6DF13,0.002
ID_EC0C0A42D9,0.021200059152473038
ID_A99F830A9D,0.19462008562271016
ID_B88A882F2E,0.014067275081049983
ID_C6746AA4B8,0.002
ID_480EB36A60,0.00649542631034306
ID_1F5A72F439,0.04947808243902233
ID_0201F53310,0.017879843066956124
ID_D40079CF48,0.21592789828547035
ID_AA594CF225,0.08820409843983604
ID_3099CF3636,0.07360766560577484
ID_40F5080655,0.10919257950067283
ID_ADD5ED4B19,0.003493918011777531
ID_9D5ADDACE6,0.8495281486371589
ID_8B897B9718,0.1348761662136343
ID_2D2313C430,0.6525130877616874
ID_A961977C5D,0.08410337644824115
ID_7FFB9BC3AF,0.02449271032801045
ID_0488A12564,0.4071965432336947
ID_2869AA4DC1,0.07803594328615394
ID_8E35CF91B8,0.0037388885316455116
ID_587BCA2D75,0.31023222634517295
ID_15BA153224,0.007012197863675817
ID_ED6773FEAF,0.14621230902249682
ID_6227B1E9EA,0.4842782502902018
ID_0CE37CEB98,0.016978173241224644
ID_2B67496EE6,0.16340665408877766
ID_AA2DE5C177,0.009933384420635504
ID_DDED08FA7F,0.004477845166440423
ID_184ECE32B4,0.021594701605686835
ID_71392F9852,0.021749176252230728
ID_2CAF8E38E2,0.016730323270695062
ID_2173D676CF,0.007361911037555654
ID_A23C16E8F9,0.0458015781203163
ID_B52C992F98,0.22450093963341256
ID_63187DAD66,0.01188196213924104
ID_42F65C9161,0.0076073845994165884
ID_DB229C6C34,0.2757349699557086
ID_BC9BB49D61,0.36998012725608614
ID_BB82380F53,0.11170047474153597
ID_04F79D58BD,0.007176674325145744
ID_4601396FCF,0.009586245283010433
ID_079C3C4C49,0.012560473662802442
ID_9BA8A87CAD,0.0071231461644900036
ID_2D3022037D,0.06064503934187464
ID_52A6E66D2F,0.3838302182913251
ID_A0C7E7C63D,0.11862214246809875
ID_265925A57D,0.00793873123298125
ID_709224233B,0.020276274725433044
ID_83246EB8C3,0.8459398674276323
ID_D130EF50F6,0.007398986579892774
ID_D5F5F8A165,0.046825533144561476
ID_30412A5838,0.0433016181045826
ID_A56C0A9237,0.002
ID_14DD4CCB9E,0.6470085926772978
ID_830071994A,0.005924039099374165
ID_6707BD1DBD,0.010644656851038528
ID_6262053AA8,0.11408931000319272
ID_EEFBE83841,0.10189537108791842
ID_1BDA20E1E1,0.10687693348513377
ID_252E4D0BD5,0.10533457029728559
ID_5BDC672418,0.05366683059709034
ID_69FABD74EE,0.009113317429322292
ID_D0F941FE28,0.64743854321296
ID_FB2FC1A285,0.019486247821273263
ID_33A2F2BF18,0.008350390297945012
ID_17A1FA6A79,0.4447752184006321
ID_67B8D5946C,0.0023383055145290476
ID_B35128CF20,0.020815459750860608
ID_9DFC238F76,0.508636612184897
ID_F981B82BC3,0.006506632726918911
ID_AEDDBA3C5E,0.012209062801576924
ID_E5D38C414E,0.049897685714830727
ID_EC1948C5C6,0.015656777167923068
ID_9B6C4DD13A,0.002
ID_E4021916B6,0.025210488560038755
ID_D90ADE16BF,0.014079156466761987
ID_8B8F5450C0,0.02832754802602859
ID_030D1C88B8,0.628907984317902
ID_C15425B60A,0.0061748351568809605
ID_C2386C7D15,0.009620380089841426
ID_A8702F8664,0.6330204924307011
ID_E640019321,0.002
ID_404B323CD0,0.006077117551037243
ID_6BBB533A6D,0.9891783324293312
ID_41A5E1DB66,0.011717035846779895
ID_FC422541FA,0.9972223205530066
ID_B1877AD036,0.009432453938702364
ID_2171132A7C,0.009508254019310658
ID_8BB6902575,0.38993970577250214
ID_01A7BFA8C5,0.25294751538791826
ID_687F96C0C7,0.017518510331913394
ID_5146875613,0.006714900976710702
ID_F6F54601CE,0.01201315353529966
ID_81444279A7,0.012739162203035639
ID_99099EEFE8,0.006813146002860509
ID_69105B40D6,0.010849274470895783
ID_32B1F4D7DB,0.10390866368053298
ID_4E7D163DCD,0.054182821776933635
ID_1773263C36,0.015608832682712006
ID_0A9F372F6E,0.007614342693373185
ID_AFF8BF6DFB,0.7102126031329744
ID_BD8B9B7A1B,0.024304836465022257
ID_3C84CC409D,0.21396283678111164
ID_519C41F2F6,0.23663713551571672
ID_57EEDEFB03,0.002
ID_8B4AEC1082,0.049721702814027255
ID_CC6125467A,0.04379745354799564
ID_5E40877F6A,0.1295621908856687
ID_5622926B69,0.00781784819605807
ID_8CAFA025AE,0.045304714340358675
ID_211147FF34,0.005020362019235575
ID_BEE16D3267,0.8795661014979741
ID_FBE305A248,0.006624841676779772
ID_6D2D3F3766,0.9955850968894562
ID_696F33F88B,0.02831456784676167
ID_69886887C5,0.002
ID_DE181CC0A5,0.043483568439324785
ID_50FF4235B5,0.26530642223003725
ID_FD36D13A9B,0.003881097600812281
ID_F2D8D136F4,0.002
ID_5B1404E8D9,0.14071081400205038
ID_D5B94B62EC,0.002
ID_3330FA9A9C,0.0061256617091378415
ID_064762412C,0.8704639395080309
ID_8706964C77,0.07848750590185816
ID_3BA4AC0AB6,0.007503116896141377
ID_FC613CE85A,0.01973481304915335
ID_25EBCFB2B4,0.8664329343498672
ID_5AAAE29483,0.01452644364066758
ID_2B908C9BA1,0.7070670312241006
ID_C1F45F2719,0.06108000629710737
ID_1719F4562F,0.9963059853091482
ID_C09F014D89,0.006109160608206397
ID_5C15694979,0.008081963784125044
ID_303514ABB1,0.09146246456413332
ID_FB5D1D3EE6,0.4117018567255329
ID_4C55C4106A,0.002
ID_C7BF766C28,0.31273497859562543
ID_2DA759E1BB,0.04237723495246491
ID_448BE00E28,0.5935647429507224
ID_087A2A9D84,0.007106263968010769
ID_A8CCB13FFA,0.04778344698616452
ID_2B290261FD,0.002639395523936631
ID_7F074C8775,0.002
ID_CA58E76D61,0.1757840032792019
ID_3A01840938,0.1708753705647696
ID_2FB3A7E764,0.38477887765350105
ID_8FF751C12A,0.07591887119324808
ID_966FF21760,0.04268126829459075
ID_A6C17913C6,0.2841512924789627
ID_FE064487EF,0.08271485176826152
ID_D2A47790EF,0.997468004609047
ID_0F9576271E,0.9217436148435044
ID_965778D61D,0.022313779805123956
ID_E86387B421,0.021351965736144788
ID_A5415DCFB4,0.010938403413211853
ID_D6A4958177,0.006494063172591525
ID_E98387E270,0.47268545564439846
ID_1D1CBCCCA7,0.23211262827739404
ID_19536935BB,0.5547126534911152
ID_35528ACB76,0.4337497143058022
ID_74F3265AA3,0.0045124211725151376
ID_AA21D85ACC,0.8247696323240286
ID_FDE005690A,0.012247040969055914
ID_364FB8BCBF,0.055770145002246155
ID_67DB190F6E,0.0058598742793058755
ID_13C451A288,0.12837376290108848
ID_BD8828E492,0.018938737197357274
ID_EA90444BA1,0.010139788120345552
ID_59BA95088F,0.002
ID_1EF93836AB,0.3820151700626041
ID_7E77F6BB0D,0.007067602280887698
ID_A93F8DA314,0.048755815891118666
ID_88DFA229DD,0.02112734151659283
ID_467CFCC02A,0.13038766378186364
ID_1CDBC5C2D7,0.0074758548689780385
ID_EE84E547D5,0.7257568973890298
ID_73250815B0,0.012385612703208494
ID_A288F15CC9,0.02538166244306734
ID_3A07F4F58F,0.006335578292590189
ID_EAFA93317C,0.10678858771997032
ID_AB62489D08,0.7902335935601631
ID_7AC80DF497,0.005088844167730118
ID_992763FA11,0.6895578753553464
ID_8A208FFEF7,0.026682431435067138
ID_E2EDF35651,0.007020760990175232
ID_03B4388675,0.8242459195177883
ID_C871B0CC39,0.5626745352187258
ID_64A8F49DE8,0.005971431769567041
ID_696A389C00,0.15515048732127654
ID_E8CEF96AD0,0.04020916230168892
ID_D007A98E6E,0.1647394786605821
ID_98DFE068B4,0.0776109608201862
ID_D4C16AB3BC,0.004128118414664834
ID_20DB400FFB,0.015489350681864137
ID_16EC8F6B37,0.4662830674832145
ID_AA8E1E186B,0.006641326361515896
ID_B01D482D6F,0.004768171432930415
ID_ED606CB173,0.03890470775311354
ID_7AD5DB17F0,0.03276242041152256
ID_3CEC008E2F,0.015484980936845185
ID_BD598CEC69,0.011454042644172036
ID_0B77911312,0.11333039254912554
ID_2E521163B5,0.011582191066908406
ID_85E84A09C8,0.04515635971930631
ID_F1391B4642,0.16115792009184385
ID_82D647C6B9,0.04594255933121036
ID_19E593C950,0.003677637494451449
ID_D93927A8F8,0.046212089691516356
ID_F01716E73B,0.11390991277407198
ID_A9DB582FA5,0.08565936344869376
ID_62A48BEF23,0.002
ID_FD801E421F,0.015585411564502608
ID_8F58AD0C11,0.04065079405425782
ID_1B40C79110,0.9905526881763297
ID_9F569B6297,0.004932516302942135
ID_A3EEA545D7,0.1553101487103355
ID_94E3DC466A,0.09545161715409088
ID_B072781B84,0.1331017499704839
ID_051CC688ED,0.002
ID_4BAFDC1DB2,0.015887724888174026
ID_01B65166FA,0.044981668722882416
ID_C0ACD1D9D8,0.9964765981928533
ID_345381737E,0.021060436762855978
ID_B8E422B4DB,0.06675889972326325
ID_F39CD1BE69,0.011071953689565936
ID_612B93F778,0.36889898081483496
ID_3FC3C6E3E1,0.7654781651343755
ID_B63464A543,0.22077242869833455
ID_797EA771A0,0.011313129283998686
ID_75DC8CAA68,0.1556123072283281
ID_F4EF975B7F,0.607081152600078
ID_174266D246,0.8966238248586328
ID_D2341F5C48,0.013053473208529941
ID_0EE1897E4E,0.02065038598874596
ID_96454C139B,0.31042962144700703
ID_6477BE7798,0.09131909387751468
ID_A62AA3BDD8,0.008415644755745912
ID_83930CC162,0.05392536908287204
ID_C814A98739,0.8799399618918343
ID_9980F8D214,0.9378227851616131
ID_7287E211AB,0.011557463236592905
ID_2016ACF5AE,0.09099712313181231
ID_49D22D1DF6,0.007554978617174648
ID_BD0E6EF3FD,0.09598657279811278
ID_ABE308CC09,0.04251921220828208
ID_8B1663C8D8,0.01818908341761278
ID_A8FA58B885,0.9072167473820856
ID_F537069B46,0.24068645015338844
ID_5295732042,0.08619912706630499
ID_0ADD06DD1E,0.6478332231328138
ID_FF1658F7A7,0.35864683717075974
ID_DE5CA20B68,0.03381526378485719
ID_42C7F76CEA,0.07657824929786239
ID_536B8CA580,0.39783848061712207
ID_21E42EC548,0.22765143987881756
ID_4A95592330,0.015549709589520365
ID_2DA9FE0D91,0.002
ID_8600148829,0.08902951228129152
ID_516A502C90,0.45187262202301537
ID_A397D3B4E6,0.011818111822671019
ID_30F3CDEC3A,0.006526459529756607
ID_8B520FAC37,0.06931569759776246
ID_96E8EA243E,0.29234112747984553
ID_5F5611727C,0.9498162172863133
ID_CBE86F6245,0.16267025101286448
ID_29B71D6610,0.1981778153333482
ID_184EDCF9E7,0.2087866789308481
ID_FFA4CE02CA,0.3726818932368792
ID_73AC498959,0.008224715108746283
ID_A0B9E3E8BB,0.007179571837563718
ID_4233D53779,0.6200480579760228
ID_DB58E33471,0.004866949057766013
ID_7556E03424,0.00830719456979322
ID_9646F40991,0.3193292567174372
ID_2CFEF7FAC7,0.07900421903721709
ID_86F3493A25,0.27951242461807974
ID_CDA7C1B7B3,0.0028300919626781797
ID_9D95A1642B,0.002
ID_027BB3FB1E,0.007581433684272263
ID_6D0A3DDFAE,0.011269320410093077
ID_66EFB1C34D,0.006298755875747255
ID_38946B40C7,0.011707513882746667
ID_CD3794529E,0.002
ID_43B56E74A6,0.002
ID_20A6626F0D,0.014602584304188452
ID_418F3B14FF,0.0020082395656825444
ID_F0F6D7B3F3,0.012425214383557369
ID_F966A68CAD,0.01545937808719495
ID_2BBBEA4701,0.012212871969263992
ID_E19F24B267,0.0075202870603917425
ID_A4A21B6930,0.04786286393392147
ID_AD9894DEE8,0.02150552061446197
ID_7547BD49A5,0.007221114307646182
ID_D09F4E831F,0.011823386471867455
ID_ED2EAAEEF9,0.09036582253085484
ID_E744DB5DB1,0.006329841625264051
ID_CC2F29034A,0.002
ID_D37F301CAC,0.006967057726479526
ID_C999B3C7B6,0.288425403074584
ID_EA024D196B,0.13022914876148023
ID_F354A1D3E9,0.089331537231603
ID_68CDB0774F,0.006340822260423176
ID_0C863B3AE9,0.012376475851578502
ID_4727767B93,0.45211249373640805
ID_1A9B3AFB98,0.20370591815466083
ID_F10EC57E02,0.005567289517816922
ID_145BEF2A13,0.002947233611302656
ID_34730CC93E,0.15847639687230367
ID_30E6B6CC32,0.11676758634097711
ID_71B7D5B400,0.003698237044697045
ID_2DF62F1CCE,0.9943125570527575
ID_B03FC6AA04,0.13980348919149674
ID_802B07690E,0.03168330586347419
ID_4356E37D87,0.20060717345166312
ID_FF079A6A71,0.005880621938323757
ID_DDD009D9FC,0.030107620798179777
ID_D32F710391,0.3285230027548876
ID_F842E8C055,0.04427549221935377
ID_E9B482D375,0.02335050566022347
ID_6E80664C98,0.0721744977833803
ID_CBECB34842,0.4596759123331536
ID_8C9AA8535E,0.023346098685060265
ID_79ABA55D4C,0.04775736575644957
ID_23444CBDC1,0.3597764874371923
ID_BFCC9EC4A0,0.05116287852303834
ID_0DB1D5998E,0.9345651637416372
ID_05756FE862,0.015768589908439046
ID_BDB57EE7CE,0.004866711901742361
ID_FD265ACDC6,0.18731135947292696
ID_B990CF0D5D,0.0074611745155976975
ID_363E8A2F2B,0.12446651026088834
ID_CB4BEF8ABD,0.03170062553785476
ID_8BA67A8D90,0.002
ID_128565E92B,0.10932072451704014
ID_E29EB8F802,0.08967639804319807
ID_EC1F6C9E44,0.04691344108970389
ID_09B1BC0655,0.4579826460262692
ID_86E961AAB1,0.28148759576624144
ID_F38BC3D19D,0.010568392646470783
ID_F80B24D34C,0.7259214129384459
ID_4172A30574,0.0050320511351019375
ID_1F163EE59D,0.0072277912582358736
ID_B2A54CB64D,0.10992090277627146
ID_D0B34CDE19,0.002
ID_16A45D475A,0.028041036768576586
ID_8758C4D766,0.004631131966133284
ID_F17694A328,0.25828354585169594
ID_0CC8905DDF,0.08818057296964639
ID_45F09E4DC4,0.0032311732640229033
ID_9FD694A8D3,0.013781595960384594
ID_5DF57A627E,0.03589949785156601
ID_4A85891A26,0.006618385849950113
ID_80F10E116E,0.14768068635502765
ID_FCAD2C1162,0.006230815540085547
ID_9F16DAA6A9,0.1087257171238187
ID_C89A61CF35,0.6738718408822709
ID_1C223AE4C7,0.012009262364609183
ID_1B3952E79A,0.002
ID_D3C72C8510,0.04454956715029299
ID_AA2751D414,0.02149863074435539
ID_4E2367B27A,0.07959024371313404
ID_0CF55C857D,0.4781777641228456
ID_EFBDEAD39E,0.00601591280881998
ID_574F6AA805,0.13249469360476573
ID_53D3F65991,0.6041084177243722
ID_643AB2B6BA,0.006349325908940485
ID_5053505A48,0.019103535242081544
ID_B6867B9A27,0.08970749310731634
ID_65A1B3C0D7,0.008132044795597737
ID_FB37769812,0.0064650081086946075
ID_AF1DB4204D,0.2677362893723756
ID_BAFC436593,0.022317298671948947
ID_1CCEF8FCC4,0.002
ID_5A83D0967B,0.004949095511083066
ID_03B180A1DA,0.008891460804641227
ID_30A154FB7A,0.2636738464223444
ID_CC76D6801E,0.009868502822464723
ID_7686876695,0.8504290020281187
ID_B261D28A62,0.710647032124863
ID_5C0FE36632,0.0064115532978374955
ID_62DE2186A1,0.006173293580316012
ID_6F653E8530,0.4985568243939933
ID_F263935CCB,0.4418528964512882
ID_2D6B11D2D1,0.006850438840966303
ID_F7FE5A64DA,0.12192738958008119
ID_B9D9296A4D,0.02721785263052337
ID_DCBF313758,0.4007387479489908
ID_54DC228D88,0.2920413858573706
ID_EC4CCC492D,0.1317967269537382
ID_61BDC6D620,0.05129396471580124
ID_4A0C652F6A,0.06209716725441736
ID_F84C55EB69,0.0464693854887448
ID_83B1F43059,0.04525697799367531
ID_E770349709,0.07464866246894959
ID_8B5CF7CDFF,0.0946031880335289
ID_78C172E010,0.2176007454720689
ID_5734971D17,0.021700201558292224
ID_E9570B82EA,0.48839967978770565
ID_241B99FA65,0.023165336158944443
ID_6DF169A680,0.7184015993333979
ID_3918600140,0.011743113222688015
ID_5F4D43AC26,0.02455497010810856
ID_D3E165E5C6,0.002
ID_97A539C9DF,0.005129233201186542
ID_555F56CA97,0.07175950908152035
ID_2A0B6B8EBD,0.014344337767613492
ID_9F127F66C7,0.1450474671126877
ID_32127A1E6C,0.029886380218976914
ID_C862B6D80B,0.002
ID_1C337DBA0D,0.004888899915820631
ID_B69CA4F30E,0.003957138536200755
ID_C10F153906,0.9879858305025677
ID_31B3B7CD9D,0.9849115157838068
ID_807A8C9A6B,0.002333114062359021
ID_292ED47A31,0.003951264244819219
ID_2D3B637B69,0.046700390474117975
ID_D0014EA6CC,0.045186793573952784
ID_EA5CB9F318,0.11492686604750957
ID_B34CAEE9CA,0.002
ID_B9D9751A7D,0.002
ID_927789DBBF,0.01560775912474532
ID_9E2D4B7944,0.007800715767050039
ID_CD56162156,0.0029229125093749382
ID_CEF422AAB0,0.002
ID_39D080A1F8,0.0027347594974890276
ID_FD077B12EE,0.04392077584931397
ID_D83CA25F6C,0.014378888607068437
ID_AA9329CC27,0.9960237462543367
ID_38BA209527,0.02232420859586153
ID_BFF1941209,0.04738332264967728
ID_5111ECC1E0,0.1791602945998019
ID_F231C7FAF9,0.0029662160328377775
ID_38DEC25F1A,0.0021848477415579953
ID_8534F2E03A,0.007326883638435932
ID_D40B7EA8A9,0.011560889679514906
ID_8FDCF6220E,0.04341580003198624
ID_E949D15ABD,0.2822766897912466
ID_FDC3FD7393,0.007925095024726513
ID_30D23ED5C2,0.9745623955334931
ID_9CB36EB9A2,0.1398942957099964
ID_A614937EC3,0.0075024931027733
ID_67D16E2668,0.10173032744470281
ID_304DFF829A,0.7106222129307184
ID_23E8E4190E,0.04805147665512414
ID_444C8FAB8A,0.019209632480322862
ID_DA2D98B25B,0.013513504257443994
ID_BDA55EE44C,0.0044480751792644385
ID_86E45072BB,0.04061530089715884
ID_47A8D07B48,0.07712103541692575
ID_A6BB653208,0.003727403711929435
ID_269BD5134C,0.024869552263445876
ID_541402D270,0.002
ID_8A5682B05D,0.3600342096869626
ID_E044301917,0.0020501942231618835
ID_84792CB544,0.021795587171795208
ID_3700BD9DF8,0.002
ID_32B29174B6,0.020807352146391244
ID_D2E9D337AD,0.002
ID_9AF038111D,0.2797203031122818
ID_C629491D79,0.5199847074904813
ID_55B9F1F386,0.002248748465760495
ID_FC299F6B4A,0.03284654600589572
ID_372CF782B2,0.002
ID_6815D4679A,0.1011577138684481
ID_08E7308C53,0.016203652824588542
ID_02F69CF0B4,0.004660739521190321
ID_08C6621CA1,0.17151698294094278
ID_76D137C1CF,0.002
ID_2AF2BE19DD,0.002668954029721406
ID_2216C93632,0.008457489576415247
ID_D0B2D88EEA,0.30960232991774617
ID_86A8601187,0.0945367357615519
ID_A147F11432,0.022382892411622737
ID_9210A54361,0.0047696616917728965
ID_B6EB3E0D60,0.03852605593479807
ID_B390E0F42A,0.005983324918607455
ID_D78F9D7C80,0.006236159641170605
ID_7F01132B8F,0.09919613980069546
ID_3841790291,0.007516865787774542
ID_5FECF6D38B,0.007474329807230853
ID_DF335084F0,0.2706566206791115
ID_86D813CB43,0.2100075808281145
ID_A27A418D3F,0.05976477266945308
ID_16BD0D4A0B,0.023227098916257016
ID_1CCD6705FB,0.0034299282093772634
ID_ADFEDFF9B0,0.06564373281152582
ID_502A4602B2,0.24271259073102272
ID_CBB28F96DD,0.12717394384885922
ID_0D6363539A,0.4046626226039773
ID_445FA27562,0.21442803927014423
ID_3320CB94A8,0.01856436356575005
ID_4700F0B9D6,0.00717417385446615
ID_C87AFB830B,0.012484569262264196
ID_E6E6488959,0.9135182864223658
ID_E7ADC06689,0.09756201599547702
ID_4EFC9C2052,0.07099881672249818
ID_57C9BE78A0,0.021323368260736726
ID_3F93C914AE,0.014400383683381318
ID_B8DC17C4EB,0.04739589035059681
ID_56C201D95C,0.09539310262663785
ID_1D0F23C508,0.17237875171078093
ID_F0157ADF30,0.9844879700278093
ID_4684BF2301,0.022080252331581222
ID_06C5ED9EAE,0.3836446865704287
ID_04307B8B1B,0.005237610664564111
ID_BC2B4C7E48,0.016142559736814964
ID_3355860C45,0.017222766264318613
ID_512F899FE6,0.010769740498486337
ID_025AF952BF,0.17858083155470425
ID_3ECC878312,0.0058079075294744185
ID_254CD9CE70,0.005494831033880586
ID_8CC51FFD90,0.04740813144411998
ID_1BE8299CD2,0.016034800996146046
ID_12F734B970,0.11690384667015931
ID_8AFF3EC19A,0.007740627874027938
ID_8B412324F9,0.03294666317024039
ID_54D653B9BD,0.2870122572399622
ID_6D84AB8B9E,0.0062953467036461095
ID_1A77012419,0.036577564691594344
ID_C5839DB5A8,0.7560406223511825
ID_4CC7A10F40,0.1730576542999541
ID_25704AF11F,0.10871831886617153
ID_1F7C6C66A5,0.02961509458727114
ID_A3C3278929,0.05424942327003751
ID_044237B505,0.005921587809401105
ID_BE60891F2A,0.1380962983239047
ID_BAFEAC41A7,0.010025762224899268
ID_58B8E32403,0.029570076346204732
ID_24B3CA01DF,0.12223532737155984
ID_0BA643DF3F,0.7864530300173422
ID_C31BDB1234,0.003504979955092981
ID_00FA57A743,0.04630820406642493
ID_A0DA67B963,0.0021705569227888476
ID_80F75443CA,0.007143054722566048
ID_FFE31E994B,0.0020517747304417376
ID_D873D50C4A,0.2411024411320324
ID_F08128186A,0.011050450385676633
ID_5BE95DA6E4,0.00686155523506867
ID_D7DCC37B29,0.12673424113492676
ID_6CD7DFEC3F,0.09351673998520989
ID_B11D00033B,0.0021630915590093373
ID_10A05F22A9,0.01209202061002977
ID_D4E5FEF353,0.022272384294083448
ID_859607CC71,0.0070836719643611636
ID_58C5483826,0.08199968645572267
ID_2CA7AD0FB2,0.9195874743341155
ID_7B3B703AF9,0.9793346444033044
ID_8AE66D3FEB,0.10571091529404293
ID_A6E9535DAC,0.21168825386622164
ID_0DF845A617,0.04484333696344825
ID_2447E07A62,0.023986460803844336
ID_AEFC3702CD,0.011532167107755164
ID_952BD4F3EC,0.013280663013450178
ID_EE683285C2,0.47262711395296075
ID_7947F1A9C2,0.002
ID_9A3107E046,0.9657645259682022
ID_8474BE690B,0.41707476200855775
ID_093C9A1409,0.15073105010663831
ID_C6BFF65D8C,0.01852348009285124
ID_07CB3AD4C8,0.023474647650786103
ID_7F4F558B88,0.04393802306208078
ID_C8C3560F09,0.017271677161678854
ID_2A30C6D505,0.002
ID_17F3ECCE66,0.021147604776291216
ID_F1AD3A63C5,0.0061749958842491825
ID_D590005137,0.002115188737756786
ID_A3821251B8,0.028021055394118165
ID_411F6FD35C,0.02971155830003569
ID_F25772433E,0.21434618613270023
ID_3D57B60338,0.06971957793855152
ID_DFB86FD678,0.007495603329874402
ID_A2340BD314,0.012597383277082876
ID_30C4A6E003,0.0028341192448158295
ID_E2F685AE7B,0.05965973340402157
ID_70420DC0F7,0.024891689560832594
ID_6C5577C248,0.6962808291326928
ID_18E56532CF,0.09913639238878057
ID_6E4E934B57,0.007968811052612627
ID_10A19E1ADC,0.00505829801418252
ID_2EE085E81D,0.19112747523297233
ID_70326D4A04,0.020897970057101985
ID_B04C07D42B,0.002190273101987344
ID_BFDE969A26,0.026105871685080516
ID_728DA4A26C,0.002
ID_232EC79658,0.0022627348822472017
ID_647AB2AC62,0.193371765254142
ID_E6207F1298,0.002
ID_4EA6E64395,0.21081476122147194
ID_C1426FB657,0.028133143023219447
ID_9CD32B921C,0.08621812203701444
ID_8AF273F291,0.012180936436747834
ID_85DAE92C77,0.08723580522882159
ID_18A4A3BFB6,0.3145351982391533
ID_D441DD9795,0.4666861478569334
ID_4564FF175C,0.002
ID_7D0A724EDA,0.02545987111478594
ID_A5493B0154,0.03535902396056504
ID_772E6F9856,0.13499091180794923
ID_B4E8AFF2FB,0.038937958437812926
ID_62AD45E512,0.5738541346547607
ID_29F297F17F,0.028962985215095927
ID_D36C139C98,0.002
ID_873BBA38CC,0.1407414844386031
ID_8E23BC8E08,0.4970016448891146
ID_8E6DB1CF83,0.006878005892305985
ID_8B78FB700C,0.002
ID_D42F1AB886,0.002
ID_5039E74490,0.29732379147745097
ID_F4158EA856,0.010353969020220804
ID_B6B5A8897C,0.05540941303751017
ID_47B899D313,0.008966851542688257
ID_E860BAFD6A,0.0035872952370209336
ID_41003C8E1F,0.44232165451492345
ID_B9AA87E1B8,0.40499380436698623
ID_F7FDB980B6,0.002
ID_268E55E0CB,0.00376237726364767
ID_25F3904EE5,0.013230728753667653
ID_0446D88DDB,0.5495546145855619
ID_2F80ACCBCA,0.00724736810730449
ID_3731F029FB,0.3783302393248594
ID_5572D8964C,0.002
ID_EC835D388F,0.002
ID_32F120AC13,0.07368260290551473
ID_C59C5EF06F,0.5574019139816115
ID_31E95D5C13,0.029375232410460066
ID_C0D97ACC7A,0.12820336620877779
ID_6ECFFF1138,0.013932070694488262
ID_0825EDAB5A,0.022021167258467523
ID_B618599C8D,0.9860252832619676
ID_14F3D5C3B4,0.4222068836687415
ID_20D00A988C,0.011237772393122718
ID_CFE3F98CE2,0.2937932683897823
ID_157AB314FD,0.007195835198636583
ID_42558A0C3B,0.04248856625130016
ID_6495A978BB,0.005854124890222757
ID_8A4AB293B7,0.30942107940808483
ID_E42FB37B19,0.018559274477916464
ID_38F7199E4F,0.013123281210164163
ID_75B2C1B135,0.6128631388088479
ID_8A86AC8915,0.21004871837691955
ID_A996E06673,0.02134556627703395
ID_5AB9BDEC31,0.6422711742318634
ID_0B39AB1853,0.39460330732179855
ID_D7377C167F,0.09443423433104409
ID_4E2A61090C,0.8791584001825741
ID_5917538594,0.003465799212987154
ID_F9CBC45801,0.013981210086418783
ID_413E44CAB6,0.308739200624607
ID_43FAFE6696,0.020465929520551793
ID_1C4A9BEA8F,0.8050537716233728
ID_E1D7ADB105,0.002
ID_07D8B327BD,0.004581493670918417
ID_701B1CD071,0.2943229990671045
ID_07842AC1CD,0.40379015639319155
ID_AE94C4894F,0.00537740958531223
ID_1D63EDB9A8,0.012413244941308275
ID_B39BC12051,0.011042869528387334
ID_9D80A1178F,0.14569456330453254
ID_9F999FA901,0.04823021466996034
ID_378AC0EE73,0.006293783807527929
ID_D44239EDE4,0.40805429228649737
ID_F7A49735B2,0.572256399119164
ID_32C56B3B64,0.2563593770474609
ID_A638476689,0.011983234749521949
ID_6029BF34E9,0.07351614809794016
ID_EF7211F632,0.21370069248447848
ID_4BA2560495,0.02613338742071025
ID_1E27976722,0.007277352802569139
ID_7FAA2EAE3A,0.01599804584176256
ID_95F34D4460,0.026928287253951105
ID_4354847CB3,0.006010655870669825
ID_C732B85685,0.004804200110651466
ID_DD29D58364,0.061346143481485635
ID_A3D97676B7,0.2825963968978054
ID_69D9B30D8A,0.08985067089199175
ID_8D7A2DCB09,0.9916342020788517
ID_2EEDCF12F5,0.27339294640699624
ID_AF5F894A3D,0.15030800059793348
ID_36DCA910E5,0.17525943320848678
ID_019D6E2273,0.3530520075553993
ID_47300266CC,0.002
ID_681EE60A54,0.002
ID_F836BD0F17,0.02367996813277835
ID_A2A53CF9AE,0.002294567602097107
ID_00DA51351B,0.010880263607648866
ID_ED11D98474,0.02222245478641161
ID_D95392FCD2,0.013074530895807327
ID_68B737B158,0.002
ID_3279D53C45,0.08287208451866267
ID_48DB9B13C6,0.002231149299123345
ID_81F22A59EB,0.01655901216030743
ID_3373F3FE71,0.019149333754889846
ID_82CE855536,0.9452503241144413
ID_884AE79069,0.04217796334996626
ID_E98FB47F54,0.007661213598158993
ID_0EE5DAC809,0.007653802045081625
ID_421AEE6DD9,0.02950664723437811
ID_B07069C1E1,0.018676897245331465
ID_87AAC3898E,0.023207136021235714
ID_E3F2B84765,0.01521346499989195
ID_123D1F7533,0.5722559414202754
ID_B601D486FB,0.01838316761259254
ID_20F07F6EDA,0.0614035559523366
ID_85A3A06D2A,0.00789450575256396
ID_93CEB9481D,0.002
ID_4FC00DBDDC,0.044981707573511276
ID_9B210EAED0,0.04800455035855135
ID_88708ACE2F,0.2561232751881975
ID_80DF379BA4,0.2918875230976841
ID_611E878795,0.0032148088212558476
ID_ED030AE3AF,0.012215374493109782
ID_8829FABB45,0.0034141662481897866
ID_D86E110324,0.002
ID_8EB40FC4B7,0.070080784877521
ID_9D5790AB63,0.057294091884952776
ID_876C9BA665,0.04553619925580019
ID_F2DC2B0E6B,0.007491501269973265
ID_C0E5ADBBE3,0.002
ID_873473CFBF,0.7284941252890198
ID_A9BCD3EA6F,0.014818764779110254
ID_D940D3369F,0.002
ID_50BE5580E1,0.60820650211326
ID_EA64091CF7,0.7043182063542155
ID_C3CE3E5BE6,0.05163221828912912
ID_7D9B65D8C2,0.046154845913342096
ID_9F4C1966D2,0.002
ID_36A5702743,0.002
ID_92377298E2,0.004764283268456431
ID_7D5F90C079,0.01697934037730636
ID_1B266248E3,0.9848986291776096
ID_4EE83822D7,0.01800570289502241
ID_BAAB21B0D9,0.07480278351824672
ID_1F263F808C,0.002038137399010471
ID_19E3E4145B,0.022719618674446346
ID_A82938187E,0.1889835165442193
ID_83D83FEBEB,0.008700976119502102
ID_D9A905D4CC,0.006927892006555314
ID_DFB5DD5902,0.20748614185534653
ID_20893C1B2C,0.002
ID_6351AB66C7,0.6640083255596503
ID_7EBAECC7B2,0.01963426086957731
ID_FA538B8587,0.04793705547988466
ID_28B004F699,0.015223827995868622
ID_5430BF3B6D,0.002941501961286664
ID_13D4626AD8,0.01368904168338717
ID_255ADA72F5,0.045269983317216496
ID_1C7C5A4D47,0.02876864943132223
ID_0B922189E6,0.15738022150871078
ID_326D25A34D,0.3830598336051171
ID_D1DADB9402,0.20276809096005308
ID_63A48B2701,0.030201818600630162
ID_EB1C46B107,0.38191540840422983
ID_E1EE2E813D,0.04159661424284531
ID_8327D6D7E5,0.023059639739642875
ID_A075C09BF2,0.002
ID_7C53B3AE79,0.26916254250642574
ID_142D7DC2E0,0.10896764186154223
ID_B81E36C4E6,0.010472938889709073
ID_9FA3529631,0.002724159895372094
ID_E7F8ACFC30,0.020607484348671976
ID_DAF098434F,0.22009580549883354
ID_A20A3B33D8,0.19073995322247586
ID_8E58E158A7,0.11185390826985235
ID_A95908438E,0.011355210592347592
ID_039BC6ACA8,0.1947226261553733
ID_4086FAF889,0.0021248344365890318
ID_BBE9602FD3,0.002
ID_D6A530EE48,0.0026472264116678516
ID_F3C2E18B39,0.012038051584657003
ID_0E82D8B6F6,0.9027903301287825
ID_A9846D5618,0.02484527096128078
ID_061A45D88F,0.06687812103902634
ID_FBE7688B22,0.012545949383504049
ID_0334E6295F,0.8641525134520177
ID_F7D91738EC,0.003636040517766879
ID_43B86E7977,0.006293722661527892
ID_3A6DA51019,0.39376255468973936
ID_1D33F69E91,0.6636581283282992
ID_A36FF54221,0.04417135936008503
ID_72A5CC2B40,0.9778228310865857
ID_F79076F5D2,0.05105407695012865
ID_EDDEC7C993,0.6799003433330172
ID_51DE177797,0.18556306710891518
ID_727E7492D4,0.06312127808053752
ID_226FE1AB6E,0.02118412865192157
ID_20EBF3DE91,0.029545691354799033
ID_E064A132F5,0.13659053023176554
ID_851BA45440,0.01842085510876524
ID_6404144A34,0.017649842627823615
ID_A6134F641C,0.3020709082788246
ID_FD59A720D1,0.036635168944155465
ID_093E2C6CF6,0.256261712461542
ID_2019E20348,0.0463064736778431
ID_7784CA732D,0.008753455763053043
ID_4BD1286E08,0.002759447618574924
ID_F115202609,0.003319907926858423
ID_6930E1E9A3,0.00807778057431431
ID_F8C0FC1556,0.014403244236560414
ID_083F00557F,0.20364717676839347
ID_CEA0B0FCF6,0.02526057720993203
ID_9815C4A01B,0.1384296859777697
ID_9ACA11F7D9,0.02479967968821142
ID_6A0C1D22DA,0.13526404327904493
ID_D4368F9190,0.002
ID_BF575AD707,0.02311299577406328
ID_5C0A33A475,0.022657960151319965
ID_D17F8870FB,0.3293602763076168
ID_CC483050F3,0.10770338870432823
ID_3E3A145261,0.8002001572300185
ID_7821B7C4AE,0.08673263440915978
ID_F3B1BE529C,0.007240661039450224
ID_23EBCF431A,0.006061126478034347
ID_A95091F0B4,0.07731042188193146
ID_3C9B642F83,0.24719925337442225
ID_BBFA25D1C4,0.13829640976803773
ID_C6CFB7F868,0.1745878553182122
ID_A521FD0106,0.3519551005409681
ID_6E1EC9A155,0.1283257904118799
ID_8270D77FA4,0.22149018909904303
ID_4E89A69E6C,0.2332690290379594
ID_F4283F49F2,0.15604607967789086
ID_DE51D5A99A,0.06873037912979055
ID_E987A54F41,0.07391032403638531
ID_4A18BE4729,0.03922230041474963
ID_D68A5369AB,0.002
ID_0B12A83B82,0.06946679738360025
ID_45AB1D3AB7,0.012461275744822342
ID_1909C6A041,0.3921705719171982
ID_19A121D478,0.926930374691843
ID_6836F74FBE,0.9980914999101297
ID_675DD232F4,0.012330164460122243
ID_6B7836EB5E,0.002
ID_704F9C0E2C,0.003654250213516845
ID_33AE9B4BD0,0.13368139033112655
ID_D4898C7188,0.2552166495547837
ID_4605011E02,0.004903743565767192
ID_C36BAC6428,0.13952896195608946
ID_6F5C24EC96,0.007104375659763073
ID_027ECB0EEF,0.0020971513266393182
ID_B0A999E8D6,0.15598696810337526
ID_31F16D164A,0.6339212155967878
ID_2CF66FC785,0.20504315546094665
ID_7DE754E005,0.11704581047620907
ID_1205131718,0.37309949046032437
ID_F85F679BB5,0.6439964552930983
ID_C8FD08D506,0.10401332550399599
ID_7FD24CE8E2,0.06363362510211228
ID_C445778827,0.3678927574213866
ID_D6F1E5F415,0.26542605610413683
ID_FB48017E97,0.13624803298081453
ID_77421F623D,0.0028176709777153397
ID_42D7AE9C4B,0.17579233394485522
ID_1A8446B401,0.531966436078092
ID_D1F737B8A2,0.013812107006334466
ID_535E7906DA,0.23966582818090817
ID_C04603DF40,0.04758023205198105
ID_C594B2F167,0.01750192505679209
ID_90CAD5F901,0.005609494724641796
ID_2D6595AC56,0.01999618757500679
ID_5050A0A318,0.09713652858593687
ID_8BFD80E4F6,0.014919894333280292
ID_259C46632F,0.005337433427158077
ID_91D998378C,0.10184651096836979
ID_1A40BF5638,0.6934206883511378
ID_DED82DED27,0.045524179139130656
ID_BF9216A081,0.026030385509429876
ID_92A5F20A09,0.8923926033209173
ID_106A27815F,0.023732979330086085
ID_F55DCB2BF8,0.014564100694385707
ID_6EC3FEA7D2,0.002
ID_FC5879F2B6,0.013517437197901057
ID_3726D0588B,0.4281563226365501
ID_F6F909C24C,0.019619792467377908
ID_EF74ACA5D2,0.12841363646708523
ID_D88754C2D5,0.002
ID_2D356450F8,0.002
ID_2937EF495B,0.0029790728585718314
ID_8FF854514E,0.00490197600007158
ID_1FB1C28D29,0.012831474669115219
ID_4C58C672E3,0.10949477196919877
ID_48A6566C84,0.003511158733094888
ID_5900874C8A,0.002
ID_B93A1EB10F,0.002
ID_B2460B322D,0.23354563990806432
ID_A74DAF1BAF,0.2519105378311395
ID_59E1CDEDAC,0.012135556994927181
ID_1FA0C9A12E,0.01848501835014801
ID_61BE941CD9,0.11114464054584704
ID_3CA78CAFCA,0.002
ID_F17FB2A8CA,0.006932460697203437
ID_B6F0FD4829,0.0026798428839106643
ID_2514E6940F,0.002
ID_3D632A88A2,0.002
ID_27360A7E6B,0.044865867288961116
ID_9C8FE05065,0.11953207423724514
ID_3B5D0C6BFE,0.0032717759376620116
ID_2E9A38D381,0.239499068864805
ID_D5CF5C2A28,0.3009538561550548
ID_D0FB5D150E,0.7196305287686184
ID_5260E03CDE,0.011362683558816325
ID_2E87E3A965,0.002
ID_53B1562652,0.002770786132222436
ID_42E280B0B0,0.8713860978259602
ID_748765CF43,0.011134714297083124
ID_8DE45981E8,0.0063262967389969855
ID_CF2538B734,0.002
ID_96D926FC3E,0.0069313496726737325
ID_2289ED96C4,0.05014590402991767
ID_CD35DEC888,0.025848916962056635
ID_023D083C34,0.012443058608870128
ID_0EFEF0E216,0.011460551861630855
ID_55B183676C,0.9844198039866413
ID_A516CA8C9C,0.013434432913420318
ID_7892E892C4,0.006293134111736795
ID_1B2D865875,0.6478296156286247
ID_577EB13BBF,0.009645432816951804
ID_FEDC5F2A75,0.010659733346103413
ID_BBA5EF5F78,0.02804891707180872
ID_77582E26D5,0.00632863777850679
ID_2669DE1FEB,0.08519298392647306
ID_861926D717,0.08714505800289246
ID_9564972AE5,0.8449603596359365
ID_F9369F904A,0.4972689945811439
ID_DD50D72D62,0.017770859078112364
ID_AFFCB1F510,0.8234272887901638
ID_28BD2A98F6,0.002
ID_BEF186510E,0.024982760348610612
ID_C10A041072,0.008213649820054588
ID_4675BD0455,0.005861898136807752
ID_DF524C3846,0.021044944760156836
ID_DA81F3A8DB,0.012298038538543787
ID_B6DF71645F,0.025053282542184117
ID_641E8B664F,0.9869073295541694
ID_D6C47F4644,0.1378613984544726
ID_F9A9D1740E,0.005895640371985526
ID_E993776C98,0.006527255062606268
ID_4165D85123,0.0906732468089739
ID_D88CB2B946,0.002
ID_B90B95367F,0.025084732754935633
ID_9ACA9FFB68,0.1999066855953335
ID_4BBBE006B2,0.33565761590943555
ID_05F63B1835,0.011533812067711917
ID_60E8531E6F,0.18758742699910377
ID_574B7A8145,0.8968265685381018
ID_83E651196A,0.06005073443822993
ID_DB05FB987E,0.22174130036325843
ID_E71CAD797A,0.007920452538655
ID_39D598A967,0.024209923196724572
ID_12FA70BDCC,0.9895441287565869
ID_1C4A8E271F,0.00226175206941912
ID_030533413B,0.11066793031256682
ID_E433DD7217,0.10892365720224936
ID_69A67FE071,0.013946201242919636
ID_4D37F24FAA,0.019450829832357047
ID_DF4A1873BB,0.011652062718063938
ID_B84C7A0883,0.00640902639715614
ID_B459827D98,0.02258832334538058
ID_E68F6E010A,0.15773786590716168
ID_CFE5C3988B,0.29158585236979956
ID_675060DB9E,0.009903683455437335
ID_47DE56EF33,0.002036734672343329
ID_A629AE8D51,0.012965497645455166
ID_A8E1C43EA2,0.008445213326075337
ID_F0EE11ED7B,0.9962040038738803
ID_02342E45C8,0.15859719367503722
ID_4A799C2B94,0.04337605474975991
ID_5BDA44974F,0.08405615214403324
ID_2D1A75CFCA,0.06376542878375142
ID_8483A8B7B2,0.002595317214229785
ID_DC7FEA0164,0.8289226736506543
ID_3A4A22E61A,0.25622983442123776
ID_87AAAE096D,0.002
ID_BB430031FA,0.0028148460126292737
ID_C84ABA2C29,0.20252649249106722
ID_08910DA962,0.002
ID_AA3C3CDFBD,0.04922665351380842
ID_D54C691CF2,0.01441303752975382
ID_3E2145B80C,0.21455728207728347
ID_6307719484,0.002
ID_11BD870A51,0.002
ID_F29026C3ED,0.01979196320072816
ID_A93C2B267B,0.006679437216010608
ID_07B83B454D,0.01441474372070101
ID_CB5ABC9BA1,0.3520883921500909
ID_597498E614,0.11815507647254693
ID_E3A445114D,0.16675366069259426
ID_208684BE97,0.011450167816038977
ID_9CB9AB7FCD,0.11128607634151993
ID_5768163A83,0.30266724637498016
ID_33284E5AF7,0.23239048536498869
ID_7C9BA3AB4F,0.007324737311079839
ID_7C31D865E5,0.24074167755497305
ID_4B14BAEA72,0.007405657355844284
ID_5F48E373F3,0.12591031710266934
ID_8F7F595000,0.9971882563005482
ID_FEF9B85424,0.002
ID_DC70251C33,0.05388129468671464
ID_D6BA67337E,0.1716617890978018
ID_D07B489043,0.012341256389545804
ID_69BCCE737C,0.006674056346034847
ID_C6B1826F6B,0.05073247480180319
ID_6AA4A7489B,0.020366673760156297
ID_464FE5B3BA,0.02214824037175283
ID_EA1DFD1025,0.1385793638082251
ID_B05FB7B5A1,0.002
ID_176763A8A1,0.022518373507597392
ID_1C3AAD5AAA,0.01954654069372245
ID_7876F9546D,0.659577529021371
ID_C5C9FD4275,0.013309276713782948
ID_5673CD4364,0.21083178511744222
ID_4DC82536BA,0.011812905446658214
ID_27687ED0EA,0.13121399585012863
ID_0C4755F21B,0.002
ID_ED5D12445A,0.02705249468122178
ID_718B81FF54,0.02747343899860821
ID_35BC1D0E31,0.11856671896984469
ID_6AF686ECE1,0.9921250993015629
ID_C30098FAA6,0.023096360848168355
ID_9C5B5EE057,0.10089092004384206
ID_C49F202677,0.17249916777745908
ID_F361527F8E,0.0063751387793514
ID_26B89064DB,0.3710868265507407
ID_CAF625703A,0.0700277497860941
ID_EBC3886F0D,0.016134484388035247
ID_C1399F471D,0.06717476566888525
ID_74DF2BC6DE,0.028768511615200488
ID_1D31420D8E,0.04573484274578362
ID_FF752AAE8F,0.22340851283998253
ID_B7A19DA98D,0.008816136471511722
ID_6B64625B77,0.010696593775520678
ID_021A23A9DC,0.0027765921666592116
ID_A5A8FD6BE1,0.02658769427911019
ID_60AA52B419,0.002
ID_362FFF5CDB,0.2504612036272347
ID_6C6073D7A3,0.27478892748369443
ID_43DF80DB88,0.024000975111698443
ID_8509855404,0.007118317469786682
ID_7034EEF23C,0.052154736041272916
ID_55E10C78D2,0.012003824928119527
ID_E9DE27D3E7,0.14689048269632055
ID_56BF80E5F1,0.002
ID_988A189189,0.002
ID_90EB366F13,0.04203318399610796
ID_EE137FB5A2,0.045476426997813596
ID_1E03321D92,0.0032190634689162386
ID_48B22DC35B,0.037418671293888456
ID_35D98D7F93,0.19448185381560124
ID_E9A7C0F6B1,0.005604387028573939
ID_7534EF7B20,0.02122188361443718
ID_36A3A385A9,0.006232176007002601
ID_7AD9A7DB66,0.0037783508816415213
ID_AAF853BC53,0.05549681462253849
ID_0EFBDB7C7C,0.002
ID_BA0412313B,0.0020491206365250876
ID_64506EB267,0.002
ID_8574EB82AE,0.008323203669811851
ID_CCC62101CC,0.002
ID_BAD19551BD,0.04379742502814115
ID_0DEDD98323,0.055961128785345884
ID_40BEC2E121,0.11777966227411173
ID_3C1AFBCE36,0.002
ID_47EADF7A63,0.6296538383724392
ID_E8CCD52BA0,0.07905776935175605
ID_13C60EAAD7,0.1446686995266943
ID_F0ED6023D7,0.21734915912795688
ID_95BB4BCD70,0.4190625784472181
ID_EE27A57C93,0.04636993836953141
ID_E03F3427BC,0.009769501169899065
ID_913A9CE71D,0.08354878281300115
ID_D0ADAAFBA1,0.019768384882667966
ID_97C21EBFD5,0.060457291025436836
ID_9395CDBE3C,0.0035366927082387334
ID_02D93618F1,0.6726340192001117
ID_7D6DEB6F90,0.3766328314921781
ID_E3CDEB0897,0.025305089361458213
ID_B327828F3F,0.04218009586513862
ID_7F8B2352B4,0.139378138362563
ID_CE33301D08,0.002
ID_A0FE893F96,0.002
ID_2A9E93894D,0.011867844189102215
ID_9210FBEC2C,0.014808751524100335
ID_0794835FA8,0.049713257252916705
ID_40EE91DD1A,0.718036343229897
ID_CCED8B7B6F,0.011112709870877107
ID_D94196EFA2,0.002
ID_D72AB75AC6,0.9719417067728044
ID_92CF851B80,0.07686043563989858
ID_BA21E0E3EC,0.26839424041349463
ID_052156A617,0.09427417426264396
ID_8D52D97503,0.30480178736137886
ID_78C0E5002A,0.0024030626020526504
ID_E333AD40C5,0.026047744611141826
ID_478645FC5C,0.025929516958884534
ID_1CF83B9F39,0.22551824756372033
ID_B1DE07A802,0.02392734096081875
ID_7C74F4EE4F,0.034814813914104785
ID_505F787ED7,0.21859083585171743
ID_A1D3BC5C96,0.002
ID_6B92ADBECE,0.04722934268145046
ID_045A262EB0,0.30766155369291065
ID_85962FCF7B,0.006252908557451097
ID_AF260687D9,0.002
ID_24CADC1664,0.052601059091406416
ID_AF85AE6058,0.20203418849703764
ID_48D36C0D07,0.002009042690156616
ID_632EF6A82D,0.28468221578196146
ID_4C76B92ACB,0.29045889418172344
ID_D8BB1634AC,0.017073785926993264
ID_3C753F3175,0.009119897707236866
ID_62EDDFACC9,0.006595785163916695
ID_6EE9B7DF49,0.0028324307409069065
ID_639AFE8AB0,0.9880280710851437
ID_D8EC0E8893,0.041000602494853794
ID_BB7FBCA38C,0.9437390812772554
ID_00BF97892F,0.16217404945191366
ID_242A87FFC2,0.002
ID_92222C98DB,0.005889309815713315
ID_861C0426A9,0.33840231853288466
ID_28AA8147FF,0.06310393786772964
ID_78F1945FDD,0.22730644115457488
ID_377D0296E5,0.017836940122583727
ID_760FEAC134,0.011742109559644337
ID_FDA014ABC1,0.8189895383712937
ID_643FBFF5CE,0.2285537983897447
ID_3D964D9621,0.009744932894331601
ID_59D607BF34,0.004620584992419363
ID_686AADE753,0.012798586648632433
ID_A88013F3DC,0.05271966614000503
ID_AA43D4BD3C,0.006533704552278661
ID_EB2250F227,0.06914371185032152
ID_102BE93CF4,0.23840805283412106
ID_7A64D90112,0.07191204617767431
ID_D584B450E1,0.08410266605570589
ID_C06960A3FD,0.1100808578486346
ID_74095F1E74,0.10419471332621692
ID_E5DC91B55B,0.004461142715460479
ID_5251104764,0.12402311758114906
ID_9622B3851F,0.011534084779064575
ID_2F9CA12C0A,0.016461238858794653
ID_18B719991F,0.002268295047423384
ID_14043D7AAE,0.4321831915872025
ID_9A620D0B39,0.04325072303799142
ID_0FE5481A3F,0.11954564640316052
ID_3052B18F1A,0.04250155887139054
ID_0E04EBFB22,0.006515780427794939
ID_921FFF955E,0.00575797038750681
ID_6B2116B28C,0.14126188723169839
ID_4008407CFA,0.27941367759288416
ID_6CC699FF14,0.002
ID_279006C8C4,0.002
ID_8972029DF1,0.002
ID_3013961C51,0.010469766730260626
ID_F5CE626A19,0.05101015087499946
ID_5BEDA1D88E,0.002
ID_ED7BAFED72,0.8643584628768188
ID_D7755D1440,0.024152011051581806
ID_F0A3F273BA,0.9830982634347802
ID_80AD2D8703,0.05185714540968208
ID_0382C3DD32,0.053301467401707284
ID_33177D594F,0.08408127833821952
ID_EC33C8273F,0.13851354748108283
ID_62E8274C8A,0.008081498890368969
ID_5AAC0E7A2C,0.1383313711468359
ID_830AECE4B7,0.006468263319638256
ID_6514E1BB9E,0.006064406521889434
ID_BCD9F51413,0.07157328560277486
ID_F0AAAD8973,0.0192545742248596
ID_78BD372CD5,0.0229585633491911
ID_E271CA810B,0.006879803904707019
ID_B746702EB0,0.28580633486919443
ID_FE57335A04,0.023373224603501507
ID_9362C09BED,0.20203753069625502
ID_A39D46FEB5,0.002
ID_28F7A06711,0.0880478936743228
ID_3DA9D5802F,0.002
ID_C1C5725476,0.49248204809452273
ID_99134A9403,0.04056287948067446
ID_7682761ED8,0.002
ID_F5B229B660,0.011810271122064451
ID_593CE55A8F,0.021885602693559075
ID_0ED2CC0249,0.5458099829773005
ID_6B93F575A2,0.013556348379101467
ID_A0759122F5,0.5542217557745012
ID_413FB9A967,0.027870518746766076
ID_18B262C1BD,0.011848857014848509
ID_7B06DF3A8A,0.002
ID_6E261A1A49,0.01727921301202274
ID_2F7443DB7B,0.011343791137501344
ID_3FAE698CE1,0.020943253315654217
ID_756A74BFE1,0.012783718054575273
ID_0C7C4D05A4,0.06705707449451315
ID_F16F9DF8D5,0.45292253443978436
ID_0A73FE8043,0.009045112444160255
ID_97E1DAEF05,0.003304302098255234
ID_41EB2B334A,0.23297198163573432
ID_921C577911,0.04117744957928684
ID_400DF245C5,0.06797988582615588
ID_5A097EE0F6,0.09005527001119663
ID_F836DC07B8,0.9937408198178405
ID_E6C9AF0918,0.017597693222435536
ID_E48BBAE1F9,0.4628661033565873
ID_68BCF6B630,0.02798557677874849
ID_252BAA441A,0.0734408487859399
ID_6A7D1BE5D8,0.008512716066139781
ID_088276630C,0.00741374160378708
ID_A31A249D69,0.703074560368867
ID_D1ADB15917,0.504427210402311
ID_83A2417116,0.0191415526305593
ID_AB2DB2CE9F,0.007136600946258298
ID_23AD0B51F2,0.09073455674063009
ID_5F67E4AB24,0.0038091123421825595
ID_B409C4625A,0.014887539847156333
ID_C9BBC14082,0.02005927342828154
ID_32571CC7A8,0.014401023200302902
ID_3EE7D26111,0.02301554912485104
ID_D69A21FB80,0.002
ID_47589B97A3,0.030206901817997546
ID_316F3CD785,0.0023607841436926423
ID_6FAE105BF4,0.7176041012870853
ID_0FC21F0DE0,0.0965877723492435
ID_0D5592EF5D,0.6164397820166209
ID_7471D11D24,0.00458435086755599
ID_6B5BF5711B,0.007922519505966421
ID_A9AC41FD89,0.10172670545176259
ID_E5C9F0CD34,0.6678756075249336
ID_1AC9F1DCED,0.004986289423226217
ID_59627A1BFF,0.762765943930854
ID_E7F64C9FB2,0.5516256857730107
ID_11B31A7FD8,0.21629827235550386
ID_0BFD13BF79,0.006649179883302595
ID_7AB85981A3,0.007150310531962687
ID_A16A359CF0,0.0036070938225037535
ID_130000BE66,0.002
ID_2C193FE7EC,0.09112749994509231
ID_39134CDCA1,0.0034829721665666866
ID_972115DFC1,0.49346984928924764
ID_D99F633FCE,0.6337156924341739
ID_E7CF5C72A5,0.06035991952918927
ID_538B0CA7A4,0.02354403899848307
ID_6CA06D6ADA,0.28545793608220665
ID_1A77B520B7,0.016399617200718895
ID_B1FC8AD575,0.007424005079891915
ID_14B37B1053,0.003690493468063979
ID_95C71EFC72,0.6918146215171302
ID_B591B83FAC,0.30668894794431617
ID_FD83AE102F,0.12391447298330288
ID_46DC90037F,0.5008604180507167
ID_1544E30265,0.06059660450298892
ID_4908E40246,0.22467547858731376
ID_ABA556F203,0.017913570361429
ID_EE69478961,0.004841600791135526
ID_27BB22ADB9,0.089253811659222
ID_43D6E976A9,0.35488193011052366
ID_A9147EA106,0.01766470626355841
ID_E297446B75,0.007140202724876893
ID_F59882D9CA,0.020171747142602815
ID_D7081AD548,0.002
ID_AEB20744AE,0.002
ID_BE866DB721,0.0022070981260959616
ID_57E5C3DAF9,0.8958226970014381
ID_0A8D352FF0,0.0047561155376780375
ID_80E15F19AA,0.012544644845078574
ID_839AB0B28B,0.06807530495343697
ID_35EC0FC5A7,0.01341332678612916
ID_CACFCBD139,0.002
ID_BE82623BF0,0.1271128494713826
ID_BBD7900CAF,0.0035406793489248353
ID_34D3E3AC05,0.0034021395213372826
ID_EEC328CFB5,0.09210252503106182
ID_7D6E70FF55,0.07125033130781311
ID_E9AC8612FB,0.002471403965798078
ID_B5A113CA1F,0.4915961246368454
ID_62A3015231,0.4729784809260196
ID_C055ECE166,0.021918037715003315
ID_458B50F87D,0.006292331299564868
ID_5B0AE58D7C,0.011855011094394829
ID_0DA3E6526E,0.11514170022322127
ID_BAD2369C06,0.4035893914508387
ID_912B09F2AF,0.0038540081495032413
ID_0548C358A9,0.9023669471084205
ID_43DA738DC8,0.002
ID_F356F75BAE,0.07149708362168225
ID_97A6D6B137,0.14889455907582608
ID_9CBB23F70E,0.002
ID_184A7EC250,0.026518171068933255
ID_EFDB3560D4,0.006402449563980585
ID_74B466B96F,0.010404206659705461
ID_094E3527BE,0.017630850292417885
ID_4A5A76BB86,0.002
ID_B72C8121EA,0.4843945464568162
ID_EB7CDBD978,0.05146135383782648
ID_E1B90A9308,0.17983789562956895
ID_9247BB9F50,0.061879045835371044
ID_E788EF79B5,0.012196827960439006
ID_BE89513A5E,0.02582623632918589
ID_C03CC7F2A5,0.774038652967258
ID_563ED852ED,0.9972708971906526
ID_C9D943C7B3,0.0270940207086864
ID_2BE2872595,0.34946221205709477
ID_F00240B2F8,0.8768804349354131
ID_ED355AD46F,0.0062494033523179185
ID_6D9BA5D59A,0.02017687344912896
ID_6B393FF31A,0.015868196142841184
ID_AE76569675,0.9271735073676376
ID_D9CFAAB0DE,0.07454818385317202
ID_B5444F65E3,0.027118662344670613
ID_51B2227527,0.10695193382778997
ID_02C8BBADCF,0.04294634185872074
ID_09E5A9779B,0.16347710055230932
ID_C5669BEFF5,0.06881503279368253
ID_187040AE13,0.686856767906602
ID_F9539C6BAA,0.020594274375616273
ID_B134ADBD07,0.022261757149218884
ID_089D4167EE,0.08994672569087302
ID_DC403821A4,0.9977444634504092
ID_4A14FF9BCD,0.11681025354350917
ID_A37229EDEE,0.5384934226594085
ID_A81248E5DB,0.011811070392975834
ID_004EFF8AB3,0.012538175262653741
ID_A943282B6A,0.4165913028066818
ID_D91348B289,0.11115043819791028
ID_62E80BA4F0,0.9947879701435048
ID_2CC3A5547A,0.022450919515002075
ID_9D42B21293,0.03503418485770764
ID_39EB372A59,0.08208899294435816
ID_B4D31C3F03,0.07132708014522676
ID_E72880AB45,0.04401125135941288
ID_F6C5B8CC4D,0.9957223446169977
ID_B9DB9EB3AB,0.6755407334762539
ID_DE14B64D26,0.175785413270481
ID_EFC35F4E5E,0.4311462133008057
ID_86FBF591FA,0.010663197760868768
ID_4EC0744E9C,0.13340316868170793
ID_3C7713027C,0.011098236993962285
ID_AC1908E9CA,0.07332588721345079
ID_F3C9853E68,0.042312924403089064
ID_77D25D775B,0.3997351462850924
ID_28EC7D0D82,0.006939773745392331
ID_CD622B972E,0.002
ID_A7AC56C0AE,0.008117443017357982
ID_2D550A58BF,0.0075426529784850755
ID_D3E765D034,0.09440555654144372
ID_B9366340DD,0.030320547522016215
ID_8850C3942D,0.7886111596908689
ID_BE3F70678F,0.002
ID_024E908A7B,0.9919448673345611
ID_E93D452CB7,0.002
ID_9618EA2F7A,0.8895560190197939
ID_04C4F54B2A,0.25529546926029417
ID_E36A864877,0.3470038801123367
ID_04215AC3D5,0.012054731914905734
ID_8DA09E39ED,0.0035349246303144574
ID_065D4532D1,0.026511756590490952
ID_4F9EC7E89A,0.22333478958736552
ID_AE900E036D,0.5582935974596103
ID_49E5B4B4EE,0.8105568432654521
ID_B8372CED70,0.026599557181479536
ID_8D1D0ACF85,0.21560689038710074
ID_3BD7552BFE,0.02060236272706143
ID_05FAD0BEB7,0.046137971143253645
ID_FCC955EEC2,0.19996579255221508
ID_B7D854DBC1,0.020975680010138827
ID_034DA34B81,0.23750780699585222
ID_345888FFBC,0.019954207670333457
ID_5D19AE8136,0.026483050401890897
ID_9022C73DCC,0.12460356824427817
ID_D44697FD9E,0.12728569251999444
ID_94C46E8180,0.014726562448705398
ID_1B1AEEBA09,0.023159191747119345
ID_F99825C838,0.2659925117395665
ID_A3AA3506DF,0.027921603057692302
ID_27605959D9,0.006772549023449964
ID_DE7D44DFEB,0.02273862733331347
ID_59A2456166,0.019530543577142026
ID_6EAD05BE69,0.31196598225064803
ID_F11F0070C8,0.17214220860071633
ID_2ACF7B1ADE,0.006167928236685298
ID_74AEAD1FE8,0.0027614537476451915
ID_AD689EEAEF,0.03643485929809165
ID_B313B0141E,0.7910419686028577
ID_9B08E5E604,0.06343964779641886
ID_32B8B402B2,0.021442588104716314
ID_03585DCC0A,0.006923652131961125
ID_91461EAD6E,0.22230619924175982
ID_0234344D8F,0.1291889602935537
ID_89C46B6429,0.006568322072463147
ID_75D740692C,0.09047359987895562
ID_CF403F8DEC,0.05919387351049044
ID_A4B0898191,0.002
ID_4E446F6D7F,0.0413927460499047
ID_F6BCB3D580,0.011356268201784186
ID_0BA3EE2EA2,0.007101306252973543
ID_7B58D0395A,0.014451863698539845
ID_636F94557C,0.01717659049921724
ID_0696345BD8,0.32714597173793886
ID_4F8D472D30,0.002
ID_6DE2F280A5,0.011096357316746233
ID_1DA3F4B0FF,0.23538775162583805
ID_4ED05B48B9,0.1761725953752427
ID_EEDB4E4162,0.0021351731050516885
ID_34E87505A8,0.15972101317569562
ID_7067D4CBCE,0.013309524733572152
ID_16D1CC0BA9,0.1877095403171163
ID_2873216F4E,0.13681826791809457
ID_2491081B48,0.5454660780554106
ID_48F856EB1F,0.9476493389914054
ID_819A1108DF,0.014039698546273504
ID_3A7D1A2E4A,0.021937360156360598
ID_8417CC0B07,0.8798446506276704
ID_5C8B1F97BA,0.14020163506938693
ID_90B05C8F70,0.11606538025847948
ID_E5B5CB676B,0.01202110388876625
ID_FF0816302D,0.04307371172537026
ID_CF1F08CF1C,0.0029106727182918127
ID_8A031AB293,0.45292148497165813
ID_5A56D5EDA3,0.9926562257826588
ID_C4F9F47489,0.23560418301049627
ID_8A55B80A0B,0.5759830633750687
ID_9DB1965D13,0.07200966305790564
ID_9DC4E76022,0.1120878495732169
ID_4A16D1AB41,0.4142886291123779
ID_8B203F9F14,0.006680126545903919
ID_CDEF790E3C,0.36001294547980345
ID_01E0FD344D,0.002
ID_80CFCF23DC,0.002084993459655762
ID_E0D6F5FE31,0.005639912253079381
ID_CA02EF4A3F,0.018379545786764952
ID_B3757E1618,0.023939282627018006
ID_2AD6CB568F,0.2350605433201246
ID_E3BB7CD552,0.012253323533312708
ID_363BD0C2F5,0.8348945460521472
ID_7CA7681F6A,0.0691596718566537
ID_F1DDD84D1D,0.004155202127713975
ID_4E5BD07E90,0.012369521529961569
ID_EC5D1BEDF2,0.006892932390204398
ID_8A140DA0EE,0.07562411142334606
ID_8A79BC0982,0.002
ID_793F60F6FF,0.002
ID_546D8E6CC5,0.11120575393288859
ID_FE7E6FBA15,0.012903992879902345
ID_42AA094A57,0.06140264364948172
ID_C75A96E738,0.007701121741909472
ID_33E43B4C32,0.007637318570356205
ID_3B1E634F23,0.2385940176464647
ID_2A634F9089,0.004959627739346197
ID_4F106E7BED,0.015438079515295508
ID_E7E117F6D4,0.8192638192002236
ID_9F083FC25F,0.06037438327708621
ID_EFEE0BDCA2,0.004735430445967031
ID_AAB7DB605F,0.012759194274498684
ID_EBB0E1B364,0.022858978984016134
ID_863B977836,0.07877588689179923
ID_E6DD7CB326,0.004637549635072667
ID_34786986E3,0.09067972939843877
ID_2FAC21DF39,0.013646370845165798
ID_BF726C0785,0.21670938030296186
ID_6FA6009ACC,0.017143858649467488
ID_4828ACA090,0.1113018995870691
ID_042C145A05,0.26315242203462896
ID_BCB2516051,0.006027867868247878
ID_8CB7C23C56,0.006802533930306834
ID_C7F449F00E,0.22800516991535277
ID_EE36A9E9C5,0.02585220730993392
ID_C4A9E0D313,0.006138695825583666
ID_8197B61168,0.006313603968212309
ID_7A93C4A776,0.05189400699501911
ID_E383BAA4E7,0.12498349624373352
ID_23B3972E77,0.12520604908819213
ID_BAB3238B87,0.017860493222698184
ID_8C7D593D64,0.019630948550981894
ID_EEDFA5F40B,0.9946058757808856
ID_C8C80E7101,0.0029077241115507933
ID_0DDA6A9B53,0.07042475384185114
ID_A7FA411911,0.983437342703695
ID_40C982CEFE,0.007545142943215119
ID_1A49765A68,0.002
ID_DEE5D30E3C,0.10042547237071321
ID_B35C063393,0.13791842846328561
ID_92AC9D254E,0.012733167881821932
ID_BE31228217,0.05219754457842671
ID_69B0366228,0.015300816420909183
ID_04476921E9,0.011987363606340118
ID_1477F55B67,0.02013379793289871
ID_3DF14DB417,0.004963531239894365
ID_9FA0C7BE5D,0.047267555789421
ID_A4C8F4D570,0.004816279265193675
ID_BA756FA3FF,0.013384012891034651
ID_261EA1EDA5,0.005377714524738082
ID_9350269385,0.3176165290622489
ID_4A847EF01B,0.1324299931551666
ID_E0D221CB3F,0.04516645056487577
ID_5D55263AD9,0.012471583006030807
ID_EC643C57EE,0.9956178262065657
ID_00443D04FA,0.8646082967701405
ID_F37F247D97,0.41787143259759774
ID_2292DB9D53,0.005313878876996283
ID_8247894CBB,0.8860267308361506
ID_2CEA2B5D19,0.0858823929661712
ID_99F572F67D,0.01027680777352149
ID_90A4A18666,0.7535096266367123
ID_284420BD23,0.4471802262809
ID_A822E81497,0.041814978622486926
ID_FEF48F96F8,0.21723264631928615
ID_CF02B979CE,0.006333828692793584
ID_5E3358DE42,0.20432158852927945
ID_E863E380ED,0.01667082378388791
ID_71C1EBB688,0.613822252149915
ID_776783D1F0,0.023130144194278945
ID_4CB0CBEB97,0.04114132526555753
ID_0B8776C8D4,0.002
ID_9002984816,0.02259912307739325
ID_0BC405963C,0.010646797410148453
ID_892F55770A,0.13396908929839413
ID_EC0335FABD,0.9918111109750267
ID_08389547A4,0.023973195271768177
ID_466F7B630E,0.03845787124353679
ID_FDCCDBFE7B,0.25970096940921655
ID_D84EECC220,0.7847133038590621
ID_C33BD8CD06,0.01960542250930533
ID_90D1CA8E8D,0.0020179074591997154
ID_921B8695B9,0.6766605153789965
ID_8701A23BC3,0.043978925593893534
ID_FA85339CDD,0.942610012735593
ID_46790CA5F7,0.2603183067327865
ID_359AB8465E,0.0063277459928374885
ID_0CB195B355,0.014828307832955778
ID_7F32DC5DBD,0.0020941722189080237
ID_508F8452E9,0.002
ID_99F5801251,0.06813309466614735
ID_D6B744A7FB,0.15416666939374846
ID_183973B5F6,0.04274642491665554
ID_4C29D292E7,0.05025491145703835
ID_4B56881A9B,0.006546099182951684
ID_E68C7A17FE,0.002
ID_EED12C3F5F,0.002
ID_0363B17454,0.16795861342594348
ID_0345BF6DDB,0.02681800635112473
ID_548272A449,0.12833555187385717
ID_BAF01BC780,0.22075732647118057
ID_A4C6541320,0.012316412054821629
ID_6B8FFBB01E,0.13101584272798755
ID_BB2893561F,0.09012226704488731
ID_0D44CD7D94,0.003675490606674775
ID_9BFF65017D,0.0851556440811754
ID_E4CA0BDBF4,0.04608309057437361
ID_C827B34227,0.021557284225737734
ID_B2ADF1CC9A,0.002
ID_2EF6CA00A2,0.22755717190430158
ID_4BA08C92B8,0.023903629055911927
ID_70A65A6A6F,0.002
ID_633FF79FFB,0.018249679587543945
ID_64706C302B,0.002259705951259347
ID_56E7BE45EB,0.002684936574580178
ID_8E52488A3F,0.7873240738581768
ID_7A5A1CCBFF,0.14722809005462548
ID_60D112B3EE,0.04220590832819212
ID_1CF78D065E,0.08694642286848848
ID_DB2F434667,0.009729013955381404
ID_5C8A2DEBEF,0.005386274978086026
ID_90666A2BC9,0.0093285449298502
ID_13AFAB086F,0.11368433095951765
ID_FB01F137DF,0.7557528704025004
ID_98B29D8050,0.020234024321749693
ID_F91C2C39D2,0.0036023323084084053
ID_A710EDDE6C,0.005395454230526542
ID_0308985FCA,0.0569314746963235
ID_A45280928D,0.0034957914907096173
ID_40CFC68F29,0.17596063960273403
ID_3E678B3F21,0.0033552570413474636
ID_0E2896D52A,0.007352157323706466
ID_482142FAFA,0.01739659252223229
ID_8E4E0BD9B7,0.0036324017460700464
ID_58DD943718,0.01747336725316398
ID_42D5037F1A,0.12412260245242099
ID_22044A41B5,0.27347491679853797
ID_B12624148C,0.27516158611751473
ID_6A354F1090,0.002
ID_5372ED459E,0.002
ID_B8C80FED5A,0.006145701571692478
ID_36BEBE7194,0.004007027951367413
ID_102CB47BD4,0.011714691242809506
ID_DD820DCBF2,0.44885995249046623
ID_C5336110B1,0.08428696741590443
ID_1B9A07F464,0.11348091245414797
ID_BBE96DB516,0.0033282456515955445
ID_BF51D93F28,0.20416483671502586
ID_0F3C97EF60,0.015192833725127272
ID_E16CB0F15D,0.06791636973613178
ID_71DE38DCE1,0.5355438794929162
ID_C1FFAC88CB,0.007123890595913958
ID_DF0CE8B3F6,0.008974681365993276
ID_EB3A3FA416,0.003656023795440684
ID_ADBA06639F,0.07331942235951255
ID_F772E30124,0.01954075455410014
ID_9D4071311F,0.019895130475371385
ID_0DAE3E0B69,0.002
ID_4BB7782FC1,0.002
ID_2A073C1352,0.6051220260103217
ID_A6AACF7662,0.006410363585290621
ID_73369F8500,0.023726274771177683
ID_A9BE01B036,0.2878779493720252
ID_B9CEF3C0C1,0.03206338115976201
ID_EBC3FFEFE2,0.9916184340336084
ID_75DB368A4A,0.06605455449059536
ID_4AC57FF904,0.05360661336609828
ID_1D4C9B173A,0.07972394698293159
ID_8980ED964E,0.0030977328459878715
ID_FA953EAAE4,0.026970746748869966
ID_49C70B3E75,0.9688320850901735
ID_6F4D3D0289,0.0143346273148315
ID_F3C96967C3,0.006825615293790091
ID_FF9192E702,0.022346095818452216
ID_D446C43030,0.11952101761746581
ID_D6476400DE,0.007175601052116058
ID_66036605CF,0.11189882337951891
ID_D356D69A3A,0.22656094936822213
ID_61EBC39987,0.5840681784308952
ID_19181BA56D,0.007424189397659504
ID_0CFCB25E52,0.14786315158053823
ID_BC7E666633,0.04867870002817616
ID_DDDD1617B9,0.028949961478339892
ID_8BD5B10492,0.00740132556235591
ID_68BCE0D368,0.26679964344528834
ID_784C16192C,0.07329470906265127
ID_D1AC9998D9,0.040175766129939824
ID_0F29637F95,0.06241297193388411
ID_1785BF8418,0.07008325133104987
ID_15DEE1C70E,0.01640539775036902
ID_86BAAB6548,0.002
ID_CB9BE54A0E,0.02347656573934851
ID_8380404B1E,0.1465046161297839
ID_E53D114AD7,0.002
ID_6A88882024,0.006931606492499527
ID_4CBE11FD44,0.0036074409123072367
ID_E378F35029,0.014017053042780246
ID_5572281C18,0.21113116952218233
ID_2EC20663FC,0.011969998433000258
ID_CC26AAB69D,0.05024488127607031
ID_D86B87F760,0.05417136636386126
ID_3F3A992622,0.09333971939095853
ID_E2A09AA169,0.04542109352830859
ID_8133105FEE,0.006453013412478596
ID_E8B1BCB411,0.8926155610337032
ID_FF2281BF1B,0.03182259803455946
ID_10D563B4E6,0.002
ID_AD7D4A0ABC,0.002
ID_D8559B8DDE,0.005571451727347081
ID_36EA2F1DE5,0.02490724280672274
ID_18DA85985D,0.2667742247154087
ID_20AD6F0F92,0.6907174099527902
ID_8DE71721CD,0.830349935576765
ID_49B385610D,0.0505768469924924
ID_8A4F6A1574,0.23046619759398002
ID_B77681C262,0.30158640041980456
ID_BB048712A3,0.03879105704324112
ID_CA190C0533,0.009230726505311579
ID_EB90EB637F,0.002
ID_7A50A4A2DC,0.012091634899226168
ID_FF4389D665,0.21359305877149523
ID_0E62C7BCC1,0.0463900395714533
ID_6095241285,0.46460117103681486
ID_FBCF457754,0.05246935027598649
ID_45C49C808B,0.16834101352593814
ID_A078DD5529,0.13985156223841325
ID_B73023840B,0.09228301614980047
ID_7B2F4F05C8,0.0031002227276882136
ID_9BE1626665,0.22617883934816455
ID_C9AB184FCD,0.07163412171248089
ID_4951A43DC8,0.007219272036235217
ID_992FBE9C14,0.0499151055785526
ID_4A2B532573,0.002
ID_E50F562A7F,0.16805948791688435
ID_6E2E3A8BC0,0.02310736684204898
ID_AE68748392,0.05478914571427884
ID_BD8F6F3D7F,0.005889023658683486
ID_9F31C806B7,0.0021781282077936157
ID_78E7B09E73,0.023549324713208378
ID_E661F227BC,0.002155466129869743
ID_EAE1E245BA,0.0035136919198643776
ID_01CC80A04C,0.018027299077224435
ID_642B1A8F48,0.10035075215256198
ID_7B2D5C6C65,0.007627373682139075
ID_FA3E09905D,0.3277905125500613
ID_6A25991793,0.0020052355023915105
ID_475F9F5537,0.014803049881551164
ID_ACEB5A2638,0.04141429542914629
ID_1A2A049D15,0.26886044609937587
ID_7019DC2548,0.11341551881161334
ID_CDD5CDEDCC,0.004950344169367563
ID_7D0C0F78C6,0.011202150602185896
ID_6FDEE2D3FD,0.014037566177029505
ID_BB131F225D,0.021554648740838334
ID_9B5DABFA62,0.10612842429656355
ID_538242E7EA,0.021918819009096466
ID_F03068AA83,0.07234248121589186
ID_D70999F1C9,0.22478215512991043
ID_854B449826,0.003741611164392003
ID_AF0410DDF1,0.0044185877942443125
ID_73BCDC29B4,0.11198940441328832
ID_E70B11AADB,0.43327811788896664
ID_FD213FC4FE,0.6843689932286484
ID_858F74AC02,0.015220210380922467
ID_40350B7513,0.04624258729486557
ID_161E1CDD63,0.6630559892897252
ID_4A32682C05,0.01691947927100228
ID_767478D17F,0.06606262561973981
ID_3BF91BB2D6,0.04816658067587381
ID_9A8F8250F2,0.002
ID_BEB430225B,0.002
ID_CECF66AAAA,0.002044462436203375
ID_B7BB9CC934,0.5535502047963483
ID_628CCF8C98,0.05345833945069257
ID_18A2DC6D3B,0.012081158580274972
ID_1794710C5D,0.13093452535632005
ID_DAEFFA64DE,0.01989094923213234
ID_9F1DC24AE8,0.0051934598850858155
ID_63A654441F,0.044401241697542046
ID_7F765B4D2D,0.006538563930714638
ID_BFC2197895,0.3813393111465159
ID_50EC088E20,0.5476713556041338
ID_3400C22D90,0.08669788852554157
ID_B1564F2623,0.19345876579775684
ID_A439B2CCBF,0.21126248022363572
ID_93A59E0F94,0.014705084423795261
ID_236EA711A8,0.5292117229784205
ID_0C06B2D970,0.37625260812387007
ID_3F1A0B7CF8,0.19303904616237433
ID_228A1C7E38,0.28983719500111194
ID_DBD36AB8A9,0.0022854508538721736
ID_44ADEE4238,0.003384160772095859
ID_33DB8F1BF2,0.19312974701202573
ID_E616987E19,0.4053847819564213
ID_180C4FD6D0,0.011061355763970425
ID_69F8A9CF83,0.0071411711292100775
ID_CB343DFA55,0.8934961015790929
ID_4CD5AA8F35,0.012026275510975976
ID_1A3BDBC5DB,0.008355142487130015
ID_E2516A9890,0.012512338066451278
ID_1DEC2EFAA3,0.011640302704634505
ID_4ECA9F88DE,0.02259003349450857
ID_5D76BB4B6C,0.06736536642674203
ID_71244414A2,0.19890245362388487
ID_CE2889AE88,0.046857629537011856
ID_58067AC240,0.4230320232763319
ID_617F32850F,0.05152229615315229
ID_62B8F76AFF,0.21990031186895606
ID_9C3DDBA6A1,0.002
ID_ABA7B0FC4F,0.011459480766635805
ID_2830092638,0.019792633935298926
ID_D85B201C83,0.01145386683488957
ID_9949F9DE7F,0.02675658877239561
ID_9C92C70163,0.08309046162939275
ID_6896530AC3,0.4532559203100198
ID_5E416DA25B,0.030136882230316773
ID_F41975F20F,0.1459366898472045
ID_925AE2ED58,0.5525353492829157
ID_6CCEC135BA,0.07334350713016057
ID_5478F2E7E9,0.0034407117858799496
ID_75776D8E69,0.007001838628202067
ID_5DBF872456,0.019238824210290727
ID_13C53A14C1,0.07629294756878398
ID_AE725E2D4A,0.00580692346447893
ID_98FFC5B72F,0.803675217062077
ID_0164FA6D4A,0.019836102138644767
ID_096EF2B6AA,0.008564751748863416
ID_5E97346356,0.02129968964123971
ID_7EA05B518B,0.025916284882750662
ID_2A223E762A,0.002647978065251168
ID_07F017D12E,0.0020150835672460036
ID_78EA9319DD,0.7080050408541141
ID_CA5691628C,0.2190720589069629
ID_B8FB38F762,0.01370386262811328
ID_AFA2439DCA,0.04301689799763825
ID_47DEC18662,0.0577998087549168
ID_BA98499A93,0.0164657220811441
ID_CE94812F11,0.002
ID_4F1ECD2B8D,0.0068771885378922995
ID_605AE7A1C1,0.11318293991615357
ID_B16D258AA8,0.007578805350722081
ID_460910DEF2,0.08857927328197336
ID_71D9A7A9DF,0.0074032332737366535
ID_02BE0D2397,0.05973497625190974
ID_C3A7402D8E,0.005403714777288612
ID_802D39CAF6,0.007774724136647284
ID_85E5303BB4,0.006131357289583316
ID_CD55174516,0.9230399831210288
ID_9C484B10EE,0.08133244174304126
ID_250DAD735E,0.004698338437254109
ID_44F1169D06,0.1876702381654401
ID_836A22D999,0.6355277457838596
ID_C3AABA981E,0.00853162840194302
ID_A1F0A5518B,0.048174491925968926
ID_DEF809AF5B,0.012255945535523371
ID_FC4A3AEF8C,0.06386273663397751
ID_5FB38B5146,0.01633141111847838
ID_C7767FB40A,0.021523023238412667
ID_5C6C4140D4,0.2234934508568818
ID_8980A3B5C6,0.002
ID_C9C0EF1ADD,0.44653838253092826
ID_E1F720318D,0.011313750014399208
ID_81059BB0AC,0.007149721297034955
ID_6DC084252D,0.06341859439250651
ID_3EB697D4D9,0.0026242131605276743
ID_335429EDAB,0.08423755562999888
ID_C4C4BAD158,0.044540950500581045
ID_66CE15F72B,0.030803781199229743
ID_5A5B378502,0.0021207240523212836
ID_026025B676,0.21389520715168286
ID_491D9D1A9C,0.8727960028888304
ID_2E7E5FBC1D,0.002
ID_D530B5397B,0.004266607053413971
ID_4E1C427B61,0.027815788582750092
ID_C423536B2C,0.11096181008564773
ID_4BB8940AFE,0.11334652352469432
ID_1EC0467B23,0.004970282945184992
ID_3919A8BD18,0.018923405613719132
ID_0121486403,0.005506673163507618
ID_AA11478E26,0.9966615000827559
ID_FB57535616,0.08800053543841319
ID_8ECFF453D8,0.03834764884319144
ID_91F2D2E68B,0.002
ID_5D71915244,0.16068140464739133
ID_5C6F56A11E,0.002
ID_D104810643,0.7582659908586651
ID_4925B1C32F,0.14895854371508296
ID_973E798965,0.003587367032465514
ID_8799EF105F,0.02375075379357584
ID_D39DE7C1AA,0.9807720575719602
ID_235E39EB3C,0.011970319212790698
ID_1A91558403,0.15038859431483767
ID_C1D6B730AF,0.42975168289191296
ID_5C1444D490,0.4789408283027838
ID_A6FD79C8C6,0.0056358766635861285
ID_85EBACAA17,0.1532199682001921
ID_472AB7E9EB,0.01622396872567702
ID_805B088731,0.024525571221119025
ID_526A4CEFE0,0.34505758133600084
ID_5EF5E4EC32,0.05086223138145872
ID_4DFFADE7BF,0.06836014734539958
ID_F8472519BF,0.025095666739076528
ID_59CCF239B1,0.11224548638668617
ID_3AB1414ED2,0.14564602259155715
ID_C1EE2B1B75,0.007138604289903512
ID_089039611A,0.005981064256421633
ID_75BFDE2C68,0.002893979987301232
ID_3435444642,0.17685602071860232
ID_D31908BA11,0.01621701195807251
ID_09A5C29307,0.011526276447239829
ID_71A9A38C73,0.006901070342728887
ID_02E71F5AC2,0.022755583523520997
ID_031B672CCD,0.2207898020240414
ID_6804D10D9A,0.010348569755588802
ID_84B123C7DC,0.0917710727649761
ID_B92C504A8E,0.022310830331231095
ID_3764797D92,0.0027073641616697955
ID_0A3D19E37D,0.04407508780619992
ID_522E443543,0.9834963182580602
ID_D6ABD465DA,0.0021753355689650106
ID_DEF707973F,0.002729171441548537
ID_B02CC53C1C,0.006601770333440527
ID_F41908C374,0.028680244442904318
ID_675794BBE4,0.2778262708415745
ID_F2F2C00E25,0.007758025442805284
ID_10E5F6876E,0.12641487989145048
ID_48EFE75466,0.002
ID_CB56F32E1A,0.06271881891873637
ID_6727C00325,0.08450126326690491
ID_9C12DD1FBE,0.022505473627734966
ID_03FB100940,0.009936406435889278
ID_54C49D6697,0.007362181119054424
ID_1F829363A0,0.007170283550085596
ID_64F6A8250D,0.2545492785912983
ID_31476C3C35,0.017871531533705153
ID_126A0256D0,0.016545818325471875
ID_1A01D75BF2,0.5453371366097834
ID_DF6DE2C1BA,0.0931992667284548
ID_ACDC672ACC,0.02477451506792719
ID_5F6B9E0C65,0.9962451816955645
ID_A51281B1E3,0.011586482480440844
ID_0DC391D6E0,0.002
ID_75EAF9334F,0.026068092905198816
ID_43FB0F8B7B,0.32491310325522993
ID_B958C9CD52,0.014137320089918196
ID_8B46B44732,0.10448722238326434
ID_7D9F814B6C,0.002
ID_CE36DDA8BD,0.006533138142474631
ID_A31FDDA7F5,0.6294380692321653
ID_2EA9194F2C,0.002994605920822146
ID_519C6E0831,0.012295353911745799
ID_26B6EC4B66,0.002
ID_150180CEE1,0.002111914387917075
ID_D938599C21,0.7263328876519506
ID_A26905ABE2,0.3751905701689665
ID_6682E8D601,0.002
ID_D681F3839D,0.006075299863707465
ID_D7E23A724C,0.021754175971699354
ID_5007BF22B2,0.05702470506569803
ID_F09CD8931A,0.20157626727753514
ID_F7B2454286,0.8707993557477403
ID_68DE1764BB,0.20660033139186068
ID_4CBAFA9FCA,0.00623555457017861
ID_9296F7FDAF,0.021859989045105385
ID_B876B051D0,0.8052303826973675
ID_A30A3D814F,0.967973969525704
ID_1C72EFEB83,0.00784940734460931
ID_D60103862D,0.20720260705700821
ID_8AF451BB20,0.4706422528820328
ID_70520C4B2A,0.05048355500951778
ID_5EB99C5B47,0.03900972013968902
ID_F6027876E4,0.9464646983520064
ID_2E2A697D3B,0.30602297482215957
ID_5AF6E0E87C,0.050977202475147636
ID_7F82F5DF43,0.84540762902078
ID_92FDF207DF,0.002
ID_CCBCA0D3CB,0.01137430592645333
ID_C1272DC6D5,0.33411740149686114
ID_116407F136,0.002870060649481884
ID_551141886B,0.007873865442260477
ID_11A9D23805,0.006739868400110661
ID_3CC8D4EC27,0.003241469394963494
ID_5E2F26E42E,0.8860657759519152
ID_C482F6C0E7,0.021365805574767444
ID_0C80B3A901,0.07603279211671281
ID_6ABFBB384A,0.023353055136527485
ID_95B6072C91,0.002623607098051852
ID_14DBAE79C4,0.006963717403504827
ID_0B98F19443,0.06737098646415209
ID_AF8BE0EF1B,0.4950403574748785
ID_A8CF27D4FF,0.19109652929361337
ID_EDBD1380A8,0.13107454454008174
ID_38B0B42826,0.5163244924656167
ID_A414992AE1,0.047921086277478736
ID_520E1A1BB8,0.00490369800969957
ID_2B86ABD694,0.0026530396204807786
ID_0C2062D5F3,0.0053258087453090805
ID_6B5B053BF4,0.0034309156285653483
ID_4F0AA42536,0.003950799008331413
ID_50FA1ABAF8,0.002
ID_7E4E0EEFFD,0.12429295506268186
ID_246F87E6D7,0.012241399431882703
ID_1AFD523B5D,0.003233320411992995
ID_4188A192C1,0.008137941623528875
ID_6A875D154F,0.06558104469996931
ID_931D067148,0.0065203605291216825
ID_6534A5212D,0.0026841673619746216
ID_EDE5B2CE72,0.015576287115658323
ID_837075B5C8,0.030646031427525793
ID_91F5CF14AB,0.025602578905513255
ID_1F180104AB,0.08490637562174563
ID_544DF21804,0.1292104252566747
ID_C1D3952D42,0.057883936558800635
ID_C44F231B05,0.006656358248168513
ID_94F4127066,0.011843763443728056
ID_BEC20A54B8,0.011073024492238345
ID_D166B823A9,0.09124983439523834
ID_E85D381958,0.00669353743472068
ID_149E631938,0.021726503003539073
ID_8E1FD45561,0.004730668977348261
ID_EB72760B73,0.002
ID_8FABD0CF60,0.008966302397802146
ID_A6CEA1EA98,0.002
ID_3553F25010,0.00258207784710941
ID_F76C62B31F,0.002
ID_05489D332D,0.02052674164370183
ID_1C9FFEE86E,0.013849377738419155
ID_9A5466C295,0.09336985056452088
ID_B01B913DA6,0.18417672617271244
ID_2ACACE4EB4,0.013053597003712237
ID_799DDEAD8A,0.7556302194614696
ID_F73A4CB41B,0.046507097182467046
ID_78DA98FECC,0.09818799962951211
ID_C15CA85D5C,0.03474646119990153
ID_08C0C27FCF,0.5834082423843059
ID_847845B280,0.008244875211619538
ID_320BE9A0B3,0.16661024018339118
ID_D52A04E7FE,0.2838016320764246
ID_CD1EFD9CC2,0.015820523257555553
ID_B7229AD4A0,0.0032411888153911906
ID_77EEEE7950,0.10945507780979326
ID_EFE4294429,0.006968810470584116
ID_CBA2F8AB01,0.40590573734586877
ID_79CBC38CAF,0.0022713847114653454
ID_2C74370ADA,0.48706401104171854
ID_F3508692F0,0.03826179993061424
ID_F2B6BE1F10,0.011545144924422048
ID_3B12D7F4E5,0.002
ID_E340DBD17E,0.300269614552489
ID_D243FD78DA,0.05565997640656938
ID_68CFF9D20F,0.039430658981583426
ID_6013571070,0.15511931698265508
ID_D80EBBDB6F,0.04454594994403212
ID_751153435E,0.8777862262658042
ID_93F9103CF4,0.002
ID_E5796A4A3E,0.006632238983144559
ID_F927473A64,0.002
ID_6FE6DDFA7A,0.24778682867470564
ID_47945409F8,0.002
ID_280F964867,0.8543769651660345
ID_1AFBC7569D,0.012860323075890185
ID_4A99EA1237,0.13793964550344182
ID_C0FC61B653,0.31471682154005826
ID_63B235E3D6,0.388847717774431
ID_1CF56E6692,0.012153299297963435
ID_20EF1FBEC5,0.16110625959828423
ID_4864ED031E,0.026138158143157814
ID_D937DFDFAE,0.11826999287522179
ID_CBDD771ACD,0.9124631724598014
ID_06F42A46BB,0.0037506724703497618
ID_B82BE47C11,0.12889621439963006
ID_8EA8932462,0.007310425161036034
ID_FEF7453D60,0.17202599779741734
ID_580CFFE02E,0.3528970304220454
ID_14859C7232,0.002
ID_373443A2F7,0.11859869503291941
ID_9B64B083E5,0.002465939771054039
ID_21365D0F02,0.01268267407361537
ID_A980C72FCA,0.006431108674457592
ID_AD192CCCF1,0.013954474962482172
ID_4706F7C06F,0.056400992206707516
ID_BA6314A07D,0.8991178464187978
ID_AD2AB2D23B,0.002133084743829189
ID_8AC3FCB270,0.007010782136941489
ID_3BC62B1C7C,0.09118875722797759
ID_5D620B5806,0.11805908868668501
ID_9E63389264,0.005718328727377062
ID_7C8E2E18E3,0.9914344069007222
ID_769FC3A864,0.05625732599760723
ID_94BC729BDB,0.002
ID_28E6A7AEEC,0.21730788785616204
ID_E44797FAB3,0.002
ID_DBC5EB0DD7,0.004746972729035326
ID_B576716E44,0.9866289161684115
ID_435C25D419,0.015070199874552645
ID_2614B26D50,0.39674333224746394
ID_1DB19D9927,0.7070664033587923
ID_3D710F5BB4,0.002
ID_0D4551E6AD,0.0046406967246917456
ID_6EA36F9FE2,0.03116006266083118
ID_62B2979B65,0.26233776417177485
ID_1FAEFE9F9B,0.02582882556709976
ID_2A881E46B4,0.09306086290187057
ID_49DC0CE0F4,0.006462496597097154
ID_3198629C79,0.7933258429255797
ID_E8A825B0F2,0.329892330380551
ID_F73076EE94,0.011487884051470531
ID_88CEAA4036,0.046973908222592814
ID_4BD19B9AF2,0.007482654849689562
ID_01E5077796,0.003371318891881308
ID_652AAC6B97,0.06678796527577123
ID_7399F2EEDE,0.02385822229541093
ID_1D34FD599D,0.12775102279460532
ID_0A8B8B0189,0.02285716686530433
ID_ABFEDBA351,0.06872639288386467
ID_E7033A494C,0.007643924393555767
ID_B106A58744,0.002
ID_F43465B062,0.00501617324188143
ID_A85FDD574B,0.04524543208129892
ID_342A767FBB,0.6154636259443114
ID_AB8ED82CF1,0.05016571113260076
ID_35CDA2F352,0.008367983064189732
ID_1334847478,0.002
ID_6CCD462BD2,0.005681526209525041
ID_F7F68E2C45,0.002
ID_FFB990EA92,0.018872613915931386
ID_C06AAB70A9,0.006479439159544252
ID_D0A5837995,0.002
ID_EF67731DF6,0.23680474998158949
ID_B8C8AA9A13,0.0077063948976533875
ID_DB6BDAB7E0,0.059721629907781355
ID_D16500AB6C,0.9631293782025614
ID_E75D0AB313,0.00393576189991394
ID_F178CBD05A,0.002
ID_E89055A9A1,0.013119641063079949
ID_0DBDB68593,0.46517312190782256
ID_6187B5C70E,0.2584879809238762
ID_207F95765B,0.11996240140505382
ID_91066D5C7A,0.010419286889100465
ID_9878AE412E,0.040881284547514586
ID_F7D06CF341,0.1481160604231782
ID_057236BDCC,0.007384860999770705
ID_510144A14D,0.021521174988041254
ID_6627D1AAAC,0.6857930469015586
ID_EBB82BD629,0.017520438120019032
ID_CE551CE8E8,0.02533229432897291
ID_BECF173F5E,0.006739904450795347
ID_90F5AE808E,0.018048466264939184
ID_9EE04044AB,0.006771663196106436
ID_15406D7B92,0.4034689608975788
ID_0AD66F682F,0.02453488853750573
ID_75A15FBD7D,0.24347414284302252
ID_91A19E3520,0.04483647288387524
ID_A35CD60B79,0.002
ID_A220EFB146,0.002
ID_977313B7EB,0.9066575550275424
ID_FCE575E168,0.0061444096369560825
ID_02038E09C2,0.1838392349848748
ID_3C600DA81B,0.003081238267718821
ID_3D7A418C5E,0.29029063905498886
ID_70CA586B63,0.002
ID_356DBF4E0F,0.002207460206365041
ID_7494E947A3,0.004088941014035558
ID_451C0BF159,0.007705169025984042
ID_48FC636DBB,0.0071408069315242115
ID_8D23FB92A1,0.8147577317899443
ID_F88A4A65A7,0.04111194026112625
ID_65BBB35617,0.16723154611465493
ID_8E90D5414E,0.4122741996062356
ID_29F9B62853,0.002
ID_9CAF574A46,0.04441827716654116
ID_6A3504A43C,0.7725163625606019
ID_DA024EE8D5,0.9903811870554262
ID_8E07E556B2,0.006341500204886628
ID_73D77FD688,0.9839870133514139
ID_A7AB2F2FE1,0.009497361288198542
ID_454AEA6D16,0.02196314245064285
ID_62AE0B13A7,0.43929669121353715
ID_CE3AFED353,0.026744732375823636
ID_9D9603EB1E,0.002972861096389671
ID_B846731131,0.0063796395148314035
ID_0D54A3193E,0.043116596559585205
ID_873F696692,0.12356512004910462
ID_6E59CC8ABF,0.006019918245275025
ID_650DA26B92,0.9512813179977733
ID_DCAB2F5783,0.3720947057405266
ID_675B9AFD49,0.16504950667074647
ID_08ACAC45FC,0.01768234237822093
ID_AAF2744F84,0.11021057265448374
ID_B6F0D1E07E,0.1947742993004447
ID_8151778C47,0.3791899508342876
ID_3846F40A53,0.11022716164850287
ID_956BC8F820,0.7195473716625947
ID_93523190B7,0.3719643825634008
ID_31C2CFA859,0.20615604821665573
ID_6CFE1616C3,0.5343586434313153
ID_94711D77BF,0.9858741443901927
ID_6010942343,0.007178855892375605
ID_75DFECE2ED,0.005222378391621783
ID_7D047C8959,0.005448373803643551
ID_5CFD9226F5,0.002
ID_212DBE8E9F,0.040681954767363054
ID_A6FD1BC6C6,0.01205192443427594
ID_43C729097B,0.45416023135401284
ID_009732EDBD,0.002962624556684912
ID_39A1917656,0.26754354419512827
ID_5262B00E41,0.002
ID_79E0632790,0.04773932712180312
ID_1055F75E7D,0.04227159796234973
ID_AF60466DA9,0.4175960599388515
ID_01CFECDA63,0.3367032209008674
ID_A4240FC9E0,0.0073851549066893014
ID_A7934071B1,0.023297232515324437
ID_2A19DCFE10,0.9021961491897208
ID_C0FF34B762,0.0711660303847137
ID_FF59182923,0.10121347912697141
ID_99427BDBBB,0.002
ID_85B0E1AA6C,0.019515847673656002
ID_869D12739D,0.9500110921968854
ID_BCF5B7E7D2,0.002690682570963414
ID_68C35732D4,0.5856018028720509
ID_B8433D9C4C,0.00202922591686136
ID_5EA8EB6661,0.23683620857721685
ID_9B4DAFFDCC,0.06500816859726591
ID_9815B5EB24,0.0028280216119773317
ID_C51C245DA9,0.004746397009889163
ID_90E69EEEA9,0.0035302246189025774
ID_90D401ED70,0.018417976820618853
ID_B5E3CEB15B,0.18079487458838603
ID_7117A329D7,0.030754650451340043
ID_013A13B4A3,0.013245204230443302
ID_D9C189312F,0.002
ID_13CB6392ED,0.04340149516384188
ID_88731FDBA5,0.002
ID_08206BF75B,0.10455964627295336
ID_00072AC2B3,0.002
ID_3661C9CD60,0.20400076203025794
ID_5BF9442438,0.3097067983358122
ID_CD826E7E16,0.043840401425992256
ID_6F9154BE28,0.002799325886910191
ID_28CC9AD56D,0.011081495017382
ID_4452986406,0.002595427255480466
ID_600E081910,0.0025458898692922783
ID_5A9E54770F,0.013244273726741536
ID_CA26AF8529,0.002
ID_948C6F94E3,0.0072849764579500445
ID_36DEBE70C7,0.791536886744849
ID_734AB90CD7,0.03103543654376857
ID_D97469E410,0.023140030899799578
ID_386B540122,0.10785473139434194
ID_A57371A1DE,0.04183507935845208
ID_44AF7368E3,0.007584951230747555
ID_6FCF98B1F1,0.0028073100971508515
ID_27D4D24654,0.34479803745351917
ID_0D7172392A,0.031651560464053735
ID_0C4B537CD1,0.007784402167912994
ID_6A2567D198,0.01798758449615136
ID_32086F958F,0.00666583183144297
ID_829DC28074,0.02194633037131272
ID_5530FB0080,0.17503960851630235
ID_9F05BEDB8E,0.03490475521265749
ID_AD4522A72F,0.002
ID_E3046F19C7,0.0062298769054286015
ID_53B3EF0A79,0.00666421487224341
ID_EC5BBDA6BF,0.007516792611928399
ID_6EF53B972A,0.0026784182971608277
ID_081E63BB60,0.03722710182657167
ID_339C37C22B,0.17624476157622182
ID_CBA82EF3D4,0.055601424834643344
ID_11E1FFAFA0,0.022954295371337266
ID_939A3A3CC1,0.0028236675738519718
ID_9AC7695B19,0.2745006467728821
ID_496D41FE4A,0.2790969519503019
ID_5897CE48DF,0.7509978842884966
ID_496D36B5B3,0.037984996322562886
ID_EA8D852B80,0.002
ID_19835919BB,0.006811349348109111
ID_2084CA7BF0,0.6038252756947634
ID_A1ED350FDC,0.08816910797118643
ID_3667959B66,0.008323481553263849
ID_1ECE061F3E,0.12149026459824451
ID_EBA4F2B20D,0.07440254798558532
ID_CD98CED3DF,0.0060617146962671665
ID_91257984D2,0.005533916883955185
ID_E1E8F5A2F3,0.0028467183006021498
ID_1EDEE3A961,0.5429029881001993
ID_CE8EE54888,0.002
ID_776872D088,0.003062766662177315
ID_6E1075D1C7,0.002
ID_9E371C6260,0.704725156949645
ID_86F4FE8CE4,0.010480272843679592
ID_363F61EE77,0.28159739734808775
ID_58E53A660D,0.7242648835334694
ID_5348529DD9,0.006549653336831037
ID_43F3C1044F,0.05144112969288639
ID_9BF5F03335,0.08609198609088924
ID_CB6260B218,0.008471502550365443
ID_090A812346,0.4538226157846465
ID_38C1BF12C1,0.018042222485282703
ID_243F0407F9,0.04719764256586589
ID_CAFC2B54C7,0.054087571025073826
ID_543E94A044,0.12236500916055267
ID_748EECD011,0.0022818601386227653
ID_8B042DA19A,0.2060925302622309
ID_5F56DC2D5D,0.1632516592930475
ID_6C43A38D1A,0.002685761607012113
ID_B453CFFE92,0.1450092658343717
ID_406A0A1BB4,0.2507190211253697
ID_D287516D8F,0.013685736976206805
ID_2D2C84BF03,0.39054578607765617
ID_23DAA5491A,0.007970663953797471
ID_80928E15F5,0.06346253110644785
ID_21B2B8322B,0.022904294392905686
ID_69EF360235,0.006702171267136747
ID_03B83A4A5E,0.013227686415964512
ID_9B31A374C2,0.15890154265028192
ID_4C46B9777C,0.003719738489568996
ID_84784D7DB4,0.031045947051536064
ID_1C67E2A51F,0.3109397350444715
ID_2F4A14FB5B,0.9640491469427402
ID_9DB90C9E74,0.005981612920063506
ID_A3FF9F1E64,0.006797090130064027
ID_2178D90789,0.005302048188976302
ID_A5DB52828E,0.08457464636251211
ID_04CFC49BA7,0.006357310568701202
ID_8AF4F04D12,0.121985136279995
ID_2C5A3D47D4,0.25329176367239314
ID_9D34764B99,0.006202450322308169
ID_FD0DCA58AB,0.09766395518995162
ID_C028DE3660,0.3733429693135586
ID_692A289861,0.25420250773987774
ID_2F66B85836,0.7258112111485563
ID_76DB19B5EF,0.0029257225573948963
ID_AF96A812C8,0.9959334549637036
ID_619E3EB396,0.7271691689715952
ID_F853CA8E34,0.007097548795921364
ID_509FD8D7FD,0.007440125238024213
ID_DE33E323BD,0.9511577282122343
ID_1393035C69,0.008676286864834844
ID_B12465A792,0.01656039995057328
ID_122EEF189C,0.0024430224345731713
ID_F2F6E239A9,0.01450220973698276
ID_C413AFE94E,0.05023880423043785
ID_006283BAC1,0.4080356643074125
ID_DC7534E9E1,0.007294970366425229
ID_E2EE169525,0.28898082807495795
ID_62A2616E72,0.01893718448792747
ID_A7C0D8BFEF,0.19910702150748313
ID_4578592027,0.002
ID_1E96FA904C,0.01094760047395931
ID_8B3D7DD480,0.00601777234278235
ID_20B7E9186D,0.47963532725735314
ID_7D199BA310,0.006309420363409279
ID_50837B2DE7,0.009890529720578996
ID_F800524755,0.16498175564333473
ID_104E3FFA52,0.005897061569189614
ID_97F50346CF,0.014894281585620612
ID_DCF3842C5B,0.04671088618446244
ID_F78B079FD2,0.002
ID_7DCBAC1DCD,0.002
ID_E78A01D391,0.06876747282527926
ID_02D5D5B723,0.01440357513782992
ID_C167EAC9D4,0.02132873953946869
ID_2DCD691AD7,0.013667660189652653
ID_8D40118491,0.011242558870320938
ID_D1972E545D,0.23967835711083618
ID_C33FCD0D32,0.110458281171665
ID_7691724762,0.006995078839611737
ID_D8AF63577D,0.36055957689920237
ID_52B5D4054B,0.002
ID_6849818B2D,0.07922048815846214
ID_9B24AD4E1E,0.011756363303750987
ID_E69985592E,0.014449507934826402
ID_EACF704D65,0.8052388504147937
ID_CA4C390610,0.002
ID_A1723B3376,0.02189037736648342
ID_3198250C62,0.05441382080638268
ID_51936CF7A0,0.9968866621861867
ID_F8192D1613,0.6667404709881889
ID_7D0264BB9A,0.0064021214593686995
ID_6461D2BBCF,0.01040604342693273
ID_4322E8CAD8,0.004776626098489834
ID_73F0251FCB,0.048733623880930985
ID_E3A33614A2,0.002314838333953808
ID_AB478CD070,0.002
ID_3FA118D95B,0.015913792390469608
ID_3419CD5496,0.1371921891337248
ID_F918BCD921,0.01104880950109298
ID_92911443C6,0.11750462520865887
ID_75A4609969,0.020245323457696935
ID_5AE914F528,0.08658520989942596
ID_C293A544A9,0.006819083795975033
ID_C822F7E034,0.19768706852369874
ID_B4D650CE21,0.4387166189200117
ID_9AFC509F9C,0.6771329091286831
ID_74F89FFD1A,0.09276150476331249
ID_F5D4C2C65D,0.002
ID_166D4E96EB,0.007822008768527282
ID_4A6EE56C7C,0.510702661684042
ID_9CE078F50F,0.002
ID_0AA2A7BA9F,0.005226059451289188
ID_6556387BDC,0.005640728330674179
ID_D788CC0B25,0.02530676562185014
ID_6AE1FB3062,0.5390432136889609
ID_E201D596FB,0.01169284297871779
ID_DB42AAFFFE,0.009255157423380908
ID_BBF4311C20,0.002
ID_B1ED925E35,0.16137999250726506
ID_D5242F23AE,0.002665349643666879
ID_AD5443C023,0.00554528425307783
ID_07607BFF2C,0.0471016396814029
ID_31E007963A,0.033966671856520796
ID_283A6963F2,0.015336324588144648
ID_F11F04E42A,0.04795692740457122
ID_5BF9BFDCA6,0.2912810348392441
ID_6B124EAD9B,0.8182427392560854
ID_CA0539C60C,0.014254500894620678
ID_FBB6091F34,0.627864307463639
ID_472A1FE685,0.278559150835128
ID_063CD46141,0.004846872491030758
ID_459B7E5358,0.2532885728201934
ID_47C47CB93D,0.040492528054745756
ID_9768A1F806,0.002
ID_012EBDC7ED,0.003304192596175415
ID_F88377503C,0.004939978937701
ID_4928844CBC,0.29174271514813443
ID_EC670167C8,0.007254830424256907
ID_285EAE29D1,0.002
ID_3788A255BD,0.30716426629867155
ID_F285E6C648,0.02319443722312683
ID_CE102C14BD,0.988443878818891
ID_CC8506E3B4,0.6586235940447019
ID_8CB9A9319A,0.052105700221643986
ID_140ED69BDA,0.032341918416634675
ID_5A83E98E89,0.00204027510513619
ID_9B06528C4B,0.011600330537770057
ID_523E3ACFE7,0.002
ID_B72CBEC7AC,0.4540116526633963
ID_F95BC2E22C,0.06431718589953593
ID_794B33CDED,0.07033464402138911
ID_EDC138AD13,0.06911562085814
ID_03443EFE1E,0.9838094242584282
ID_6A5174DBF9,0.36429762958342793
ID_796F797CB8,0.003295222880509433
ID_CB5D592929,0.00850202642897215
ID_AEB45AE713,0.013693922225141025
ID_29D7E17B1A,0.3470710956885264
ID_E80FE1EB8D,0.0025711139812015543
ID_4F9766522A,0.013968909971893026
ID_089E16BBB4,0.006595142092944094
ID_9B93C5564C,0.5213765992306566
ID_5FFB42E201,0.015344548254230194
ID_6CBD1FA180,0.008800315930994628
ID_E5CCED8F53,0.02452828525687362
ID_DE28CFD383,0.2555069853889252
ID_564645177C,0.0036122064925896225
ID_2918F4015E,0.007301880890393079
ID_E1F480FF2F,0.020451773938143358
ID_2ED4871D53,0.06511850484005532
ID_8C8F7BB8FD,0.007668037036895052
ID_473628A205,0.44369053542727155
ID_0E074C9DB3,0.015306217802830318
ID_645D07DE0D,0.006663892061052546
ID_9AAC6199F3,0.960652070275625
ID_65B10D21EF,0.015771160241201388
ID_11641A5515,0.002
ID_DE65AA8D5A,0.11179451315210973
ID_65014B3AA3,0.2531964688705465
ID_BFE1463B21,0.06215020282049106
ID_81607927F6,0.3092035859347835
ID_BA87C7201F,0.997982666583374
ID_9C3B17BB68,0.9972292407848323
ID_3A8A96F118,0.005269149091518492
ID_352DC16A85,0.13303377250927648
ID_54DBCDEF15,0.01749156264564078
ID_F40697BD18,0.019181682047627192
ID_6523FDE686,0.020163345989023102
ID_1153888319,0.056802185899092014
ID_99A5ADA971,0.0026850054990130443
ID_C0C634C552,0.012814033857357614
ID_77F767A454,0.002
ID_08E451DE23,0.003072440260562431
ID_BF36284285,0.01196794852655836
ID_B742BCB625,0.20210648921280916
ID_E35C8EF529,0.002
ID_3B764AA43D,0.5301931629666854
ID_932A24FF41,0.002
ID_0011F452EC,0.0021402919499358265
ID_AB3B8ECF99,0.3052812859128848
ID_79745FF544,0.012417974051500028
ID_820018851F,0.012289583563053291
ID_1F226C393F,0.002
ID_191951BD2A,0.002
ID_C98828D739,0.16903066826362706
ID_ED28DF0E45,0.006987578250781464
ID_20C92D6932,0.013571720635902543
ID_AFC51C0AD8,0.004771919711233229
ID_76B8A6975A,0.20786712357380072
ID_9624F1A1CB,0.02137122037410422
ID_06C9BEB297,0.03791045098517487
ID_195DDCF339,0.2166849737511788
ID_2E6CAB3BCA,0.3080942789239579
ID_A2F0F481A7,0.05631629180750328
ID_365A5FF8D1,0.002
ID_92E6B6A1D4,0.002
ID_C441196D26,0.013012914388953242
ID_17C3E7E9DE,0.014037218474110033
ID_AD0B452F42,0.013782588854191525
ID_DC10A26B65,0.04745734604355737
ID_9291D3D5C2,0.006924338392539738
ID_730373AB2F,0.0073408411334320595
ID_D65E0AEF79,0.09139111755007111
ID_786D2C0861,0.002504812885316862
ID_C08C3BA8E2,0.06662802466857339
ID_74760B6AA7,0.012059370113737748
ID_65C6D676CB,0.002259970948277067
ID_DEBF3234E3,0.007880589808619713
ID_5E01B65A14,0.0028654449200251155
ID_D56EBBBF89,0.11649407445917158
ID_213E1BC3B4,0.013536086510618705
ID_0265376B46,0.12453065289105701
ID_1BD1EFA5DC,0.006426203966100982
ID_67CEDA0BD2,0.06420907346876738
ID_9C234561ED,0.022536280573959077
ID_2534881096,0.6998249257413857
ID_75C79DDA35,0.04548811556958107
ID_CC54709CC7,0.2875264414122438
ID_3655154140,0.002
ID_75A4860505,0.16433659256826574
ID_30BACDB791,0.3042959984222892
ID_802A781FD4,0.002
ID_42AE761043,0.002
ID_A64F415942,0.002
ID_6ABFBC25E6,0.020547239478326852
ID_2EBF0B5619,0.002
ID_D82FCCEFD4,0.09763466023272382
ID_602FCF76B8,0.04175219581547947
ID_5FD6723CA3,0.01414120236536098
ID_9B600B4E2F,0.09374335103204283
ID_F073D28046,0.1226406378551617
ID_8E496DE9FD,0.38759579469987654
ID_1F94EEA146,0.020575370450374275
ID_B97D0C2725,0.15802160592260264
ID_4B4875D8B8,0.13730081948697248
ID_337C7C9129,0.0430742152253037
ID_709CA6E203,0.09940672020412267
ID_667362D53B,0.020571481645781795
ID_239D4EE788,0.002047438575312651
ID_7DB4391B09,0.6818003503628194
ID_9E4C42A4EA,0.9788269584461485
ID_6FA57A90EE,0.04779947040280583
ID_89D08F6BFE,0.002672238789574694
ID_7C655D4002,0.6713240577409658
ID_FEB1A77895,0.03641780075700761
ID_4B8C28C804,0.4128913816658345
ID_AF837C26E2,0.015033367204321345
ID_5AD2FA1817,0.02935402424375506
ID_ADDE1AFCB8,0.0061839974771175366
ID_21DC1160DF,0.21202017742964552
ID_66E6798060,0.005384743705550208
ID_4B41736BD0,0.8714691909772395
ID_CDA0C018FF,0.0071287541218812015
ID_A47B2B6245,0.0023812424727228795
ID_19A13CB87C,0.6720665849883927
ID_FC79FD7894,0.007384089427523152
ID_28B751841A,0.02173494486845343
ID_B16C8A04E1,0.002862150400942736
ID_95E6ECE081,0.005435485434745684
ID_F130219204,0.023523366265318434
ID_95EC79B7A3,0.023086467012198485
ID_DA36D86140,0.6311056579745725
ID_7D80E7F6A9,0.5640721645870119
ID_0FD8DCB131,0.06046548399771566
ID_9E7CD335B3,0.02840720678170155
ID_CD9EA53AF3,0.15160535146018822
ID_BD1687265F,0.002
ID_7A1B520FBB,0.9808387031895535
ID_B447053CFD,0.01063715384459718
ID_CFA883CBAE,0.0050501445694982544
ID_6906DBD76A,0.6621910702473999
ID_C0AAC9FFD6,0.002
ID_DF3CF071F0,0.006376380821549789
ID_2AFEF97C29,0.0724601853806538
ID_0207257EC2,0.002
ID_53DCB0C2FE,0.016597969099804093
ID_8588C1B927,0.9882113608968741
ID_96389A25EE,0.4448835345739896
ID_061C72E7F1,0.006233311013924947
ID_1A2263F62D,0.9366401525426815
ID_7BCA3B390F,0.002
ID_C3C63A2382,0.013503846461574168
ID_3B7188C60A,0.0062609155407775
ID_F9F7E921B0,0.17650210009122996
ID_8B8187ABAB,0.04439954366267451
ID_F301F1C01A,0.002
ID_A61C51E31D,0.0029855674311100055
ID_CA3A59795E,0.2786545773920333
ID_83C9A46AF1,0.4716706101602694
ID_E66A503B47,0.10983196286682446
ID_FFF22BAFD4,0.02009382168126527
ID_D39598096F,0.006851493444319613
ID_30C9E8CC53,0.007636284796923562
ID_C8374A7C8E,0.04341755156853517
ID_D0E1461A95,0.29204809001375964
ID_77AF3A0F49,0.06606615197132158
ID_F0D5A60491,0.02166738536909489
ID_29A45D346A,0.9960856505673458
ID_5B3F5E7A73,0.04279070496911963
ID_C0DBEEEFFB,0.0261386236478365
ID_0B231449E5,0.0032861254848192004
ID_C9E1D54CDF,0.006634109809560282
ID_543E1C897D,0.19096619541932747
ID_8922C080E1,0.00981439081641244
ID_06BB2A84FF,0.10906242812007878
ID_093962EBC7,0.22773149392140063
ID_7F1485C01D,0.07330971871931138
ID_6DAC062720,0.01903970595198666
ID_EB731C1079,0.013267930506550991
ID_18101A07E3,0.006333015648022955
ID_2BBB07CF25,0.01105707210256884
ID_7F652B0F9A,0.06194470131354439
ID_ABA1AB4144,0.9584965791216993
ID_D8564F400E,0.002
ID_8A4B18B3AB,0.07668168780208875
ID_8E179891E9,0.025211717596677494
ID_E0E0A9B5E9,0.007815377179525792
ID_A9067DE9D6,0.012028095011315182
ID_E48D3A87C8,0.016549349740867275
ID_9A2986BA3F,0.04631925208839071
ID_317639659C,0.006916013939301205
ID_0FD1BD4EBE,0.12732087133735986
ID_49CB7F8A0E,0.006059788012810139
ID_40356849AD,0.011718371810850451
ID_6FA9FA3FB9,0.8647177312098401
ID_344C83C5C8,0.002
ID_89E4DAB05B,0.02575548081980946
ID_6DF1613C36,0.00690613381355324
ID_87C3C03BBD,0.0028715431334997723
ID_53EDC616E0,0.002
ID_516FC2FEEE,0.011706488864123725
ID_B029BD9828,0.41292045470318167
ID_7C46E7C29D,0.006018659722104734
ID_B8B7443464,0.004278605572398528
ID_B6C60B5D82,0.13345712857239392
ID_19B74372C3,0.005763631570430457
ID_F936EF3CFD,0.06625050393997714
ID_BEBC872E4B,0.007964752282132842
ID_191C9F1907,0.007067018855535839
ID_CA5E41D1ED,0.006126655529836469
ID_38196BB849,0.3826667381596223
ID_3E5D89933D,0.03979104112511478
ID_DACBE5D19E,0.14294922887891798
ID_F9AE38C053,0.016962165121028355
ID_E91623720A,0.08215226582859257
ID_86CA83F8B3,0.007973272374475196
ID_23A9BE4FC6,0.1056510854585497
ID_0DC42FAF05,0.002
ID_3F5130C96A,0.13031507982383925
ID_24B308BD47,0.009444302866190482
ID_0AC155F217,0.023904462744141652
ID_8050E95484,0.47152360222514395
ID_EE40C20A23,0.05711852184661225
ID_BCD8A7D23F,0.002
ID_463026277D,0.2581797150911906
ID_429CD480F2,0.03341567132613761
ID_E15FBA9760,0.11085973057674083
ID_3FCD1223A7,0.11789764994589282
ID_B54E9CEDFF,0.0185793714527463
ID_B7306736BA,0.04358791968665499
ID_6611C3EEC3,0.007868630317576439
ID_831A7427E3,0.0027963842407884108
ID_81A9135539,0.0021650734942879287
ID_0DFB6A612C,0.9113309458403797
ID_F4EEFD3A40,0.9477816220516078
ID_BBBB632B5A,0.015733738575618775
ID_C71FA7613A,0.002
ID_38FF1EA684,0.0029558788078185207
ID_A08E318CCB,0.04328927112514668
ID_FC1E076ED0,0.0025147616001247627
ID_21FA03026B,0.7302195181794654
ID_61EF8E08AD,0.006889415695306839
ID_BBD5C409F3,0.4144145402200176
ID_A7783BD50C,0.025200505301907348
ID_F1E7A6C63C,0.0693248372599721
ID_018DDDFB17,0.003702975993651838
ID_4EBF81589F,0.07587618351338084
ID_1E0B9D540C,0.09251017771213156
ID_D2BF9329B9,0.16640409647483062
ID_F5D460F743,0.0026151240386795035
ID_1C1FE7C944,0.0043532463932057334
ID_94955E0256,0.002
ID_50BD0EC12A,0.006496317614905018
ID_199F049AA3,0.9336794827692505
ID_82102BEFDE,0.002325699723405371
ID_B5740AB4BE,0.002
ID_EC324AF50F,0.0063577803242135245
ID_5FA3D3281A,0.002
ID_3D7EEC67C5,0.04914418690737872
ID_33DC915CCB,0.11016167711056025
ID_D6D64D30E7,0.023327593514020237
ID_30A7AE89E9,0.002
ID_674455A60F,0.9841603557650798
ID_C4E7969719,0.07571871123074478
ID_C408E9F29C,0.016190019716991744
ID_DC1724F2F6,0.31098435633582194
ID_242BB5BCD1,0.06422217507506575
ID_5FEBFA345F,0.042270657269036886
ID_4A4F7C8432,0.3519130942990869
ID_18CE332EDF,0.07381870667821862
ID_3AA5ED8A5E,0.002
ID_4078EF6B5E,0.2717530557841426
ID_5F0A6D69D2,0.06256787677892216
ID_0B98F3761F,0.13570492671244117
ID_3268811C94,0.29159088312888026
ID_04F7A4EBC2,0.04127064705342269
ID_FBB4E7DBA2,0.011887934071626194
ID_18208D7C70,0.004533297006605314
ID_67A4AB721D,0.22971361718376493
ID_72BB058448,0.002
ID_02EAB4FAD4,0.002
ID_2102E96455,0.056340976844810035
ID_C2C3DA3A4D,0.011486524066187914
ID_D35185DE39,0.0074949660343278475
ID_2012EC331C,0.006448952245825704
ID_48440DFB83,0.0021556566545148604
ID_DCA4C1EFFE,0.007723092819630251
ID_974FC10F13,0.991245751285164
ID_22B72AADDF,0.594011391687172
ID_0D67396C7E,0.010318111579186683
ID_1E381D6483,0.006770535843921494
ID_B0CBAA4AF3,0.0071491419782450235
ID_7501CB4967,0.17817633051091294
ID_FE2C48A839,0.01855445256039135
ID_38F8885222,0.0734116632201953
ID_366544B499,0.0021367046302279208
ID_AAE3D351D2,0.002
ID_E708D7BE56,0.007252390357890278
ID_5B467C56EB,0.21242035726487793
ID_1BE67D5F07,0.004940610464807499
ID_9337C59A7C,0.06613352715105973
ID_F35DDBF27F,0.030590437200866266
ID_D6D8D1BBE9,0.013798269079878713
ID_9A5F5D2F7D,0.036097075161409815
ID_32664A98EA,0.003956418280631579
ID_54444AD490,0.09541312249312398
ID_44CC9DE198,0.021326183060567615
ID_ECC501CCAF,0.43921719955671634
ID_4E27F59CB9,0.014638613223169915
ID_820AF3FE10,0.006145828297599664
ID_584937995C,0.007449208212713722
ID_F94F1965B9,0.02667590256073192
ID_A1E4E2B366,0.3728023176537424
ID_A0C79FBA49,0.6977902871638917
ID_AC591DA1A3,0.019516572200673293
ID_88FE627B2D,0.0064400906535123205
ID_46F8BB8C3F,0.006849254455372735
ID_DF28542AC5,0.002
ID_9929294295,0.0032686429564822957
ID_5623D59889,0.0021786973304081685
ID_D0EF508DA9,0.23261776171149784
ID_68452FFFAA,0.004526908555734366
ID_DE5AA9BF7A,0.9879638747138317
ID_8360E0B57A,0.2958925020264599
ID_0BEEF8075D,0.002678757904309211
ID_10AE835153,0.018615895005150592
ID_5031443154,0.9950793479379515
ID_7C20DD2B66,0.04817795286325623
ID_3C69B1A477,0.2788841427228607
ID_C9919702FE,0.013713950275429572
ID_5B98065726,0.23012713477256383
ID_AB6FD51AED,0.002
ID_0964F9A382,0.002
ID_353C3288D3,0.021208101207754224
ID_BF3BDA9052,0.007128881861864983
ID_29CDCD61EE,0.4443230509478876
ID_93D16ADFC0,0.03069637948262625
ID_13AE01C3E9,0.01561682965016875
ID_357ABF8543,0.8635820650552662
ID_6EDECA8052,0.29426549030114474
ID_55788FB15E,0.01955784154048659
ID_712C91C972,0.002
ID_21777A56EC,0.10428969668587161
ID_8379D9D2DB,0.002
ID_33BBD6B96A,0.23420324608327278
ID_E6FE245E79,0.016237869703383426
ID_78C304AFD0,0.10643049546761152
ID_78C84604B0,0.007475346082582032
ID_A8AAEA41AB,0.047473354756706033
ID_35D943E935,0.05121949701459616
ID_6FB3338F9D,0.17301409657280814
ID_22B7905533,0.8398334304692517
ID_185423EBD5,0.006506533273363812
ID_D9942687D4,0.8187825231873027
ID_F06101D843,0.0029344021052922285
ID_FB7C4DC122,0.009887786789882743
ID_0CEB2E2842,0.016128427030001564
ID_F01AF188D9,0.09177222779028005
ID_F74B2E8C9F,0.03620428430774582
ID_F922AFBD0C,0.006170703770426138
ID_3D1609B5D7,0.11192787018344529
ID_0681998C52,0.9167425725882205
ID_685E9DB5A5,0.028918274390156283
ID_A27D7BE0E0,0.5114888884730612
ID_CDD56ABC01,0.005935456952729666
ID_BB6DA0CC8D,0.0070101829793585615
ID_3BFB75F3CF,0.23745395635538571
ID_89A7E2AF25,0.07872636353859744
ID_E741BE4DEC,0.6633397769705235
ID_8B823918F6,0.03473922717851035
ID_3B7D64E865,0.09042462151158792
ID_18725ACC19,0.04405011038473977
ID_04D83FD691,0.004991769951772934
ID_FBD7E55D96,0.002
ID_7B1F7330CE,0.39140920193986883
ID_CCA899589B,0.002
ID_273CF6DBEA,0.004081680571951852
ID_8E4045DC75,0.12521815670101646
ID_E0039D8F65,0.002
ID_1D16EE9A57,0.003765920039751043
ID_C4A1E23908,0.007289468333361553
ID_7A3DEE7A86,0.13934236134216027
ID_8950508FB7,0.002
ID_81FD61E1A5,0.0025425411267449268
ID_DDFA8A3B9A,0.005064196359504817
ID_E02905941D,0.011163164285548118
ID_B33FF1E3BC,0.0062926388769493375
ID_F58D04AFCB,0.016881101629667838
ID_1798DF13D6,0.3470154366922284
ID_ECEE15E9EE,0.33257537079237176
ID_08C9F1B7E9,0.02331495880193757
ID_473DE836A6,0.10490664597591604
ID_799CBCA3B0,0.014835763542782272
ID_3DA033412A,0.022407917354726446
ID_20F60FA737,0.005643777927263197
ID_FCF410CF69,0.8442722822960967
ID_D170B327BD,0.021009043207017034
ID_37375D0E3A,0.02124910815748916
ID_7F66F794CE,0.04192936460581288
ID_E17862F957,0.002
ID_A5AA744C68,0.002
ID_5751674A36,0.1629296448191018
ID_0061641487,0.07423144540167258
ID_A3D600B337,0.043985129773932326
ID_AD2728040A,0.011277085819889943
ID_D63D5954CB,0.006005499109970925
ID_FEA5CC618E,0.021894358701368383
ID_75A466B7D0,0.01268686433995892
ID_EEA7CF02B6,0.019937488233646265
ID_B4A8D043F1,0.021729069430884144
ID_764AB36AA1,0.39986451576716214
ID_F93323C785,0.09665950084490127
ID_33FEA97E89,0.08708855494837464
ID_E6E5B7FB75,0.005584603279998808
ID_8B029F9BC4,0.012677077596504886
ID_4B03C973C7,0.008596358088733814
ID_326C3365BE,0.006203064839352775
ID_6B5AD0D481,0.059391224525857045
ID_6D198203CF,0.6430398996589056
ID_D5421557E8,0.003473857266646559
ID_7AFBA9E157,0.04654762388643806
ID_28B2925013,0.02447731683083119
ID_47BF8BDCF5,0.5665536548612792
ID_B944DEB4D3,0.007204689606468538
ID_FC8FEC4C63,0.011824995607305556
ID_7BD95E62D3,0.00216867436133457
ID_7FB97E5977,0.007181659588064828
ID_BA523F7E92,0.010781019753144487
ID_583D8F2014,0.0172054945376131
ID_70D1036A34,0.00679321002225786
ID_F6C4A43110,0.007994453624311594
ID_5D917E7B3B,0.08355442166786829
ID_16D16F2AE4,0.0868573608045066
ID_CB2F1833DC,0.02641904261640692
ID_4E6512EECB,0.011293391969350869
ID_73C988AC36,0.006691767315384418
ID_B2ECE2776D,0.11178828744251133
ID_7C562675E4,0.0037394556180945122
ID_273E802AC1,0.04421469489562522
ID_DB53BC1956,0.44164564708242315
ID_81FF07E632,0.0067076220954225855
ID_92D6A346DA,0.3086430235455901
ID_2074B38A13,0.002
ID_9C89532D95,0.0021704996786227524
ID_5A6E7A4534,0.020117141779379285
ID_4CC8738A5C,0.02055526250763907
ID_3D4390E9C0,0.027552961288749442
ID_940B159629,0.005721127460814631
ID_7474792454,0.042271902719555554
ID_625EA0098E,0.026164712746818922
ID_D165FC89AC,0.11055231243870835
ID_EFB7F9FDBD,0.0901538782392649
ID_88BB75B11C,0.5339494802639206
ID_837483F258,0.04176142548251777
ID_BDE565B104,0.07989229384949523
ID_5367F5F3F6,0.002
ID_0BDEE005D0,0.038991282929171124
ID_CEF8579EE1,0.13217049081566468
ID_6F613BE4AF,0.503237277355305
ID_6AD135C31E,0.7020176200305097
ID_F8CD11484B,0.7927072248917975
ID_C84D4801FF,0.9828589964778449
ID_D458CC51EB,0.02160925799646854
ID_27CDA4C71C,0.046691856213409585
ID_159FDC808F,0.44942545071982887
ID_4202D6BD42,0.006300899673818029
ID_E25E666B3D,0.101255391971421
ID_68C94B98E9,0.014518398537400955
ID_07D555AAF1,0.019085570790413155
ID_4F591DC070,0.044007409329934945
ID_9EE09D99B0,0.04614745229475139
ID_8BA20CC13F,0.04683366549936762
ID_F6C640FFF4,0.046284352347267764
ID_B1B70F9B74,0.012238475709472722
ID_E87879BB51,0.002
ID_C63F807391,0.04692487120663208
ID_B7FDA746B5,0.7854878281300265
ID_75C2F00F6E,0.7658684801609561
ID_EE5DA9CC3E,0.006746173423136118
ID_FDB6AC1FAD,0.006354559832995649
ID_251AF0C7CA,0.9957063958724127
ID_2A00B2BF2D,0.00557696130478953
ID_54405B0BC9,0.0028669909969290383
ID_3864197B15,0.006226762313100277
ID_B05CEA05B5,0.4823399340541146
ID_FA08B691EB,0.8853238172011735
ID_00E6ABB682,0.09847619566857277
ID_E0AE1CD61F,0.007594996087439609
ID_C017A8BEE2,0.010928626051820526
ID_98DF915099,0.010878455681362555
ID_A83DB34D77,0.07500140611937196
ID_27D9D6BC55,0.8679706291146513
ID_404C98BB95,0.20791910501625263
ID_38273884E7,0.002
ID_3AC9ADC389,0.05331966813843393
ID_FE2F34C715,0.004861634708342148
ID_606B265610,0.2321214680010391
ID_554628ECF0,0.002
ID_2E79A8DE47,0.042468753707264766
ID_8E518C0921,0.200888267474483
ID_5A7364BF58,0.012221822270335164
ID_4C51430C2A,0.007228011539356437
ID_9819A4A8E9,0.002
ID_E308B3D164,0.002083450097282207
ID_50763E4497,0.12524783454219082
ID_8F97368B56,0.990794346027119
ID_7E426394DF,0.004723608987414335
ID_3EA5CE60E4,0.002
ID_2398F28417,0.2265739202020046
ID_F70A987B9F,0.002
ID_A571EFEB87,0.7302914475045832
ID_038839288A,0.3047441348082165
ID_CE05838AB7,0.235423126284797
ID_07067A5880,0.04481049584132468
ID_9D9C39C4A5,0.991928390577456
ID_28FED1C7DD,0.014904784674357005
ID_BD062DE58D,0.006836856400299911
ID_2801FD9CE5,0.006713410575313068
ID_1AE3438135,0.015161613801048711
ID_FDB36F00D3,0.002
ID_5868560271,0.310112113044211
ID_75C12E1322,0.007474235442224814
ID_186643147B,0.145003877472995
ID_657A337048,0.061962940218614884
ID_1F0D6267D8,0.04672102486531952
ID_61637909DF,0.0048274781471817785
ID_80CE67C60D,0.1376337676378263
ID_ADBA25A065,0.021651506333949074
ID_360C595364,0.27921012588703165
ID_99A77B5EE6,0.05362978672312047
ID_F63F78E4A7,0.007358332301343548
ID_94292BD9F1,0.020034799058353363
ID_D9C3B39122,0.11419612346474951
ID_DD28639434,0.002
ID_A84198A157,0.04781216970388077
ID_289DF46D25,0.3698628627020909
ID_5197B04D56,0.0027074341490067894
ID_470B4E9669,0.06999168173535508
ID_0886FD579B,0.04093285639248247
ID_0EDBBA4BA6,0.7632397775409464
ID_557983AD68,0.1355618544330286
ID_9974D640A1,0.01274286181456917
ID_6EF8D3892F,0.021671575022870013
ID_33DA8B1802,0.31392407170589104
ID_7913CE9471,0.05007580773646681
ID_5045882CF9,0.03918496333470276
ID_AB9AFC3480,0.002
ID_2F57402201,0.2118250570146523
ID_03A8949C8E,0.15969496017364523
ID_26CA613F47,0.9094330201439521
ID_817F160D60,0.0066410821950910045
ID_5FA23E4B81,0.8582447253881913
ID_5EAE245EAD,0.006382431155991431
ID_2D9938991E,0.002
ID_233BB15645,0.14636925354014113
ID_FA00C4524A,0.26579483974520735
ID_83958B6AEE,0.8158049419030046
ID_CE3FD5E9E7,0.002
ID_007B3BBFF5,0.03534975471400535
ID_4666992BF9,0.00211094106362387
ID_96A3484C50,0.0024699655010360796
ID_ABFA8B470E,0.002
ID_58141321A8,0.0925780912268874
ID_CAA6CFFFF1,0.00737365088700001
ID_C6749A2480,0.014701002756006562
ID_BBF0B00DEE,0.005581460485473301
ID_79824C246F,0.023880366919861416
ID_CCBA18A1A1,0.0038366164911686693
ID_47563F7DF6,0.09435419982262358
ID_CE07F12376,0.002
ID_AFBA85628C,0.4379132325800397
ID_83F9084052,0.011006235510925817
ID_94E316DE2B,0.02735334667778642
ID_898ED9AF82,0.8937719785786845
ID_5C8025A145,0.13530187682877487
ID_76B2E398A8,0.23892512327010654
ID_360E6900EA,0.09207631282330535
ID_8C70B06610,0.01950100309472358
ID_F64D15640A,0.0045270485032281
ID_0321DE46E0,0.011672343487794645
ID_92E2814B43,0.002390145206459722
ID_D446CB5C52,0.3192990004879921
ID_E18DBFBF53,0.059206422978593895
ID_B6DF4A868B,0.004909749249787352
ID_393596FBCF,0.848370332974552
ID_3491357EDE,0.002
ID_F8D347B3D3,0.01932827275681368
ID_6607116305,0.013011089969186849
ID_9F19898A2E,0.062323187848259416
ID_DC3965F89B,0.1729511926044681
ID_D1D77E1B59,0.00944440287920669
ID_CB860FE229,0.12109608100319633
ID_11693C7587,0.005355007538229533
ID_936B7137B4,0.012095330020605087
ID_03E5733B78,0.002
ID_DE2D464F46,0.05730984226834347
ID_781B90236E,0.024986453201446192
ID_2C9A8AA9B1,0.02173767208160489
ID_76B0B4BA41,0.002
ID_7DB891AAB6,0.002
ID_32D135BC2F,0.007309644681046852
ID_40999BBF23,0.31286273112968443
ID_F144D4C213,0.02007139992966575
ID_982877437A,0.04803139838366926
ID_940CDBE283,0.04893166271505455
ID_5D258794B1,0.002
ID_1DE0C48AC0,0.021051774469501214
ID_C724FE35A3,0.018753348486820476
ID_11EF18EB44,0.024243458039072716
ID_66857AD762,0.01303945044880963
ID_106B4CC111,0.09458401685907163
ID_209F5A0ECF,0.08436879273198078
ID_177D02D74A,0.5264055507018486
ID_6A398093B6,0.2290994862254795
ID_48B3A037A1,0.005861323274073456
ID_18E3870EF4,0.03535088839137145
ID_A79669D4D5,0.01571649487581683
ID_D43EF0322C,0.006852411807985879
ID_9E9CE870EE,0.002
ID_58F0CB28A8,0.08380411718712798
ID_DA02DA6AD3,0.01117149568413436
ID_11F3A4D1DD,0.9962268299013751
ID_CBA9301079,0.9532392134514512
ID_2A7477CC25,0.08876807743523414
ID_39A8E17D30,0.04735520369320674
ID_4955460184,0.8061244728864186
ID_5220C72924,0.03241610845205336
ID_52D3E14030,0.012072672068227208
ID_FD1464CF8B,0.002
ID_53C5FB3C26,0.3043705894522145
ID_2C8EFBB82C,0.002
ID_9E48ED1245,0.002
ID_747B707988,0.006026929335731154
ID_3D3441DEC5,0.0031409681324448485
ID_FE067AEA5A,0.007731904034222248
ID_140A1FE30B,0.7466831194009109
ID_758B79B3A0,0.06294531374066709
ID_6AC8BA2C2E,0.0070036537727392635
ID_367CE3F6EB,0.06638799924963096
ID_6975B4D20D,0.005936836920390729
ID_D3659A382B,0.020099724910954134
ID_E9A088DB7B,0.014994591224730803
ID_C2BF24DD95,0.009334189158829543
ID_3B3ECD252B,0.012916767479114556
ID_6725C0CE51,0.39370225781085216
ID_AF91A0DBC1,0.10869064191848998
ID_6D52B1434F,0.08554137462123836
ID_B22A1094B7,0.002257547842012284
ID_D5F92AB7B5,0.06709962296743543
ID_8EE8822109,0.9917872735090888
ID_174DB9AE6B,0.023042680665861275
ID_38A811A16A,0.002
ID_08E0591AE7,0.0027557152369375175
ID_0B46B5F22A,0.023645520588786207
ID_11A79399A2,0.002
ID_4776710D0A,0.014016557179688876
ID_BF394EBDCA,0.0046162424114286485
ID_7B97A54D89,0.4368372575648782
ID_BC70AE99BA,0.02627957570652829
ID_2219FFBB8C,0.06390344615500848
ID_4B209298CD,0.10498886210234153
ID_2317759749,0.06881555402120233
ID_4B0BCC6832,0.018904954186223424
ID_FD511A3263,0.07434178138052358
ID_C64CC40B37,0.09012928832897496
ID_6B73C256A9,0.07502167398596189
ID_0BA264B1FD,0.3409144527332377
ID_7E63ACE0EF,0.023755507221559745
ID_6EBEE1F990,0.005207422289506532
ID_8E711849F7,0.011443457727774147
ID_B204EC8537,0.002
ID_CC166A49CC,0.00620902461992234
ID_5A0A77F853,0.964197046516969
ID_B307BB24CA,0.024555345154804006
ID_3671F40127,0.2091610723853504
ID_B3D0D81D63,0.034153225879130104
ID_64EF6917B9,0.002599960774255073
ID_FC2C1020B6,0.006494588353603178
ID_9AD460F94F,0.05097173163412031
ID_A4551E4F73,0.002306584173135703
ID_C193C42219,0.01756984712466629
ID_29E2C00A35,0.0024092285791073756
ID_FC22FFADEE,0.1995205889258969
ID_7991B80081,0.015141377977224204
ID_BADB9224F5,0.013100682018331877
ID_8A6A2D0079,0.11476358358372218
ID_8F10B37E17,0.02375375808941321
ID_D327EF259A,0.020086462758777575
ID_8045106040,0.0023162767032091046
ID_CB0F9AB6FC,0.012296325141824674
ID_5805C4653C,0.027691819636925175
ID_12C5553908,0.13644804047875778
ID_DBE95A5933,0.002
ID_4B3A3E497C,0.07000058454975726
ID_75BB1855E0,0.023174765564914518
ID_F0AF3AB5DB,0.14762418359879217
ID_92450AFC13,0.08876367130253685
ID_DD2311A269,0.9230858806590371
ID_23E79A3CD9,0.004860058133587177
ID_AB2C723936,0.006327943111868591
ID_9CE1D7864B,0.002
ID_4E5555F62C,0.005463448404874007
ID_A9DD5F1E61,0.20437315247966872
ID_C25A403380,0.01245706327846701
ID_106B69285B,0.3099420011738684
ID_A873860050,0.002
ID_C83B52F5D3,0.3044978789704833
ID_B88D57544D,0.02251484393338203
ID_BDE94725CB,0.36516261990546006
ID_8BC2AE9AD1,0.07733092673231098
ID_22805CFA4F,0.007222486075595509
ID_1AFA02A4E6,0.4536144890914752
ID_097C27D7CC,0.07372667861957631
ID_81E299EFF9,0.07780131571373379
ID_7E1746C989,0.008103198361050293
ID_F9C3D1D035,0.022156218461687777
ID_72D30E39CA,0.036815642891934494
ID_2138D42135,0.2504198561626033
ID_B14B575197,0.002
ID_1BE12BDCBB,0.00521718544632976
ID_56B881B098,0.11565401583605385
ID_5A67178BB3,0.028369311802780663
ID_2A79997594,0.008416566168047715
ID_B43BC8E589,0.019620318955269334
ID_2F416AE274,0.011913076143027095
ID_FAD2A4E6C7,0.019528015114150737
ID_1205E7997E,0.5475102211302396
ID_3BB97588A3,0.04884841662861669
ID_6E79764D30,0.15139407989070722
ID_6B7E52E636,0.0033228669552854044
ID_2D3758EE98,0.018458542725969307
ID_4A02538D8D,0.213384796672846
ID_BABBA071FD,0.011973139852743158
ID_E038E15D8E,0.014103667628600696
ID_F0DB74A044,0.405670675471043
ID_97FF067A30,0.012142387631370752
ID_1BAB9554D0,0.08211211314031043
ID_77CD6C49E7,0.469217522235193
ID_21A5DD9094,0.09536980597781121
ID_8C6937A919,0.011653087096672704
ID_2A60CDC19C,0.13224960468690272
ID_EEBBAD454E,0.12242170768626298
ID_2D8E914C97,0.01533880870313056
ID_13DB06FE00,0.007264454544774787
ID_E4398E57B3,0.036739984422
ID_148D362BCA,0.10045646524738068
ID_6D8FE071F8,0.029460554215343188
ID_379B3D5BCB,0.0926616260484172
ID_415FA7FB66,0.7369363813489507
ID_786EC2F126,0.00961524216035556
ID_6AB53E8072,0.0369728381234098
ID_78AAAFBAF7,0.002
ID_B19C9689A8,0.012547622146733571
ID_AB89E01BC3,0.024307785580270008
ID_5DEF0569BB,0.10027490230750925
ID_B6F09D0F9E,0.015020873823233201
ID_6B4A582E23,0.1528253662638734
ID_B7845A8772,0.021632237100740723
ID_AF19571114,0.06973370471164521
ID_3A712F625C,0.08407155679487668
ID_B034D4453C,0.011630327094973057
ID_D8C50CFBAE,0.13900264505712448
ID_6330DDA2A7,0.019269742980806012
ID_A7AF90E24D,0.01714095164134944
ID_7816295BE2,0.0028953383682439465
ID_CE8BB0F97E,0.005333115809098858
ID_0B16F022B4,0.004418103782518013
ID_BCE37CE53C,0.16527931342175428
ID_C1DF651369,0.12569167657649033
ID_8B5D484811,0.008532466190231576
ID_1B4AC770A1,0.9967577498959221
ID_83FDB758B4,0.1111004291733708
ID_E65272D48F,0.11114802684994925
ID_37548BD073,0.008428615917396694
ID_A472DFEA09,0.015641390001460833
ID_5AFBFD13B5,0.06714788251486525
ID_DDBD8093BC,0.011243333040290142
ID_571B755BEF,0.2834085337877084
ID_2EFBAF935C,0.18931034161283403
ID_F0BE6BB390,0.002
ID_C4691C5213,0.2982091136964366
ID_5976041934,0.018032197276656517
ID_DDC1562BFE,0.011345031639360877
ID_210EC67D4A,0.14626941772129806
ID_1EF7E16737,0.0022738482180124525
ID_A25E888C97,0.08985627768651028
ID_8FD723E085,0.3529707638215905
ID_0CD7A92033,0.006896696718411846
ID_AA50CA7446,0.0100278095182886
ID_2B4A66D5DD,0.002
ID_5E3ABC36AD,0.004938677789949097
ID_3E816AFD8C,0.045250154392827646
ID_C9FA213BF3,0.09034085599358367
ID_056A1E73A4,0.002
ID_D8894151CB,0.046923570707173436
ID_995DB68CAD,0.010670893789537875
ID_874502F8CB,0.514714644143689
ID_B2F8D39F1B,0.05508693901649444
ID_8D1D252866,0.09513966000913979
ID_B6D52E8F35,0.018188534927805235
ID_42D51DE73B,0.0825734696353229
ID_87C7CD096B,0.16239544692857277
ID_8A98B7DBA2,0.008874059507831647
ID_A62606FE1F,0.04391675816593477
ID_B12EC5DF7B,0.23212263461671112
ID_ECE3D41AB4,0.060506453018943
ID_A77AC029D7,0.06336516150494544
ID_E8A057EA09,0.6580142933228654
ID_DCF5EC59BF,0.1397835392250534
ID_41F4E085F4,0.026262284857649577
ID_510E487D3B,0.0037579736404436746
ID_A07DE6BF08,0.02521523668649553
ID_47DEFBD2AC,0.020567166311243706
ID_3B1ECA4799,0.015011092252849904
ID_EF0E22D85E,0.002
ID_18809A1F0F,0.21051175211805298
ID_17428DB7C6,0.023485673052912624
ID_11681C1AE1,0.09880263386335096
ID_A831713822,0.05531510190223249
ID_0F6D9FE25E,0.061264816535961594
ID_B43DDEE508,0.002
ID_9DD14A3E6C,0.828141054842307
ID_C2DD787D56,0.01227374101651205
ID_E473399556,0.296137188710705
ID_FFD60D06A6,0.0028261744842499933
ID_CB903AEF99,0.5008194371206277
ID_5FFDBC8C3A,0.8220596946019019
ID_C6F2BB53AB,0.06685174023229717
ID_D3982CA709,0.018854906845590887
ID_416BD66B8C,0.19806478870738892
ID_3E7E9D446D,0.14041163000195858
ID_D143AA9D56,0.16381075132035322
ID_C652FFF98A,0.6196434500489502
ID_1F12717496,0.15467220409664045
ID_37DC94D70E,0.0818729085028778
ID_B7DB1E6B6D,0.004270061751745201
ID_5B0D44A29A,0.04717787958318275
ID_D9C8EDE5FA,0.003350850480282404
ID_02861DE941,0.007983927990312922
ID_75CAD66E7F,0.015978604950947627
ID_CFD0A3408D,0.0215856263373077
ID_C8EB2CE25D,0.011973918581328116
ID_141870FDB6,0.14729307926794824
ID_7BB65627FF,0.012089869197382426
ID_69DCC2AC53,0.00533894946826128
ID_96D4BF076D,0.0941791902060352
ID_7713F7A38B,0.004958145116229713
ID_A3900C113B,0.026433051721282286
ID_BE06297A1E,0.002
ID_8812CD988B,0.002
ID_017B2526A4,0.002
ID_1AE4007B20,0.006871535942898341
ID_B9CB84FEF2,0.07297874927519549
ID_C0458C2FCE,0.1429206044796887
ID_4AA76742A0,0.21082233341737852
ID_293DF9580E,0.018329604283332013
ID_A849616AB8,0.00657480792945829
ID_44DEDF0790,0.007182352284972067
ID_89776AE57F,0.002
ID_639DEF5ED3,0.02040791073719219
ID_561B0BC675,0.43899410621166296
ID_4AE6E2668A,0.11172728650070736
ID_0E501472EA,0.07141838616073728
ID_3578E4E809,0.007208290190277641
ID_B09001C9FD,0.24230285697841916
ID_0ECD9365F8,0.1252072137320873
ID_F74583E644,0.048489706031882705
ID_731E559DF8,0.022138150538405114
ID_EFBA67B4F2,0.002
ID_FF8D830619,0.009187773234492817
ID_260E6C182A,0.016999913765898766
ID_949217B201,0.9971538847782024
ID_80588D7F8A,0.35300199243246344
ID_173510B6FC,0.09575405718893559
ID_ACC38469FD,0.12112543430716818
ID_9BD2030991,0.011911409374404505
ID_8F02CED8EF,0.5690168271067945
ID_19BF3DD516,0.003518728830338062
ID_153D6D72C9,0.49104128998384466
ID_28B383DF0B,0.16153516220398098
ID_BA56151680,0.01907118644432026
ID_6D2BBDBDE0,0.002
ID_A5AE27DFD1,0.07604844059020481
ID_5446E0C54C,0.318631338061298
ID_2546D894B1,0.00416623642559408
ID_D5AD362AE8,0.006745983041179553
ID_E5B26126A1,0.002
ID_C83B887565,0.01886891991897918
ID_D8C38669C3,0.002
ID_9CD5E9A9A5,0.021590592983140523
ID_48DBDC0153,0.005361218964387646
ID_50420B08D9,0.1958556805774022
ID_70A3774FB1,0.9948956630019732
ID_C77EBFF780,0.9965961293278438
ID_48DECCE490,0.006314757923323121
ID_17F3439B04,0.06374275381129735
ID_EE8ACD50E8,0.011799915253160053
ID_962C879E15,0.018092528297420748
ID_32529B8756,0.680688382951622
ID_5B33CAD11C,0.3015469970925388
ID_A01AF4B574,0.023730247597339417
ID_3801E590F0,0.23259102384090474
ID_309DB491A6,0.1252305160910448
ID_866F1C0594,0.22873548587031706
ID_1C705AA739,0.006308162785365761
ID_1DB3E54E90,0.006632340685610746
ID_B76CF96168,0.07427717499035694
ID_993F29B169,0.010924370706155541
ID_20900F79DC,0.02616930634224673
ID_B010168B36,0.004435242100038893
ID_D389C953AF,0.007358981616267634
ID_727C935B35,0.21168805609460692
ID_57BC0526DB,0.008435638345714305
ID_B5F4E0A0EF,0.002
ID_877FC71C26,0.14169532826798892
ID_F00F2DFD5A,0.2811126759620194
ID_F22DE1D53D,0.003633887553105608
ID_327E12877F,0.016137223920778754
ID_B0A5FA1A71,0.005689673776111557
ID_9D85F80398,0.00533573056668513
ID_CFE199ADFE,0.023620555175901052
ID_7338A67766,0.002
ID_D280171794,0.030134299199264334
ID_89F34C977C,0.013477809052178448
ID_9B83142E1B,0.008359327301053997
ID_5D88040E17,0.02086461932874829
ID_32D6AB19C0,0.23234282026584355
ID_9437677153,0.03446215008993742
ID_9086BF613B,0.17443881242996098
ID_38C5D5E919,0.16213103195411602
ID_95BC70A96D,0.6357384352348275
ID_C5FB39C28D,0.9896304499401716
ID_F8F11ECDE6,0.020898083154874778
ID_61352BA7EC,0.16062102779987295
ID_46B7F88270,0.06322736144957299
ID_EF72382E1E,0.21025236331136435
ID_1BA0C6C5B4,0.10549091536302635
ID_D796077704,0.025686527546123456
ID_FBA5B3802D,0.467132430218884
ID_A53C6AFAC7,0.01996730725339508
ID_8D332B301B,0.014965032124843071
ID_CF60856E35,0.024052230905987317
ID_3AD35129B1,0.07260653864539145
ID_5FAA3E0155,0.02867060334585502
ID_2BD559A2C1,0.08867313116525798
ID_EC56BE017C,0.9021074429475738
ID_2B8A652F34,0.002
ID_3B58757704,0.25707253367233185
ID_F86C128814,0.008715500954836098
ID_470EA1A7BF,0.02540612456802165
ID_264F62F86E,0.11645228286783241
ID_5B0DE613B6,0.02263631956371284
ID_8EA89D2DD0,0.17178165012862065
ID_4C5A357ECE,0.21744095831451427
ID_E9941C480E,0.025347162473238555
ID_41650305B7,0.002860653038901177
ID_A5C7557468,0.019016073827881567
ID_E0ADC0D03C,0.9849567590894169
ID_836952C912,0.8823274101716734
ID_3750D8E685,0.09696335910396482
ID_8327800F82,0.012459382960900982
ID_BC37C1DB69,0.007092864529675009
ID_1DF0F61155,0.3615295104768895
ID_CF19C64748,0.0048203224484143865
ID_D799925121,0.0021779048778119534
ID_C2880F85EF,0.6839247508539997
ID_D49FAF0F49,0.0027761225629609433
ID_7BE327A7CF,0.6104039073303087
ID_2369AC7467,0.07161990955397692
ID_864E8C1374,0.051533108683433214
ID_5CC10E6472,0.0033268593643264043
ID_5C53650CE6,0.7739591793146122
ID_474818F15D,0.0133661889376865
ID_A505314472,0.9116708439283441
ID_B200303B72,0.02734328444576559
ID_265E527404,0.6592753494520168
ID_ABCC771593,0.4711867306755118
ID_D1FF2E6243,0.21389149919183528
ID_DA2029A8DB,0.6926541782814191
ID_8EDCC85F4F,0.002
ID_A52B83F73F,0.08486414360757054
ID_E6F0538EC9,0.020884323174641055
ID_12F6F481E1,0.009718940575924189
ID_3D57D41110,0.1885728190434592
ID_062BB6DD0D,0.2038743028557965
ID_A476F34D73,0.9978384068865205
ID_0273490FA7,0.8652908855196478
ID_4FABE7155F,0.3179728962001192
ID_74FF93549A,0.12369914414680082
ID_F0C40F5FC5,0.002236632834952444
ID_5FE8974110,0.0038676082760209264
ID_3503E2886C,0.062453800191130095
ID_D8504EB0EC,0.014732602136677762
ID_D8ACF99A4E,0.009334949919280381
ID_8611F6467A,0.04166144064886511
ID_9393DC9A0A,0.023454482749433306
ID_FBFFF302C8,0.0037364014080472287
ID_19D611D972,0.0034286117954459064
ID_DCDD3F79AB,0.015591887803183654
ID_81DE527DB9,0.33429468886590263
ID_6AFF425CDD,0.002
ID_87DEB6C3E1,0.16381458840781102
ID_F7BD0FF440,0.40284322374006587
ID_990CE98437,0.04504619181896467
ID_E8C609E985,0.693590195222463
ID_E6BE6479C7,0.16710486542214312
ID_6E2525C782,0.03954041906000088
ID_160929130C,0.5327604505253019
ID_94101D4E8B,0.861904686213949
ID_F314F9CA09,0.020007757329935826
ID_7B2120C984,0.07736229964880657
ID_92A68B5857,0.012559061901564804
ID_7515CE7504,0.1157346272558878
ID_390CF9422E,0.002
ID_424178A575,0.02874322879222573
ID_057478B92F,0.8581617100578129
ID_F9ED7765F2,0.0037484368593150344
ID_BC38EEBB67,0.007839467600318853
ID_38813FB65B,0.05194697062517599
ID_A2788D94AB,0.9975933579539606
ID_B733EFCAAE,0.13289749726857522
ID_BD2F119D19,0.3230070953935052
ID_DD198F5A61,0.04375008962596507
ID_E08831EAFD,0.002
ID_0222142266,0.009721438603217801
ID_6B5C8CE021,0.01550200357235038
ID_218418246F,0.021380254220426644
ID_224E28EFF0,0.002
ID_8AD8A890B3,0.08816926739831074
ID_202875C9A2,0.004896945863661478
ID_374B38C64F,0.011981084182091182
ID_B56EF251C2,0.012708179220792351
ID_06769904D5,0.02913186559617733
ID_4FD743AD38,0.013597664036782621
ID_3C2F71395C,0.13184074042132485
ID_7F6F487F8D,0.15554091608496268
ID_1F79F0C49F,0.006650605209463803
ID_645744E080,0.03757992414399046
ID_AF55C5F27D,0.002
ID_D24DFC4AE3,0.03584265950224291
ID_ABA664BD50,0.01110307333323456
ID_D1D16C0007,0.006056722411839989
ID_AB876639B1,0.027209701482138977
ID_EB199B9D61,0.018881528953357565
ID_3D4935D653,0.012406132109638878
ID_C0738BD740,0.15417366414913716
ID_D918D7C7F1,0.06081224545710033
ID_E20D8CDF9B,0.1015866982814693
ID_DA684D1806,0.06598034474171785
ID_B03217A1A6,0.09690911234896454
ID_EAFF5CED4E,0.2636017120697386
ID_5F441D9460,0.3933711917718758
ID_73788CAD4A,0.01554537953748613
ID_476DA12E40,0.4524119837739858
ID_9C36EA0B9E,0.22665264364459212
ID_81F66466A4,0.17410231531987347
ID_61A2F087ED,0.006247912431046595
ID_304E096C34,0.04488814633923069
ID_574ABC1A4F,0.00674508261327623
ID_D47D918F47,0.13998478469312545
ID_3363730A76,0.06978768949113802
ID_A02F70879D,0.00677147287787547
ID_94457A4A3E,0.015297416400011416
ID_B90BFCCD3F,0.019217863876179395
ID_8A66D8C4FF,0.002
ID_7D9C83E521,0.002
ID_284C5F505D,0.7188213399185535
ID_A86B9BEBC4,0.002
ID_161C6B1C34,0.06898972731408073
ID_44554D78D8,0.0035879392508589647
ID_A96C339D50,0.002
ID_76FD2ABAEC,0.04444496517152839
ID_B0993344F4,0.015723357220442997
ID_68BC8C13D5,0.01969125574763734
ID_6F216513BE,0.010843378885371931
ID_2DA94552A1,0.09301692747523092
ID_AD8C08B7AB,0.020756699893381192
ID_6DD37861AC,0.011171270222043764
ID_3609AE766B,0.37074522747634153
ID_4DA85664FC,0.018413986111956025
ID_A40F4802EE,0.04582046026805123
ID_464C432E37,0.07131919690144885
ID_396A2D3284,0.006672986146621169
ID_9B76951BAC,0.5260795522269518
ID_4BA7E3ADCE,0.21983632603834902
ID_F7BC8CD74C,0.008419767778262853
ID_503C92080C,0.06910840440445024
ID_36C7C4B8FF,0.5380139204205088
ID_BD98262D41,0.6601073569677697
ID_57AD2DD87A,0.2422739538413662
ID_BD07E3C2D7,0.009630638473067683
ID_27EB6A3200,0.04711878615680002
ID_2624393092,0.005508075790589339
ID_70F52F2F23,0.13334921340806805
ID_2E70968A31,0.48158447726033315
ID_924D7885FE,0.0225846485727347
ID_8C4E358C2C,0.011539056222872665
ID_1F189DEA7B,0.11754892758882457
ID_19657150BA,0.057463416656433404
ID_DB8A03C916,0.002
ID_69949448AD,0.03215155392039935
ID_FCD0BC9D8E,0.006588494167171559
ID_3EAA31D023,0.011087434062539984
ID_348D6F3383,0.006835521985747762
ID_26227BD684,0.02422869539062287
ID_BEB7E3E90F,0.019229489891761247
ID_694E09D492,0.002717854950560879
ID_6ADBA07FB9,0.2732942429317285
ID_43CEEBD2BF,0.9508119600763132
ID_52A3A2248B,0.6886805923445929
ID_819F1C0B37,0.19023877937931505
ID_C46C7CA6EF,0.002
ID_7271DFE86B,0.6699341309384412
ID_7FFA81D23A,0.002
ID_7D7B48A35D,0.032787114555112545
ID_060A577763,0.4739297341006719
ID_8792B13687,0.1417436629416656
ID_D087E39D70,0.0029673647424362667
ID_5D5CD02EEC,0.1643731514169268
ID_9FACA5E6AA,0.9256672278692079
ID_57CF6C6843,0.012676590302331453
ID_E5DE885AA9,0.03248271548004631
ID_265B1A0FA4,0.006549519489366073
ID_7939CB6CB8,0.07012313738948611
ID_7758BC12B8,0.0057253464906768135
ID_39D9533DCE,0.04880084474259074
ID_D82578728B,0.007057082458129786
ID_7591AC3CCA,0.024369994839758425
ID_0BBB9152D2,0.05093454717759613
ID_3D1E95FBDD,0.0020675284143330517
ID_84ED5D60A0,0.11697440412899754
ID_B80EDD1758,0.997116408674256
ID_4017B56C53,0.2622956979454419
ID_E87724A260,0.26768267143173974
ID_5EAB0044CE,0.015162896161210342
ID_214505993F,0.01390039303022038
ID_70D928FF8B,0.41613212688337164
ID_7F30CE7E04,0.08504046434986504
ID_F81ABFB589,0.002
ID_ED6CDA2DC6,0.017224716777382285
ID_1DA902FD37,0.006247685992349968
ID_827E76FE4E,0.9943143582791177
ID_4D8D9476F9,0.07027094718054974
ID_571C822713,0.02431101384386477
ID_135D188FE4,0.20330763679983635
ID_32847D05A5,0.4311557579648699
ID_7F7C8E36EF,0.026289750357749976
ID_4CE246ECC3,0.31608436044066957
ID_69861B545E,0.925503424215893
ID_59753804C6,0.03801983552945117
ID_2BD14F1AA8,0.09685983599559798
ID_C309E1EB7B,0.027507150186015607
ID_2631FF294B,0.02131525179167342
ID_63ADF22403,0.052005175406132344
ID_53D3EEEE60,0.9935313347924203
ID_9804E2C811,0.0034124884807943956
ID_B8DD1E96CB,0.14255380856627922
ID_E93BCFB573,0.0034840948821857317
ID_AA468289E9,0.17556087440159138
ID_829BE5FAE9,0.006702184288633413
ID_2396BF2D62,0.02400991337966964
ID_F9E021ABC7,0.002
ID_7C703A3E37,0.3459826730458593
ID_AA60CDFB02,0.9816985467512837
ID_64D7A85088,0.007119869554992643
ID_59F95891ED,0.009420877838603512
ID_B50BAF47A6,0.002
ID_46805C9212,0.3076181008144439
ID_A53C9EF661,0.025783878076497683
ID_E682A6C10A,0.00809820179467447
ID_00D7569A69,0.3047725310086289
ID_C5748B619D,0.017539768387472923
ID_EA26DEC99B,0.024061390487497718
ID_531E2FEB0C,0.7004883914227695
ID_7111740B03,0.013356456552417172
ID_AF428FA403,0.047925207211982776
ID_D2C7F1673A,0.5534821020275033
ID_8A7AC640E4,0.4770252255589436
ID_5AD8ACCCE4,0.006530741286952873
ID_56BCBA1237,0.26844718649075694
ID_499B56DD39,0.006812618659477393
ID_4D8553F03B,0.002
ID_246B60EB3C,0.007143888261161262
ID_E3A379ABBF,0.024731649541798708
ID_4FED839A93,0.01427471441499927
ID_A903A4C818,0.02672079647874524
ID_B76DE4B572,0.006862923482550378
ID_8D51404A77,0.002
ID_8B0356F993,0.002
ID_5DD6FAF129,0.007478729482042293
ID_A3D2BAEB22,0.011207298454179114
ID_8379A17F6F,0.09146233122865847
ID_25F194F2D0,0.05822670496013277
ID_D1C848C91E,0.0861311149200418
ID_AA1DF6E0A7,0.019745595488686863
ID_6BFF200ECC,0.7604863068770974
ID_B7A99DDD5F,0.06222170738561046
ID_8B6F2BF7AD,0.12363458674238542
ID_894DFEAE66,0.011474665756262279
ID_965C74561A,0.01279233934309391
ID_4AD073AC07,0.275919155743032
ID_0FB7B5A581,0.0639747022704437
ID_613C33DCC1,0.13814570134278298
ID_1BECB94A9C,0.004538783696278691
ID_4E4BE31BBF,0.02655082646990052
ID_FE920DE1C4,0.046776239183053424
ID_C02AE73E08,0.002
ID_043BB2E441,0.005059686255634963
ID_E25F490A1F,0.010905865865976456
ID_2A36AAA057,0.005938062017439707
ID_BFBFC7302E,0.10368197977668052
ID_C37A0217A7,0.005767556723358261
ID_7731EF0D4C,0.5739068257978285
ID_35A39E1DC6,0.0021303603444269526
ID_8E62EBC82A,0.003405201967267217
ID_17C46DF40B,0.20596355203987687
ID_4D029680AF,0.07816671038109085
ID_32EE18F039,0.1883517234566564
ID_9F2DCF44C9,0.002
ID_26B818C6DE,0.006233133650352046
ID_DFC0D14A93,0.1031168235987274
ID_66358EE5D2,0.4894178232936513
ID_22B8FE7B21,0.12289291416139594
ID_9F447AB693,0.48309093667017056
ID_4E75F8CDD7,0.05509574500842293
ID_EF83D1F8EA,0.008087120582220126
ID_5AA16A0F0B,0.023470902903339544
ID_C192CF611C,0.5015576420135038
ID_33BA7587F4,0.9871691906728741
ID_42D2AF6CF3,0.007081650373641175
ID_D191B3DCD4,0.1470315902340471
ID_D473207829,0.007546581267057097
ID_44ECEF4F84,0.11489046178218117
ID_5822588354,0.008583939656557401
ID_8FE8A1D38B,0.004836414998568826
ID_7B655412EF,0.06895836431008408
ID_AEF63ECB97,0.2183219577394024
ID_8260F0335A,0.04661490815276069
ID_A41375D09E,0.002092405593767754
ID_8533C2D22F,0.003487250998665579
ID_3A5DED5416,0.1468104317102835
ID_C7BE7DDB34,0.014397253404512119
ID_50AEECB270,0.03808419676289044
ID_2A5F7C6A05,0.012207683440666155
ID_5183DE41A9,0.0445335405527552
ID_577BFF0075,0.016693137760345155
ID_53F207D5EB,0.09372731865799204
ID_2A5C24A694,0.22288741319348293
ID_17DC3278A6,0.21457830606670553
ID_6219CCB33A,0.10442214934834051
ID_387F79AF6F,0.05018760019188262
ID_A03120801D,0.013981424315384452
ID_F22E806F86,0.002277222655622572
ID_54FC6873EA,0.07495701921191987
ID_A150CC8092,0.09192225561085536
ID_5962FF552C,0.002
ID_4EB1AFF3F7,0.00264430034306686
ID_B50AFDD323,0.90090862652704
ID_714DA2103D,0.003994427257586454
ID_294AE71366,0.9594436776988648
ID_CEA459D3EC,0.02235565133231303
ID_CE7D92574F,0.5137973960245422
ID_D1F08E1F1B,0.019639027739745848
ID_7EEADB216D,0.004993694188455399
ID_54EDBCBE93,0.9958841716792526
ID_AD4E6752D9,0.15425873487211003
ID_601F8C74B6,0.9383678076836962
ID_F2DB701BCB,0.003919307773591125
ID_C24C5C6A7F,0.02569719083396527
ID_F96849FDB2,0.08446383090735432
ID_746D369ED2,0.028239147219028468
ID_96D9AA8367,0.9692456880079419
ID_C669D2D578,0.006674975955831128
ID_74FED04907,0.9099055878473084
ID_3AAE8584F0,0.08155197725387493
ID_21520E5CD5,0.4074652265088832
ID_D5B8766791,0.12290008264462461
ID_E76DDDD30C,0.002658981904488832
ID_6CF3E24EA7,0.012445789620604199
ID_2F2C98F83C,0.10867264528511131
ID_61D5D9B37A,0.018443197989730608
ID_6387DF26ED,0.027297196773647746
ID_56EEBCA47F,0.00776097963688672
ID_FDD3F0508C,0.002
ID_7674010915,0.10465343250480633
ID_02CF40E4B4,0.004153990961191755
ID_5567B32D27,0.20460484396891676
ID_85D29B9681,0.9966039876070726
ID_5E2FC2410E,0.03979926112807432
ID_3DBBCF2F4A,0.10556019072817582
ID_A50BF6B57C,0.008356128908758087
ID_B0E865A60A,0.9641737197151445
ID_DA590E583E,0.007979515148694017
ID_9AB17FEB7E,0.022564980333362232
ID_60D7E37603,0.01793663012266857
ID_CC5EA6A28B,0.1629934142137879
ID_8D886D9B17,0.017813409240948395
ID_BDE75259DB,0.002
ID_FFDB5AE3EC,0.013721572258954625
ID_5AEE2F3118,0.005024767739396816
ID_8D0261B76A,0.32810819891331366
ID_0C71E515B2,0.0067049522139636586
ID_2927A0D293,0.05645279482727431
ID_CD5C9E65F0,0.005902596297557683
ID_C190AB56B7,0.009015554940109003
ID_ACFBA8FFD0,0.009587109971233689
ID_FBE3847B33,0.03927361029158132
ID_9B9899E3E1,0.09897669161810789
ID_64E43D7B4D,0.022858674099859446
ID_0A2B634575,0.023282108164656902
ID_9E2286E21B,0.007473787801006268
ID_F527CC63F6,0.002111602740467429
ID_F3125EB7A2,0.8313094741652693
ID_589728494F,0.04659386998461432
ID_97C8E6FB07,0.024956103290805647
ID_2D35E0BD78,0.006308409632346731
ID_3C34F890CB,0.5400775136076096
ID_612B714B22,0.3179694580524179
ID_55463C0BE6,0.004676538272578532
ID_6996A670EE,0.006393324714031808
ID_A1506CC4D1,0.008242885153883474
ID_1FA255EF16,0.0027335688104533165
ID_1739318C91,0.18106714934561582
ID_4B075734F3,0.018440860093677736
ID_7A526E5660,0.032726152390942675
ID_947D0D3D40,0.9576751156377362
ID_B11C43F135,0.017080985352964966
ID_31FDF6B777,0.45931324612272806
ID_5F7D0BEC00,0.22142124600093432
ID_9A2CE34CAC,0.06959463898808234
ID_34A08FDBF6,0.1847455118745387
ID_54D2AD5346,0.002
ID_39A5940642,0.021288630804116644
ID_4DB17D8F3C,0.4590879142136349
ID_92A7DCBF7F,0.011597954488927193
ID_776B0E30EB,0.013153172094055853
ID_9E0BED2314,0.024892413573388113
ID_1FA764DFDA,0.034062145007096985
ID_DB10972739,0.04617218087040335
ID_2645320A52,0.002
ID_CE47B19B66,0.002
ID_2CA229536F,0.05349633022078682
ID_1EF6AA3D2B,0.002
ID_818B22DC71,0.04770290303869544
ID_D4E615A6BF,0.021732380797527158
ID_89638EDD3B,0.026455087750846998
ID_E9738E7C0D,0.10012233408441157
ID_CB86F0FFD3,0.6446048557534962
ID_C1E9D95507,0.002
ID_C7F43C561C,0.010719671199734063
ID_34A5E879A5,0.002
ID_622E7241E3,0.02519884040600437
ID_CE048DA602,0.2045249316393027
ID_7760A2CB4E,0.04386120244879579
ID_78DC851B93,0.012499321222578052
ID_ADA83ED81E,0.026598022935268216
ID_D8448C14AB,0.014161387589910998
ID_99B8EC77AB,0.002
ID_6F881185A0,0.002
ID_5E9D4F67A0,0.6667681136598078
ID_A5DB65A773,0.003383889227247848
ID_BA45186DDD,0.3215421008028751
ID_F779E9DF76,0.004170018705127227
ID_F9C003DABD,0.0073508898826084666
ID_BA8C5BEEF7,0.0025632161246536564
ID_8CB56C96C3,0.044778405524652
ID_E4989BFA16,0.002
ID_BAE601528A,0.007990182169982858
ID_CA3C7944A1,0.07897549804359012
ID_435EE4D28B,0.12827446715582616
ID_FB836396AC,0.09825244451050544
ID_BE5EE831B5,0.21272657953666885
ID_84DD3BF79A,0.10174900577568854
ID_EC2656B2E2,0.00730382950763874
ID_E8D58C5405,0.01243722896364147
ID_A991886152,0.06134204404620699
ID_02AEA490CA,0.22528069238336143
ID_9AF83335FF,0.09943055918235212
ID_6FBD8FFC68,0.3019387689828204
ID_4F2DF86758,0.23100896248889743
ID_E578F0FC5D,0.006127294540857716
ID_7F55005A49,0.2951414782036914
ID_8FE383E655,0.002217917670251475
ID_36E1CFFFDD,0.007551836541725902
ID_952B390447,0.08448090887343067
ID_F1DE840332,0.05579140142609529
ID_87AEEC6DE7,0.09730163988558173
ID_174A9D2F6C,0.002
ID_9EAFDEC0E4,0.16173455013091823
ID_783BD7EE55,0.0071714664833171645
ID_FC70C1AFDE,0.06472708423040456
ID_C2748DD6D0,0.12719030996969474
ID_DBB7E4D5A2,0.022557677736358958
ID_060594E9D7,0.011373850702556572
ID_9CABB10053,0.030111627515020545
ID_2E589C2C60,0.0020362827503838782
ID_D08049DBEE,0.01770534962406156
ID_689C766EFD,0.11139516537453978
ID_325CCC2D88,0.012285200918899649
ID_78EAAE02EC,0.048499181499154914
ID_68BCFB050E,0.010975625934829952
ID_DE1F33512F,0.07485952048386416
ID_50DE86385B,0.007910472608947058
ID_FB7812A3BC,0.008187683301599568
ID_DF94B7C4A5,0.45322343273527366
ID_04491B56A8,0.010688382818810075
ID_F16B59B942,0.003222205264525313
ID_6179A4B5AA,0.20351209417146734
ID_F603146158,0.020103858192809684
ID_5158D674EC,0.6773442474736902
ID_8E5C0D7084,0.27215821052289274
ID_D10A09D534,0.3696666842429354
ID_EB39694A38,0.012029731874280426
ID_45C7B6BDED,0.006818967340877874
ID_9C28DA00F1,0.021802872795277827
ID_68BE3088ED,0.030917405902433262
ID_2BF36F3311,0.016738744128766855
ID_DA7F91034D,0.002
ID_82874CCF2A,0.24761980287340982
ID_2B2D646B9C,0.5062162354903308
ID_551383E674,0.04363078666406923
ID_68ACA548AD,0.12080931784375097
ID_766E3AC15F,0.027059187144204837
ID_95889FC55A,0.0692618537096362
ID_0363E0AE4E,0.006916932768561275
ID_FFE4E797DF,0.0058807761741436525
ID_033B83796F,0.0026278508087260372
ID_B2F01EC7A4,0.011343730827944397
ID_0EF131934E,0.02105738337409633
ID_F7F7C538BC,0.025503554007584285
ID_3790612CA9,0.007606856430830614
ID_A5CA56C8D1,0.02552217037760962
ID_9C946D0F4A,0.0042242762042315396
ID_9480EEAF45,0.05189625231594107
ID_43B21B5D32,0.023204035308032694
ID_D4C7C3237A,0.002
ID_DFF99C125C,0.013557012997073306
ID_689CC4D5B0,0.002
ID_B828B54702,0.2529895587773987
ID_2AB86AEEDD,0.25722607195957176
ID_594DB6B1E7,0.002
ID_D1A9DED6CE,0.048864381291369184
ID_051C5BC96B,0.002
ID_3BE0031889,0.00260627794190703
ID_0DA8F26739,0.19464605277559238
ID_1439CE4734,0.09990724156792638
ID_167B75EF7F,0.022842443080880594
ID_3DE81E32F7,0.9188256726844235
ID_F38BB465C7,0.015106408691354845
ID_F5274B720C,0.7702432405388562
ID_86D547FF0C,0.0063326991430552315
ID_06BDC7CC5B,0.027738713030102044
ID_B5EA7C3BE5,0.002641737566479518
ID_8592BD851D,0.1319621821254032
ID_FE3A01D92A,0.3656069526611389
ID_76FA3236C1,0.1808088806963065
ID_16BEA52841,0.002
ID_B8686A9967,0.02302489105840226
ID_E2EEE3732B,0.010386872953965617
ID_F7104C145A,0.1293422620317738
ID_1E02592A23,0.12763501148082002
ID_32BFCCEA68,0.021416339209920057
ID_A79D16E84F,0.9462126667012135
ID_37D2697637,0.010769179489187264
ID_B5A81ED077,0.03910278663916763
ID_0FD4FC769A,0.009785002324853194
ID_632CC56D34,0.14837704101884705
ID_B51E181E68,0.03339222879035596
ID_8F28B5B3CB,0.07974574101468238
ID_EA853949A9,0.04724917395174438
ID_E6027B2093,0.07932456879235276
ID_E33C683AC6,0.017576362844510945
ID_B2C62FE2BB,0.012118020763792514
ID_E0488916CA,0.005714868927873348
ID_EBCDAF5032,0.11770471498253623
ID_0488001052,0.07366658701253093
ID_4927449143,0.7041791418629446
ID_BC2304282A,0.04214040342782307
ID_BB3ACA5ADB,0.002
ID_0DF06E2FC5,0.09109833154260698
ID_FA2C8E4085,0.003195791565154702
ID_8A05026EEB,0.09707170021242144
ID_8F6BCF3764,0.02274008350794591
ID_D24E216799,0.05664404324302991
ID_65D6C906CE,0.004995687481294407
ID_921CCA5486,0.017180917763689883
ID_E744970FF7,0.07659695113886161
ID_61308D369B,0.026359252411464574
ID_2DF698FBE1,0.005785844252343935
ID_0C5CBE5636,0.0815236593279286
ID_6546219259,0.02415980863687654
ID_1BDAE13C49,0.43817567002675645
ID_930BE34891,0.09256087081325143
ID_D9257EF02A,0.0077116215814528825
ID_BED45D8E92,0.05033408848624949
ID_F815FEAA57,0.4148472849707083
ID_94C782A4F5,0.02715744332809078
ID_A9CAE823E4,0.025598936407937516
ID_FD7C971AA3,0.9913941097864793
ID_B1486E7137,0.005903221153598401
ID_948920263C,0.00959786761728428
ID_CC13F70F4D,0.0027389206658970425
ID_CE0D734478,0.12668788096796044
ID_72171BD6E4,0.01123557666516757
ID_1FFDA10655,0.012332740332422383
ID_BC40A2BB3C,0.4753991870107966
ID_26278ACCFE,0.04538272426156067
ID_26BEC06DDD,0.49561856489973893
ID_A222B96899,0.9971662489508882
ID_0F9E01F781,0.017690289047804068
ID_48DBE3AA4C,0.016380392602315462
ID_B3875598C6,0.020275968503382317
ID_EE2FEBAA2E,0.15194349563677806
ID_7CE9755B67,0.03065137670449265
ID_E2B3A92931,0.004879982239814067
ID_561F12948A,0.1280976941827543
ID_1CF0699702,0.002
ID_60EE000E86,0.24633325745310472
ID_6076DD9662,0.005974043765269526
ID_E07EC3ED99,0.04349070355636495
ID_841C1AC91C,0.006849743120418818
ID_116E2F0595,0.01192576569039189
ID_0DF16A1480,0.018179918394062192
ID_685A4712D7,0.00895916122797026
ID_C551892B73,0.41556279637408033
ID_75AF0CC7A1,0.002
ID_811372AE77,0.7037880372709598
ID_82AABE7CDF,0.09337175247401178
ID_9D8754FC44,0.002
ID_E0A7D87084,0.03606821795093129
ID_21B18CE2A5,0.21453353980501746
ID_E33D8733A1,0.002657322166208365
ID_C21AD5D138,0.6988832963644149
ID_C707E2D6D2,0.005193887146573659
ID_D3006E6ABC,0.006386369185934542
ID_7061F6128E,0.045286331002730155
ID_1C87DB8F39,0.04733886715719289
ID_84C5F637AC,0.31359029407585703
ID_743A4238AB,0.002
ID_5876ED890B,0.059558566116561566
ID_0F5F6EC45F,0.045692118954254485
ID_E570ADBC84,0.15513161416452076
ID_48D30FD498,0.1402557377158929
ID_FF8ECA1E44,0.00955972572373955
ID_FC3E596695,0.29684681358000864
ID_499EA8CD1D,0.8993108433622294
ID_0E297584DD,0.2712638140223964
ID_7B29366991,0.9918027925243247
ID_803037CF7F,0.0149836854975663
ID_52661C0200,0.022605118852882897
ID_B64D9AF54E,0.002
ID_CCDC7BFCB2,0.7588860870389001
ID_541127C840,0.023285514368239554
ID_EC65F1B75E,0.9698782510177819
ID_006B02D8EA,0.006882201761338398
ID_DF505BCEE3,0.06943113552279222
ID_65213658DB,0.014967496607586749
ID_3F99BEB16E,0.006658051061481836
ID_5330EEFB6A,0.005170628157349175
ID_88EDD97248,0.6270250752363262
ID_FD5F993412,0.10706512322560072
ID_DDBD02B572,0.002
ID_7BDAB01A11,0.28072546418536787
ID_43B329D19C,0.011748613575715045
ID_3FCF450BCD,0.06937239211176531
ID_D328BB64C4,0.026762404687420447
ID_5F49044B17,0.00635347625358969
ID_3D1DA38FCC,0.26923034145114977
ID_746C048078,0.0023769551765653175
ID_3988C2D2A2,0.1284899801774131
ID_FFAA795B63,0.008042358308607342
ID_5AFBFB4749,0.002
ID_18755BC908,0.22231173323816059
ID_2E0A9A67DA,0.00234128288445064
ID_05793F1A35,0.023660181176199443
ID_AC0F7FF3E5,0.023600443246007498
ID_A83503F6C1,0.996900546155969
ID_58F2E77C6A,0.002
ID_451EDFB03B,0.9822166718950178
ID_DBA02A495B,0.4221234604237858
ID_2D00ACAE93,0.07996109400470072
ID_0BB87E2E53,0.002
ID_7E780A6190,0.0029269967268573636
ID_F890D8AE73,0.02374032766447079
ID_DA6A923139,0.7808090058277631
ID_6797DF9027,0.03385954983622532
ID_44511C7E96,0.02159626264578003
ID_689C89CC63,0.002
ID_9154A9E8F2,0.013190159503592305
ID_AD19B5DBD7,0.041703292601104384
ID_4830E909EE,0.2925181182870987
ID_697C683A8D,0.03525913054740087
ID_37F9AC099F,0.014172877442096986
ID_0AE2E65555,0.8901788670704498
ID_ABEAFF32E4,0.0065762845558536565
ID_2D5215E823,0.06422940720868744
ID_A22F29AB03,0.010543745256121742
ID_C40CCD02E8,0.4874545508678754
ID_CFEDBED1C0,0.002
ID_2DB43B56FB,0.6187623599621129
ID_C478AE4601,0.004778410032481229
ID_0F39BE99D4,0.3573361518624736
ID_0A6059A6D8,0.007764438685079654
ID_A46F92D077,0.007002758746604862
ID_F600B0469F,0.11153234886397195
ID_AD1885FB7D,0.0854080668294489
ID_93CFB47BC8,0.0037974782270558654
ID_2639B981DF,0.07724447758302878
ID_BABFBDA923,0.31240972869166656
ID_60F2DA70C4,0.26112918740013735
ID_D661DEDFEB,0.002
ID_EEF7CA0216,0.021232227968155094
ID_E09762C54E,0.007528183678327389
ID_7140B719FE,0.002699413361482934
ID_A705C9CBC6,0.23895246589595223
ID_4E8E041A75,0.6500716400076618
ID_4F1213CB4D,0.027105528304441684
ID_8377455659,0.23204610574475756
ID_A6E22248FE,0.002
ID_30B5DA6D0D,0.36464958910302564
ID_877C7CB7D2,0.07112956164651846
ID_DCD0EA0C89,0.009532101862812671
ID_30317850EF,0.7441070461195954
ID_9844FC0F73,0.06662368705579859
ID_A3F852CA6D,0.3102163874584629
ID_E8A2C085DB,0.09215711351898509
ID_D54F42AC1D,0.45953572075190313
ID_0D6C09FAED,0.019459212335564663
ID_D912328EC9,0.40387309088697815
ID_BD6DF74C64,0.05189647633229606
ID_CC4DA080D9,0.14489502533054122
ID_E6BB51FDDF,0.0725452827855872
ID_7ECD8C18DD,0.8204922896272993
ID_369D9C7FAA,0.002
ID_F4E47A61B9,0.030167485979068397
ID_C1754C25ED,0.006604131518369828
ID_938AEBC31A,0.006010771138406138
ID_E4C1E11B6C,0.02264428402439309
ID_E617DB3DAD,0.16364509588662304
ID_DDDB59F9F4,0.018392886347841208
ID_88795FBA69,0.027855412287238673
ID_336F1578BD,0.02569590994698433
ID_D8421FEFAA,0.04729489105554259
ID_65F5BFCDB9,0.006975930145365331
ID_BE659F429E,0.7649380424050166
ID_C424CA9EBB,0.9898800141417345
ID_01BDDCE3F4,0.15893251931664448
ID_4025E777B3,0.012529920628243802
ID_F473461A61,0.006263866150902582
ID_20ED3DD5B1,0.04949904816465463
ID_94F70D91D3,0.022100340912379467
ID_8ECE0046A6,0.002
ID_3102EF0FDE,0.06165183105268683
ID_FE0AC2411E,0.005219930588247887
ID_426E3D89AF,0.0371833943302742
ID_7A259F0FD9,0.04865610966359938
ID_CE7B875321,0.019554785405528973
ID_6A5E29BE1C,0.21970632752017066
ID_8AA24DC59F,0.01231088962781743
ID_2E5BB0106A,0.002
ID_2225045983,0.221021695068085
ID_5AC614E076,0.04322347130423015
ID_2BB87C1B41,0.0026031212356939755
ID_442E53978A,0.09220246262960112
ID_710C1E1574,0.925139112413581
ID_2C847619F0,0.002335646872945204
ID_FEB9E1C149,0.005524843271506142
ID_89CB76329D,0.7616768024306316
ID_460BB3A552,0.2235799555657905
ID_7AD5472445,0.07196263582912531
ID_B79DA8DB82,0.06638576339308579
ID_9CF92D316E,0.5129606523542779
ID_40A4A36EBD,0.02332777413240907
ID_F26FAFAF14,0.09572560211298148
ID_4A1FCFA1DC,0.06427232336262798
ID_737FFA02BE,0.36150632738538585
ID_D1EC7F0814,0.01230152317470718
ID_AEA2391746,0.0022889247679543133
ID_F9F80CB579,0.07030708496141246
ID_603C7F5560,0.0688823158579902
ID_6DD55608A0,0.002
ID_80D50ECE1C,0.02263193634487265
ID_D696B7E738,0.002
ID_4C49988E72,0.011306705953284635
ID_A124B87878,0.002
ID_4DFEA733E1,0.009111444555590755
ID_A6748C82EB,0.002
ID_C575DD370E,0.05168480971231927
ID_6A394D1BE3,0.9851244139246897
ID_613A8D0C42,0.04523227403699692
ID_FF53C3E90C,0.17910443146311603
ID_9C66B53333,0.9949553783209264
ID_AB2155157B,0.6523795619655979
ID_9E0C0E944B,0.025276649318717103
ID_3BE42BF0A4,0.06386835630463111
ID_45AD1E340D,0.006142939647814409
ID_7CA896FC29,0.08926142789376813
ID_435E2C9ED3,0.17811973364641634
ID_DE8A92953E,0.006702685224510738
ID_CC8F98CF49,0.06183108546545983
ID_D390B40654,0.019958076257340078
ID_E0EC37396A,0.19463708108463793
ID_9F238949ED,0.28801469659011897
ID_015AB60569,0.5281282633805308
ID_B668AA0F22,0.002
ID_E2B1D8ABB9,0.002
ID_D0B9AE65E4,0.012208876656980328
ID_321974CA3A,0.002
ID_D5C8509A13,0.059957579785769835
ID_8510550671,0.04062214580473881
ID_A477C6A54D,0.28910915629805656
ID_C17BD82431,0.018658945243240986
ID_22B79AEF73,0.046599726971483554
ID_9FA5EE285E,0.6488192915927383
ID_BFA795EAB6,0.0464830448166737
ID_2049D31556,0.007122435734681809
ID_883796F19E,0.9923300972817374
ID_644D98B3D6,0.046836078940560466
ID_5FD0E90F3A,0.22495523402684892
ID_5AE14ABFEA,0.026091912307896807
ID_5BDE16B843,0.00625689063431529
ID_F997E6F63C,0.9918660616727822
ID_6395E53B95,0.014351786222259827
ID_D80AE77FB3,0.0257412366767046
ID_C29E439C7B,0.006577523878237072
ID_8A31ADBCF0,0.9316399872741196
ID_D06C319909,0.005640868402776471
ID_2F16305E00,0.1695597931612918
ID_2EC12A3811,0.056447733889412044
ID_187FA7529D,0.06952492171697867
ID_DC2088C0AB,0.002
ID_705AD3B4A2,0.012847126515805878
ID_9257F6A057,0.012377266291978353
ID_9CD8872C8B,0.04715058986297004
ID_AFC5B6EDE8,0.3983579597061626
ID_12A70AF8E9,0.006748507249554869
ID_07AF7C2E48,0.002
ID_554EAEC801,0.1916693180495814
ID_3A7A7A7472,0.0027617308989901232
ID_EC3BA7EBC5,0.021998006617826707
ID_45682E3EAD,0.2852832007335464
ID_4FC90068C2,0.043980439483599094
ID_D54CAF83AC,0.017982907587474978
ID_5A352A90DA,0.0023801585644564775
ID_946819BE58,0.002
ID_C7F80B766C,0.006522256473266975
ID_8B6424D211,0.011971595575501348
ID_16ECDA34E1,0.027679115640975208
ID_F1F8044D2A,0.049296321349739
ID_246A96428E,0.21425674818532983
ID_960D2A5528,0.02844715710300088
ID_4EA6D0D538,0.002
ID_04FFECAE96,0.061023297086691644
ID_A3523EA5B9,0.0025958022039491327
ID_2C7A5ED458,0.014150650612653548
ID_F0ED0945C2,0.14451507114340653
ID_203AA09A18,0.017854425857351267
ID_4AD48BCE8F,0.002
ID_B57BE15036,0.010469718818710104
ID_83A573E4FB,0.002
ID_5E46D738CC,0.0039017015665764147
ID_DFD6BB8B5D,0.4973953934507553
ID_97582DECE4,0.006830023326752813
ID_A268867C0B,0.061566288781251186
ID_2816D7B649,0.023256297589122978
ID_7F2874AB62,0.2940689822088949
ID_AF54282027,0.3789773491578726
ID_DBD03E5A3E,0.021321370359430335
ID_02042598F1,0.23207463915562565
ID_0C019D966D,0.18922710327030673
ID_1954D57749,0.3232906957025069
ID_CCA4CB0150,0.046792924333217974
ID_3F47085C1E,0.09145208092612911
ID_82A895880D,0.02671659106084942
ID_03D13B2D16,0.010919508541041218
ID_EC110C9328,0.006155350932337574
ID_8C7CADA30B,0.2869921513471738
ID_0993E10698,0.013356632587401426
ID_92C89534C4,0.3330823870561953
ID_C5DCEB0C88,0.2487337914566875
ID_BA964F268B,0.07187182672013082
ID_2BD151D42C,0.08486220043858403
ID_57BAB273A0,0.002
ID_BFD1C808FF,0.5854693113364069
ID_128AD2D7A6,0.006956489118538593
ID_CF7CF9C69F,0.8420996175933354
ID_275D17A8B4,0.016112997655316534
ID_9ADF7A1743,0.22556021928866815
ID_32ED86714F,0.11336314893177059
ID_F9B71A06D2,0.045385030745905566
ID_2EA4D6D31E,0.05300773331376142
ID_2CABDEB656,0.24193610056212111
ID_FBD2FEEA7F,0.2810024853885927
ID_29B505CC9C,0.11325888472383551
ID_C104F7DAD9,0.003278183152772708
ID_35D8EC3582,0.015775556575133732
ID_0CF267BB64,0.13352531907414938
ID_4DFAF896BF,0.1463036352496325
ID_A5DA8991E1,0.0307905504693834
ID_5E9242D266,0.02582837617391579
ID_870DD269EB,0.002168299510689588
ID_B6D805C4D4,0.012601338632491884
ID_4E57A4C27A,0.022959249739046277
ID_50952E2A3E,0.6259598568139266
ID_89B31CC1ED,0.24529856581409626
ID_3D25D40380,0.0063174749819692394
ID_351AB5FBEA,0.3324877232867072
ID_DD42E89AB5,0.019755396706855513
ID_169CF319D4,0.17380801479509564
ID_95984FA367,0.004050477141884488
ID_AEB1313D4F,0.014575488060762132
ID_CA3949EF3C,0.10343928164058394
ID_FABB3275D7,0.027560980868645262
ID_60A15C5D06,0.020993409471056733
ID_DA03466A76,0.02106682167792086
ID_3EB99AB2F0,0.002
ID_A81B452AEC,0.5312572682970982
ID_D13B00794E,0.10807199797210179
ID_E631A83B84,0.8573690190203432
ID_D47D36252F,0.006878941023447131
ID_1B9BFD5DD2,0.06755259686877374
ID_9EBC4426F1,0.17369036661486684
ID_6445BD3787,0.021360111780006377
ID_76A97BC0F7,0.024849422521215664
ID_B95B5C32C3,0.013626509486186746
ID_AD5F9BE118,0.047134482097091666
ID_A77C8DAE20,0.11038120004418674
ID_AF3E8800E1,0.0036729794312136054
ID_B22AE95002,0.002
ID_2CFDE90A63,0.01225719023299515
ID_CC6600FFCE,0.049854899041151125
ID_C93580CD70,0.015811651689228993
ID_F2EF986F0F,0.005642038818238545
ID_3EDE98E675,0.22852619100264543
ID_BEA7C34D74,0.9883797261899224
ID_E7810A3B5A,0.022263262844816903
ID_01B83B7F0C,0.002
ID_6FF75C6AF0,0.10195099202863422
ID_685CDB76D8,0.027536450844842256
ID_C85CABB671,0.022405361471290623
ID_1FE5296456,0.00490294185456157
ID_BB4CFA01F7,0.69592341408539
ID_1E8FE7F5C0,0.1527258076273374
ID_2442E6A065,0.014010078602119024
ID_F180BBD57A,0.23427765372127696
ID_B006E87D04,0.002
ID_D9F67900FD,0.0071555683428886204
ID_F5F430EA76,0.002
ID_471D37FFEC,0.009841431944496321
ID_33EFC36E67,0.046610505514972395
ID_C2E436A807,0.1419028525724967
ID_475CA1E752,0.006988304283462284
ID_4DFF77AEB8,0.013296688784696403
ID_C2C1720C4A,0.023655104853871487
ID_76A3045A18,0.05971775826450891
ID_5DD4584706,0.0064961184139196
ID_FDE1F0AA6F,0.02527278352017831
ID_D248BABE55,0.7717091254623295
ID_F1A5CF4FC5,0.004704059791942868
ID_1436E8F346,0.026408394582063042
ID_80F6625D9A,0.002
ID_592CE8A276,0.06402676910711885
ID_E36B4C8D52,0.01159779837308051
ID_0BC352C97C,0.014723846102701074
ID_8E299576CA,0.2020341144111831
ID_36C2FD984E,0.053700361244607794
ID_5B0D7911E8,0.05837556438172582
ID_494AC721F0,0.9962396957276389
ID_72B62F7DCC,0.018604632355349655
ID_90903A05C5,0.6950144196869978
ID_52CC12E013,0.002
ID_26FB7A5805,0.002
ID_06BBAEDB70,0.06698763055839288
ID_416097CC7B,0.0653820973743863
ID_6AEAD9620D,0.010828268930192831
ID_DFABC4BD6D,0.014646119308903315
ID_D36E525F6E,0.025654049089220223
ID_D3FC3CBD9D,0.02090259390602127
ID_1A9BADE155,0.1450901471591152
ID_840B0D65A7,0.03170216265349328
ID_D1E15774A7,0.002
ID_5243782256,0.5187285154453408
ID_190870FC76,0.15538996145000902
ID_C44B2C83DD,0.005539140955555723
ID_4D758FA19F,0.010422860931800648
ID_A260FF7F62,0.3846935528173039
ID_EF5B2BBDD4,0.0023793474238711504
ID_E78FB5BF49,0.014227027027029281
ID_C106ED2B35,0.0064028662817937594
ID_7347F9C659,0.019175614984572622
ID_9D95C6792F,0.09410811048010763
ID_D46AC6D1B3,0.002
ID_6034F2E749,0.002
ID_6BC3CE0EFC,0.002
ID_5FFAA12610,0.002579135440586741
ID_19054728B8,0.07132207605432836
ID_292745CBCF,0.25168471121172314
ID_C2036FD5BF,0.371693349649849
ID_1B3DE326F1,0.02487877862814409
ID_2B05816D1E,0.01784085733319253
ID_519F87DE18,0.40316008835916756
ID_E373BFBAF8,0.002
ID_EFFECB2C1E,0.020332008855614654
ID_B4C5B6B95F,0.022962672377780272
ID_139D903E44,0.2518352937257434
ID_801F83146D,0.01483958204313787
ID_B6612165BD,0.002
ID_91D0786809,0.40180566449393496
ID_41CC2E158D,0.024311739987335056
ID_3F3A5BCDF5,0.006367401791585135
ID_037253FD6C,0.02149863306927368
ID_1A36DDE1B4,0.06922593086763164
ID_851FDCF700,0.22826555936419207
ID_8AC5C9A269,0.0042809079914283305
ID_96F3F1E009,0.004930002320210127
ID_EFC329A1F6,0.016105760797212702
ID_01E9684F87,0.36762618650765677
ID_896CA66356,0.07651614352177595
ID_D3E8FCF947,0.9970639496915626
ID_E72ECAF6CF,0.022045110964296073
ID_E4BB541356,0.002
ID_8528FE1E3D,0.26931717735520966
ID_607F3DEEB0,0.007340067100132938
ID_6C27550271,0.0197044196373293
ID_015FE907B2,0.05224120736621417
ID_ECFCB6F246,0.26474770396637604
ID_C70DEBB309,0.0070024141907970355
ID_521844ABB8,0.04704680843536426
ID_E5ADC71F41,0.024021196798357403
ID_0724596C45,0.010995581628316988
ID_39C403EBA1,0.6694835094355519
ID_DC18E02A95,0.08758299972043646
ID_72ED3444DF,0.9947632007112263
ID_EE697DF5ED,0.009486523419562944
ID_4BA6861E3E,0.46366892777571517
ID_030D983A6D,0.7244745219569165
ID_983A2056CC,0.18452905161792896
ID_B31D289228,0.46572946518602726
ID_17A5B199D9,0.005213467780622342
ID_F978EE859A,0.7759706423295182
ID_0D6E14B384,0.3457739830401118
ID_4FAFBDC195,0.002541724021137639
ID_C8A886008C,0.17159912722194237
ID_3E026166C6,0.051003207209468375
ID_D00D31C2C7,0.005266847470227138
ID_F025EE42D6,0.0118619192565081
ID_CFA3A6FA3C,0.02112314395430798
ID_1219F67D65,0.002
ID_8732A8D426,0.2170828581598126
ID_EA6E53398C,0.023428623684650665
ID_3B44783235,0.1283790831734661
ID_C72F61E8A1,0.09662250013177474
ID_9F30CE9398,0.21545352635464937
ID_044D8D0285,0.0061767184437369746
ID_443E6F6A1A,0.002
ID_EBA388F4C9,0.002002632943001364
ID_3001571A56,0.22595747788137183
ID_BEF369E41A,0.049295823826738666
ID_1E8078CF6D,0.9852328540415629
ID_938CF1E461,0.042375046017468346
ID_186524F24F,0.13054913192837023
ID_70E68E415B,0.0027312955056316636
ID_AD5C4E4755,0.05915248693873552
ID_DA3C9F3081,0.11597940057452946
ID_66C900D09B,0.7592781342823067
ID_C194AF0176,0.019469648279930706
ID_1E5DBBD858,0.02030178321760182
ID_EFD65EDCDE,0.2120397278790324
ID_02C9628067,0.006033986372767019
ID_3532D3AF9D,0.046410127866830644
ID_263031C900,0.01964270623148087
ID_67457DBBA2,0.011092374981472381
ID_C493992777,0.002
ID_1B6D209114,0.03280477506738908
ID_02C4408611,0.006166332851651798
ID_2B88871BA9,0.1621228544584823
ID_C547EFB8B2,0.7873807165301326
ID_0D47C03AEB,0.14585246706660912
ID_A0B1670CA2,0.7675310181172504
ID_8122A8AA57,0.06086752741251496
ID_E031E30503,0.002
ID_E166401C96,0.022215590526737473
ID_EE77E0CF04,0.025812386324752665
ID_54DA60982E,0.09660445387708859
ID_6F8051D135,0.7087084523007879
ID_2E18ACA252,0.011760560630991857
ID_6367BA59B4,0.01976679179372953
ID_7517A712D7,0.00668799933720117
ID_7563832869,0.14968890136641513
ID_FBDC459519,0.12409228742444377
ID_9C71C9A8ED,0.026979614464768643
ID_3DA8911A80,0.005882877940398568
ID_30B29F3C85,0.02221935417993667
ID_0ED25B9195,0.20529810022876624
ID_96DB5B4A88,0.21456566993283388
ID_6A4F4D4EC2,0.00787226915469679
ID_A8A48DF078,0.04975571391554738
ID_BCDE5553D8,0.0673393076485838
ID_B3BE5D914A,0.9034231055515973
ID_DE49646E66,0.004024390016799719
ID_2D9E3D8203,0.05175738918743645
ID_F5CA6AF1B4,0.005076774788429966
ID_07CCC12238,0.07750828683402998
ID_1017BEF54E,0.6270228554111598
ID_B2F07FAAED,0.002
ID_2C8D7B6E0C,0.017518850774860487
ID_7880914013,0.3690386956575638
ID_6B32606632,0.20865661695117166
ID_0F896DC57D,0.01105604368114186
ID_CB4A61FB43,0.0684641897935089
ID_E19AFAA93B,0.015628717481328196
ID_5656584439,0.002
ID_7EC9A8BA24,0.003462269050393841
ID_21FC49D761,0.2719143533433467
ID_8C59A41F1C,0.0068603298406338855
ID_4ED7E57698,0.006474676400035609
ID_D01F96DD01,0.029520649268352163
ID_9ED7664F9E,0.002069463488241643
ID_7A77C547C6,0.05039761629010736
ID_146F0F53E1,0.038436749504222704
ID_4B3333714D,0.01294775690134739
ID_4BEFBB7143,0.015164919040327275
ID_F9F4BD96AE,0.4429589049061034
ID_C9AB6FB4F4,0.6059073037417829
ID_7DFA24019C,0.11892364033478041
ID_92F6803B51,0.1448482051694148
ID_FCC6F9EF2B,0.1857536095008144
ID_4453961045,0.16280593612529304
ID_B685719298,0.07246119631955862
ID_A6505D4AF8,0.47467173301277044
ID_FB736598BB,0.021395016916754436
ID_EB8080EAB9,0.15521436943357902
ID_DFC7611251,0.29127179684171617
ID_66FE8A30A5,0.6980231921272857
ID_5E004DFE84,0.027191200744444335
ID_C0AC19E45D,0.014753241195857315
ID_DDE3194F89,0.5824906640026847
ID_86D0720A85,0.1475601999307637
ID_3807EBACBF,0.007818848232111649
ID_4B0B50BEB2,0.1250228505659044
ID_8A383B6CC0,0.0037656995040552203
ID_0B3D98E397,0.23090111684925707
ID_821E90A113,0.01433698928393963
ID_41AE86727C,0.3754794698812342
ID_4929A5F6CD,0.02491108830552679
ID_520C41F8AA,0.08256479980726895
ID_B2985A68BA,0.030207963974990756
ID_DB85F4A2FB,0.6889815468113476
ID_F75BC03C5E,0.883970274000269
ID_7AE94A7F30,0.012309092662207767
ID_1D3A79AB72,0.04416217335519274
ID_303566F27A,0.006720204536696111
ID_C37D980D71,0.02219024433186979
ID_0729380D26,0.050007666430292357
ID_8ED95DE4FB,0.002
ID_83BB7502FF,0.10672779646269819
ID_9FE2EC7A6D,0.09652042377177471
ID_406F5FF935,0.0269570822105188
ID_D5269A958E,0.012671737110157644
ID_472EB86517,0.7197731461721929
ID_0744EDD6F1,0.007070871998229435
ID_B2496C2D3F,0.5961571653485589
ID_B9732064EF,0.6947434720014055
ID_261A7C9F9C,0.6693425168156962
ID_BC524A2526,0.007328184308873568
ID_0363D73A51,0.49135826123409965
ID_DD8C89048B,0.6555974706570442
ID_CC41BE2505,0.20331302581425703
ID_87F4F444C8,0.006918500307590611
ID_17EA9EB1C4,0.7345468955467294
ID_B9EEF7D05A,0.007430729938394476
ID_786A7CC845,0.16088371382324151
ID_2012C6AED7,0.011906221157105051
ID_7D78FB0BF2,0.07660532322544812
ID_7F51094E0B,0.1793921822101141
ID_82F676E8FC,0.01610555267792948
ID_C2F4EB236B,0.002658558251330733
ID_466F17BD67,0.002
ID_527D3B3E3F,0.0763485693858198
ID_B724F803E9,0.12159883505450078
ID_CBF8EAB1D2,0.021792137855126115
ID_132F5BFE0A,0.9640421790734988
ID_D4C17834B8,0.010397574557468446
ID_524631D679,0.012496925285929324
ID_348CBE8E90,0.002
ID_AE7D0C5CC4,0.002
ID_5DA7BFFAAD,0.002
ID_C34B729E96,0.629602233363319
ID_3EDCF151AB,0.1303838940527453
ID_E12DE58A94,0.009631763621120525
ID_F89CEFB118,0.015350034214660795
ID_EF0A98871D,0.08319689111780423
ID_964B143F5B,0.002
ID_6C5894ADD8,0.38880653709716123
ID_1725498F98,0.1998098817311935
ID_E33B8D6B28,0.002831062563895379
ID_978F397510,0.04046701829710934
ID_8834D967B8,0.6682058719605157
ID_2E2DAB7967,0.002
ID_4A607D0B1A,0.0991184973745395
ID_D853417DA3,0.21244136314292578
ID_ADE1385046,0.1389467271370657
ID_69F92C6CFB,0.16668400315853962
ID_CF73C2B1B3,0.003510301158955162
ID_139DB73FEE,0.007648151009155716
ID_D20A39FF8F,0.08762702699211058
ID_471047F89D,0.12569284910867812
ID_A41324F6BB,0.020421068985578866
ID_C9645D5CFD,0.06169458205983158
ID_7DA9FBFD7C,0.01568040408387567
ID_08509A407C,0.2531598607990814
ID_3C3DC04537,0.028810887872679124
ID_737E482AB6,0.01401895613691763
ID_6CEA897AE6,0.9339729788701542
ID_7CEF7E5612,0.018238758529855303
ID_28E6165E53,0.007406355712295399
ID_74F6B6F3ED,0.6797151924290876
ID_EF06BFA053,0.991403561058171
ID_6C13D0741A,0.017082466222081885
ID_E588A741F1,0.0033344437290682956
ID_E2D8B2D02B,0.047144109318141024
ID_55184D6220,0.04277758932946364
ID_D50FB95FCD,0.007712121609581937
ID_497FD68F1F,0.07423994383862106
ID_EB89C7C8EA,0.09063616284704815
ID_0CC2389AAE,0.3933314170440947
ID_D4C96CD658,0.027136168213012662
ID_48E416B06A,0.0020315311562915696
ID_B07EB64405,0.002012144715901509
ID_7843BFCD9D,0.01950429063797927
ID_2790E05BCD,0.00375989430348363
ID_513AAC3721,0.013556494555533802
ID_B59477A0E3,0.0020600011799234617
ID_E963162FD4,0.06728252122653364
ID_30158C1130,0.00499743514225329
ID_9B14C22798,0.02097790634787374
ID_AA74580B86,0.4331675825451983
ID_3FA4DADC89,0.007834298582199114
ID_AC6FE57D1C,0.3323193720473998
ID_07CD74A9DA,0.08269427642398684
ID_F6F41B9619,0.057990150509747186
ID_D320F7FE48,0.414097701425706
ID_8CC52A8EBC,0.05163914931520822
ID_5B7A35B638,0.7850998125148207
ID_F699AFE129,0.042799510351166345
ID_9CEE94DF57,0.13025364500264816
ID_5217CBA36B,0.15543103088264146
ID_3E2181972F,0.02598370705582212
ID_963CF4F13F,0.08686880291227371
ID_36B8A66EAC,0.0120721695237167
ID_000EABD923,0.0479116615080785
ID_6BE3D08F89,0.436729510821435
ID_377E840FA8,0.011034004875967587
ID_C766FC92A2,0.002
ID_62774F291F,0.06482618601955828
ID_8ED999CC22,0.9973671804693929
ID_1C49EEFE3F,0.08571421607892814
ID_96B5B0E427,0.012390195916232683
ID_868F8FDB05,0.002
ID_3BF824D325,0.22351891210349412
ID_49D1C4BFFB,0.013612862982284082
ID_355B88711F,0.04054831649423933
ID_410D8529C7,0.312787382782735
ID_173A9B27FE,0.006680954791477232
ID_BE09976B8A,0.005581882970534423
ID_E1A68F9425,0.4709743878305046
ID_95B1BF5E75,0.00623041157377402
ID_B919EDFFFC,0.5132163512389373
ID_1FA2F90D6C,0.20546675154867933
ID_759D92533E,0.9918711809988618
ID_AC6BF90DC1,0.014719176133026044
ID_3DB1F42346,0.5664617900777552
ID_F1F7116234,0.40984936507158354
ID_556A09CB4B,0.4135545539278279
ID_496A5A8715,0.02212973962153084
ID_E5939EB7D0,0.002
ID_81700ABBA4,0.29935448147500393
ID_D81B4AEBDA,0.1206353101702283
ID_E8E7602038,0.0028301930603402883
ID_DF309ADBB7,0.02181878892434783
ID_68DCB7FAF6,0.028943504237118126
ID_3DD5CC660A,0.2467491663922041
ID_6E8BE985D3,0.22233342295078268
ID_674FA96A8F,0.002
ID_87C5D87DAD,0.004844334956908281
ID_5D82145325,0.04214949242852565
ID_092EBD285B,0.0025612792238416554
ID_F58B7C9ACC,0.0062991368478608435
ID_FDEED20355,0.01050740601208508
ID_A7D611CA44,0.0233860021998851
ID_046860AA9C,0.3556442117832499
ID_83489A252B,0.006488915694535228
ID_530589B01F,0.2590696191616675
ID_C8B5797FC1,0.013018282337993573
ID_95C2C6C897,0.08930907887882891
ID_3C2CA31D1A,0.024527989626152286
ID_608CC60167,0.002
ID_2549FA445D,0.002
ID_3948C6AC8C,0.002
ID_7051DA1F23,0.01383041737808151
ID_764EFB61A4,0.5394857797138636
ID_B447641385,0.002
ID_4C245EDEA6,0.002
ID_D2F3BDB8D0,0.03106208911004831
ID_DDFC632DA6,0.029344032736725447
ID_C322781F40,0.04063445055853586
ID_26A2FB1C4B,0.030661472113227575
ID_B1644600BC,0.010887224574938943
ID_4DB9FF0852,0.04887396065725485
ID_15E41B17C8,0.019159094414509557
ID_D647B9B422,0.22615781365909265
ID_6C3A859B05,0.9724184946094504
ID_7B20017E4D,0.09560573594852963
ID_C30A083C32,0.0024794630894101927
ID_623C61E56A,0.02798695250080919
ID_BDADB8AEAD,0.11820342843819255
ID_20F2D827A5,0.23138020464148748
ID_A9528C9F8E,0.05473600319947294
ID_D1565461F8,0.02366017949525828
ID_75C6AE2D42,0.007886363277109303
ID_1913EB3A1B,0.0617159274064167
ID_EF9987B287,0.012894996194243922
ID_9EC2631F14,0.14440036141067153
ID_E26D26CB96,0.024041729031443897
ID_04BD561829,0.006331908258772271
ID_84015072A5,0.2310037268462264
ID_AB89B6499D,0.015572119159323775
ID_A6112223A2,0.09941337974582515
ID_9E355DB00B,0.004802621160689724
ID_ED1B4D9EDA,0.002
ID_567A195473,0.060661511746257286
ID_9908C806F9,0.04566523731699603
ID_319D5F37F4,0.047491653380840805
ID_94B9E48EF1,0.275799883497505
ID_B16A50F9A2,0.9196820427516791
ID_6E4A5B026A,0.012124679951687303
ID_60FB619E85,0.025432617943479237
ID_63AD7AFBD7,0.4052224227957239
ID_35E37EC1FB,0.08619729352657075
ID_11695D5B83,0.16443189264352143
ID_922526AF9C,0.020273839835342075
ID_BB783767C5,0.017865817103379558
ID_E9035B5ED5,0.002
ID_42389C6AAB,0.002
ID_84E448AD84,0.0033046661606442158
ID_03C4DFAD6C,0.019484270113793348
ID_41321A8A9D,0.015515923955930076
ID_F358410704,0.016556508574364703
ID_74006B98FF,0.49282488888227316
ID_849DA3128D,0.019373263219041616
ID_6A7B1E052C,0.0045268498599595475
ID_FC84BEB913,0.2120962884222217
ID_AA6CC135E4,0.005847352598737793
ID_EBDBECFD53,0.1268384400772963
ID_E23D15108E,0.045174388207312226
ID_8DB9F0CE05,0.5409417009157493
ID_D5DE0F7B88,0.30178617093585414
ID_4A44539026,0.008318244062632006
ID_BB681E9995,0.12011968457972028
ID_EDBECF01D8,0.04409090214825901
ID_60B092D1BB,0.002656271875674013
ID_E3E0186886,0.05376267068182846
ID_78C2042EA5,0.3108647996263554
ID_F84DAF6592,0.40585557849214043
ID_BC81D9E3B0,0.016789439071607272
ID_E14C4B2FF3,0.0617972482198039
ID_FE2CFED5E5,0.002
ID_5AF6B5A88B,0.008341098227571828
ID_EB45BDFCBE,0.4478737274250549
ID_E8C9ABF19A,0.01248329403908359
ID_CBED1C50E2,0.03635877503685287
ID_B1B960AC1F,0.07327342810569161
ID_F40D41C3B7,0.011711841040756649
ID_617422528E,0.2944079271881946
ID_2421D2214E,0.013182730782508577
ID_D49FF6B7DD,0.0523755952441592
ID_1DAD838FA0,0.2554243271605502
ID_31E010651F,0.004764660457999032
ID_2C127E638F,0.002
ID_BF3981993F,0.01140682140785152
ID_4EB763AF8C,0.002703001513432911
ID_945450FF77,0.30209186103210084
ID_398A724DC7,0.03453804415966234
ID_F041EF2CA9,0.6316088025852112
ID_181BE8CFFB,0.013535059718159532
ID_5865CFCA2A,0.0028073502929861433
ID_1F3E178702,0.2986972336948192
ID_689113C271,0.010200817178243567
ID_A306849030,0.2104628251899917
ID_37963D53F7,0.0378481141898931
ID_F45D3468EA,0.006798630504809206
ID_B6E355DCD5,0.31847051371762386
ID_8AB3C6A2C6,0.9727835774499594
ID_0933AA500E,0.011979201941123861
ID_6808C17029,0.29119873507356553
ID_80F8E6BA07,0.005062295456245883
ID_1B234DDCAF,0.12373146061623014
ID_AF90A7990A,0.07862907906214227
ID_38837E3756,0.06826480471680398
ID_92F026D458,0.007668214544602808
ID_7B8145C01B,0.002
ID_53DC897D99,0.003395955911788827
ID_C0DA8CC78D,0.32663424515837064
ID_F71A5E3D8A,0.015106881923581986
ID_4080A74B9C,0.1268200411197165
ID_6E57A791EC,0.04950589503036
ID_768F6CBCA7,0.003703812129336726
ID_C9167B7D8D,0.002
ID_152A7B24A9,0.7983771245705737
ID_5F40FB96DC,0.021832389967076225
ID_BB2F5E7956,0.008102940919598381
ID_956B927E9E,0.010509922336993098
ID_422482FDEE,0.014821968070511522
ID_B4A5A37908,0.06859286055453168
ID_6B9B623D56,0.06128906622014942
ID_4F1B4C5454,0.09271556886356508
ID_AC0A66C230,0.03211096535707459
ID_62ABCCE775,0.04039822735226464
ID_7DDCF236A1,0.003922672895265631
ID_AFF2EE48BE,0.9857365572350787
ID_4BE32CCA01,0.016992941380001153
ID_4F21587ACA,0.9786630258111704
ID_E753A427F9,0.16731560348302063
ID_51D9380A05,0.3149253129832888
ID_40CB4AE552,0.09791900810166768
ID_75515748D8,0.006691868518950231
ID_C004C6B6C4,0.03220326131113928
ID_C4F82BDC1B,0.02680456475154061
ID_3A2FFC5CC4,0.014495443215167415
ID_3397270980,0.4764336416042166
ID_F2B4D273F3,0.051988409179320225
ID_7382A10F82,0.038043991481072514
ID_A514887548,0.002
ID_4B2CCF3FC9,0.19985548856794533
ID_D5C4E9CA0E,0.043872918966844414
ID_E8F2AB0625,0.8788368233496495
ID_6918897F5F,0.01676440631464147
ID_60857C6482,0.002
ID_3F3B6514D5,0.0163743333685106
ID_3BA7B52BFD,0.022158663715517325
ID_9774FA3D81,0.05655288974188059
ID_325794A3B1,0.007722362454383007
ID_BF56BAD83A,0.5100943357495107
ID_6FFD7F6DA2,0.016643378268291743
ID_68C33E358C,0.002
ID_AD48EE524D,0.002
ID_708C3D766B,0.2692688335091785
ID_E70B1CC2C3,0.1713607841342769
ID_66633EF573,0.039202465150206776
ID_22B236056B,0.010830095396882745
ID_DB285C4D9B,0.002
ID_000509FD5C,0.006612247356614118
ID_DF39BF49C8,0.15828694691164316
ID_1B8935B39D,0.992097831470454
ID_37624C02E7,0.012929013989782837
ID_8471BBF4DD,0.39246897625349053
ID_36BA028459,0.006160778771662177
ID_FD26B8A4F4,0.10146348880480752
ID_E909057319,0.8914002247568272
ID_D1B4BACA0F,0.005194290814615515
ID_858A6365CA,0.04372988019119666
ID_5F31805B72,0.022026674699113218
ID_9E43348C6F,0.002
ID_381901A808,0.006858468937091743
ID_7C35A75071,0.01601213137877686
ID_B8AFFFF0D6,0.9458238247945897
ID_92F0A1561F,0.03380988696344028
ID_E1780F2C37,0.8179116265313247
ID_98FD127E8F,0.12153073626718879
ID_98EDDC4E44,0.059873133850474644
ID_5F6286D635,0.14182003819998137
ID_79577F85B3,0.023577004162242753
ID_EAB9BAA07F,0.9477023374059623
ID_7D137A21D1,0.6245326814060067
ID_AA4A664BA9,0.07157711810825176
ID_C941CBDD27,0.056790553479090615
ID_DB582B7449,0.09250709520319488
ID_8AD4F2B05B,0.9774602674047594
ID_A0331D75BE,0.04248979634189905
ID_AA57FCC5EF,0.13175091859100463
ID_27990C61CA,0.48067896996319964
ID_0E25ABCD60,0.0028840163761526777
ID_DD269CE9C7,0.020201246629417302
ID_58DB8D628F,0.0038728854128942934
ID_66BC8DFF19,0.06338901768980759
ID_05229F3EEA,0.8311620291174306
ID_1E3010E775,0.04391501202987572
ID_B50E244748,0.020892688229056298
ID_07892E38C3,0.0022821980899105287
ID_33D7BCD3F8,0.08498945808742443
ID_90C4471F05,0.00763573031799532
ID_693CD2F7A0,0.024335244133347724
ID_61F19B20A1,0.09585140374278771
ID_B1DBB0822D,0.004239846744947274
ID_003E4EAD0B,0.002
ID_3CB755397F,0.022125817175316812
ID_EBBD3E75C4,0.019101330628007843
ID_CE7E6B63C3,0.10305628087797461
ID_94E7F27B36,0.04362529627319834
ID_0725009286,0.006796542234834923
ID_C4EC6B250F,0.9974526981692216
ID_3443003D14,0.06195873819631259
ID_16E0FEC942,0.11477015693421137
ID_AF6BA50974,0.09939176238018048
ID_32EFD2A8F9,0.10730448220629751
ID_041517C46D,0.012439292989943056
ID_358900909E,0.012986741641506115
ID_5666B01D69,0.1406332712789273
ID_C8A2FD66EB,0.22334018425786353
ID_20DAD23361,0.3388528252834608
ID_656FB8919C,0.005708354768660176
ID_557016E3E9,0.7712914437172694
ID_EDAE6D1FCE,0.046938556752521
ID_BDDFFF8C3F,0.9856491249611709
ID_83EFDCE76D,0.2544641857951767
ID_4435716AD7,0.0025511228925199974
ID_AC589BE95D,0.015055331457476718
ID_863B30D634,0.11616226061359468
ID_50ED23F400,0.22842206893371136
ID_ECDA7533E6,0.0672472965094427
ID_125AA2CFD4,0.005854168962655035
ID_A0E7EB7975,0.011609072088626085
ID_2B670FDEC0,0.22067081068887084
ID_D98F81BC9E,0.1294392865141889
ID_4DB6E2F71A,0.002
ID_4F31EC845F,0.06978666823318429
ID_2E2BA03D49,0.021746039245385346
ID_5968466A6F,0.012492169431366735
ID_C53498CEE9,0.012719575698795024
ID_C76EE54FF9,0.03914657569656607
ID_CA4559FAFE,0.002
ID_676B2B74E3,0.002
ID_CAC74D19A3,0.997025902914186
ID_DD7F8EACDB,0.12095701794464585
ID_D04591750C,0.0724839514092407
ID_15BA20A7C2,0.002
ID_CE0883551E,0.002
ID_C8D50F5D41,0.006617529633840869
ID_778A8E1972,0.06110464896358787
ID_5661CE2B75,0.013396012587499983
ID_0A5F71D8BB,0.011424014171878103
ID_7DAC8E48AA,0.8943910277116691
ID_69842F465F,0.003608041504415874
ID_8F4310C131,0.02449399240252716
ID_305D24926F,0.4401373487026326
ID_AA0C341188,0.009899401171372533
ID_609D4D4985,0.1899356452403441
ID_A9A8AD2A24,0.020227081119774445
ID_B1CEACEB22,0.343018521435096
ID_087FF66AC3,0.023472425875478455
ID_4F14D47E01,0.002
ID_BD26F0DBA1,0.0033087735585780854
ID_87BAD45633,0.009997294342114044
ID_3BDDF9F63F,0.01072093054445455
ID_5651C26084,0.002
ID_4E68030505,0.10195340780607103
ID_4E61EA0014,0.6912011655262664
ID_E2880D7260,0.045851433511397206
ID_EC773C2184,0.06688477332059413
ID_256896D290,0.030071874406213988
ID_B17AF5B952,0.03999455907469624
ID_004B7AD597,0.21235502305824203
ID_6C3F134E52,0.002
ID_BF9AE9D1CB,0.002
ID_94DF23BDB7,0.013748223626405386
ID_70073E37F4,0.09047573056341447
ID_C222022098,0.09651401122209702
ID_0D70D24ECC,0.011212855453361596
ID_C8180CEB84,0.11890042063228472
ID_5CC6A428A7,0.19240579755966733
ID_6EDB2DC332,0.007367140035969157
ID_E6ADCAFB62,0.002
ID_0025D7F696,0.22013808347433636
ID_F08C26C26E,0.00841789673214979
ID_F1521F4D0B,0.13555097505185112
ID_61FD4DF425,0.017038166069791517
ID_DD9EE2EC1E,0.13871520516378255
ID_D610338310,0.0025993098269846463
ID_D9BF4C1D5A,0.00706182632056393
ID_D7C216E645,0.007480028928816172
ID_71A4A059B1,0.07350826997663003
ID_E711105F99,0.4734654994255342
ID_787B561998,0.09271752930959863
ID_2CEB40CC3D,0.002
ID_1F680065B8,0.002
ID_8FF1A13D3F,0.012728055851529382
ID_8F35065D2B,0.692736339179843
ID_6964E728CF,0.011703546321741533
ID_578590E88A,0.04822542226876086
ID_EF87360791,0.002
ID_7FFA2699B5,0.10937738551902658
ID_6370003E9C,0.007008378062226573
ID_3EFE9A6318,0.006559186720355404
ID_914BC2477D,0.10548173130560605
ID_3C510CCE45,0.06852775195181691
ID_C0C2A72C01,0.06809237030541092
ID_3F87BD9B33,0.010128011959341524
ID_2DA9858984,0.24633284317672574
ID_2D4808E516,0.9616982471480235
ID_93DBA7B36D,0.020550654083719058
ID_6F964C38D5,0.002
ID_0B8135FFC2,0.20066569724581293
ID_F616B531C5,0.06813686010923424
ID_161B9AD691,0.41143005901651375
ID_404DD9E1F2,0.0071642184134223
ID_5C022763C1,0.0255169890738555
ID_01CCF6E82F,0.15504415309789146
ID_E3C0488198,0.006389129365752241
ID_A56FB0F6F8,0.007070623423148884
ID_7026B539BB,0.020003360686487403
ID_61B6442FC4,0.002
ID_D18335AC17,0.002834016897763305
ID_49700553EC,0.021964611335811436
ID_B0C803569E,0.5809773802930399
ID_73794A5504,0.002152209581970969
ID_9F747784EA,0.002259977463732563
ID_6EB2C66063,0.0966931920639956
ID_582000DBD1,0.010185045587307108
ID_8A4B7C2493,0.005920693002252365
ID_72060E69BF,0.012216022266025637
ID_499E064950,0.027336731703956497
ID_B3F64F6724,0.25443996973836075
ID_AF0533AD43,0.1185306002994979
ID_CB6DF635EC,0.010529170174420543
ID_1000C3A750,0.16604136181477258
ID_0D22ABC2EB,0.0023338834559938635
ID_C57A68330E,0.005945460731433763
ID_F800EE8FF2,0.166148830692934
ID_7BC82CB791,0.12044620531175536
ID_A48230B147,0.008141742166001555
ID_6CAD4C3E02,0.006436726095473352
ID_E31970F3AB,0.018476585668599485
ID_ECF0488EFB,0.004485112728351379
ID_2FEBF7F843,0.0071738246246255645
ID_5371B05970,0.2755291623290149
ID_6BDEB99DC7,0.9903057919641571
ID_B45F0E07DE,0.6173188897217482
ID_513B054B12,0.020746965089565007
ID_8726A98D0D,0.08916704058565193
ID_BA9AE29E00,0.24470062236215623
ID_FB46C228D1,0.0028479204032135735
ID_B0A4C44CC8,0.28995525189886173
ID_1DB653B65D,0.01155279757310844
ID_C587DBD210,0.04139420272852801
ID_212555EC64,0.07642874539263676
ID_05C6A290FC,0.007940170266575232
ID_E95A9FF76B,0.005718294879992773
ID_E83BE2B7E4,0.007920286820205045
ID_08885AE366,0.04513928570846658
ID_9863A6276F,0.011358795303398426
ID_03139CE145,0.07641171465841014
ID_7C82D02835,0.3067681356443778
ID_16B0BD1FA9,0.005054129191021075
ID_542B21D478,0.0060719659425693935
ID_2803947E63,0.8577573656179575
ID_E73EED397E,0.04068557550256645
ID_C99B07AD16,0.002
ID_3580001AAD,0.002
ID_AAF52C61BF,0.006224320799419002
ID_386047CE01,0.6222015280594563
ID_4962148F7C,0.002711986221898501
ID_0CE919E9D4,0.15702333960003192
ID_15AB0B5AE6,0.003666022787659559
ID_60CF63F76D,0.002
ID_A0920F46E6,0.08485804417717051
ID_CDB1E08CFF,0.006058901021821619
ID_B1DF4A0BEE,0.12097339418629104
ID_A9BC1C51FE,0.049829851043091414
ID_C3C2B39534,0.08561141920234576
ID_76B16A6B22,0.4470855438082423
ID_99116A639B,0.002
ID_B01323FD5B,0.02676774472833337
ID_C840820983,0.055739746162934034
ID_24B43FDEC5,0.8769173376985674
ID_C451697166,0.16108673613493824
ID_66BCFF58F3,0.00754782607370903
ID_CFBF3B8F7B,0.020697736804522845
ID_5136A19D29,0.010260257089612902
ID_1C3A819E56,0.011899598808443044
ID_FBE8F4E4B4,0.002
ID_FB2D075C33,0.09607107585892981
ID_45A1775637,0.14700052867536945
ID_494FC0C749,0.9246630006722788
ID_3FE744C7D1,0.9450195012768992
ID_B41FAA5EAB,0.03670854921491155
ID_EA55FA087E,0.11831317522199732
ID_DA6524E2D0,0.009816152666204761
ID_9532D524E2,0.016006935697492744
ID_96EE51B7AD,0.002
ID_3B4404D4D0,0.0023414065002058965
ID_7CC11E8306,0.7120591394690646
ID_9F41F1A252,0.008043157882045496
ID_4B47E54230,0.020828822724652075
ID_683304E8AF,0.021759630215350156
ID_6B7D40596F,0.11438912320464782
ID_F0453372A8,0.7815182736018849
ID_1999422BD0,0.01168103067442013
ID_EF3CE2E235,0.10193188859159248
ID_9D17A0AF7A,0.14731473037573214
ID_8179068D4A,0.016320426605438306
ID_9E44C46019,0.06267681757157875
ID_41141E6B59,0.18565347416546463
ID_B19932FC90,0.027517061459791405
ID_345ECD9514,0.002
ID_8E02FADEC8,0.28605543617366064
ID_3B1791FDF4,0.014865783000259796
ID_4810C2202F,0.16796177351837838
ID_63724D9D76,0.007138830915016588
ID_41D545CEFB,0.0027814212571235196
ID_540AEF7706,0.047557499054182245
ID_D406B32064,0.8129536630497523
ID_95FF33BD68,0.38942662971340175
ID_EEE21F6329,0.005557420444714031
ID_21864F0750,0.0034788023040639195
ID_EF4F4F101A,0.4691070516004653
ID_D5137C3048,0.004909392872050727
ID_FE39972FC9,0.5568490280140161
ID_CDFC72A0D3,0.8634299713462372
ID_C2D8C65CC5,0.18308289089783011
ID_995425989D,0.11745806703210253
ID_0588BE0B0C,0.05562767891488072
ID_5C92F6A31A,0.9628669023695485
ID_71A114975C,0.020139299086502194
ID_63D46A1733,0.7493568901868162
ID_3CD4375D01,0.16457562787366392
ID_D5FC2ED896,0.002463681034000088
ID_A1B313CB7D,0.0051266644896131325
ID_F63A589BCF,0.4231058781737577
ID_F3C9C18C8F,0.049606014626105116
ID_95049AF066,0.5498349855246771
ID_205C96F5B6,0.2325677596195885
ID_0C15E25E25,0.006219949555674354
ID_4B65D300CA,0.013981875483313352
ID_C6013BCBBC,0.011532587527418045
ID_796FA2A1F3,0.9969562738086245
ID_1797F9E149,0.04492870180551297
ID_A0A0581D52,0.12633592725980688
ID_DA14D530C7,0.002
ID_59BB854CD2,0.19156234096619704
ID_59FCAD32CB,0.27696516096151264
ID_F727408E84,0.1573596274832362
ID_61E2858DEB,0.9207532330511184
ID_CC7DEEEF93,0.002
ID_48AA465A81,0.04340188289675625
ID_30D0F616C3,0.002
ID_AB86A392E6,0.02458414656749097
ID_C2C8CA23C6,0.3736132680702709
ID_B73FFE0123,0.8395071734706345
ID_AD1C6C26CA,0.21864838585353435
ID_1F3D9791DA,0.011436554442272156
ID_A9D24D07C1,0.2515042826471296
ID_BA1D7CC947,0.028660885190019556
ID_1616C034CC,0.007747704136882836
ID_49DC2E2E90,0.005927280899033731
ID_48387EBB5C,0.002
ID_6A0DB4F678,0.7268166331132326
ID_05B52E243D,0.039641027186348154
ID_0A489DA97C,0.14024595026375036
ID_EDBEC0B67F,0.05031784329472642
ID_C1088C14EF,0.03228571555140128
ID_553DA01056,0.05024711971950724
ID_BD7ADC8A51,0.14960952259635144
ID_9D2021B852,0.023317537857038478
ID_CA5D1631C2,0.19340547228737062
ID_AB06DC419F,0.022542804941056212
ID_63FFFD7A87,0.0904670091913862
ID_7C3D2E58EE,0.02141588326338578
ID_4C99276194,0.15973279637670876
ID_40CB7E2C04,0.019755643472463457
ID_A5BC6923C1,0.026056393765643143
ID_EEA88C5881,0.024906723506615262
ID_4441FEB705,0.002078589326871439
ID_187C4A6286,0.002
ID_811E10D86A,0.3523097472824743
ID_7F47CFFE3E,0.003968517306160644
ID_5E701CBAAE,0.019388845608660863
ID_E536E70396,0.1518457314708665
ID_84F4D03991,0.07336383838680191
ID_C0CDE03A34,0.4385840768655198
ID_154D898F69,0.012123437925183222
ID_D23B061DDC,0.11329130717382696
ID_3E6EDAA3AC,0.15971531924218313
ID_0F55F9CFA1,0.5214011513735879
ID_1DE405B9EB,0.17065758783226362
ID_3B4E472787,0.002
ID_0B11C2E3D3,0.005533710101169391
ID_A00B8F95CD,0.09141500512120447
ID_443E07C26B,0.7180401928846717
ID_06DE929453,0.013881484693899883
ID_E248EA2105,0.002
ID_0118B9599F,0.8230335127249095
ID_3B8741E0B6,0.35967097507949103
ID_C8A0423248,0.2996934662368473
ID_7E4F48666D,0.13186168601336806
ID_0C82CE57BE,0.0976045095593445
ID_EB9C511EEA,0.002
ID_33FB4CE8E7,0.002
ID_E2FBE8F8D6,0.05816406789059512
ID_024FF1A6DC,0.4598360508705963
ID_098062E755,0.01362013160924507
ID_199C8AC00A,0.03670781500549116
ID_A419A70BBB,0.02186882733655632
ID_2736405DCB,0.26309847178601725
ID_3BB6D64292,0.7877691442891769
ID_D8EBAA2B16,0.9972885241181161
ID_5B2FAA1B8A,0.008037488996643895
ID_0648F78FA5,0.15951809879513082
ID_F75260DFEE,0.004081211793635313
ID_FC8142D6F3,0.5712329435961508
ID_29D9896A3D,0.011272564718237184
ID_5123DB9CA8,0.02758918929087957
ID_DED818A9E9,0.18926873904965036
ID_5E3F4DABD8,0.37023260334544583
ID_CB1AB5DD76,0.02195582169455541
ID_962ACDCAB0,0.002
ID_6404CD1E0C,0.002
ID_1C611E14F2,0.059655053924839996
ID_0392381EFC,0.002
ID_5CF59150BC,0.002939752797431326
ID_8DC4B2B8FA,0.002
ID_5B22DB8C61,0.3291233773482214
ID_1BA09808D7,0.04892300624036686
ID_27CFD098B7,0.002
ID_B278322CFE,0.067343526999943
ID_0BC336D9AE,0.11051237809422564
ID_317470ECD5,0.5111794613284194
ID_3638F9FF97,0.004947511917807744
ID_FEE44AF78D,0.052421470322274004
ID_89BC9B9B38,0.2606672164761747
ID_545BB2C9CE,0.763118042278648
ID_87466A99C1,0.9856677146461388
ID_F527136016,0.002
ID_E1C04F227D,0.002
ID_759DF48B64,0.010996376712614008
ID_3E560B228B,0.5353110505781927
ID_FA3072A37B,0.0062076310147241845
ID_776E565129,0.002
ID_AD833C62F1,0.014894788857437011
ID_67CA483AF1,0.20333109391014825
ID_BDA75D8BD2,0.006266326521071886
ID_CEFFB66080,0.04375910411159778
ID_E1571A3683,0.002
ID_360F119326,0.2307865470080167
ID_CDEC367939,0.02197279249864974
ID_677395746D,0.022495435675374625
ID_443BA92980,0.002
ID_718F8D5969,0.5166566883643401
ID_E8F5598DE9,0.129392342835668
ID_2FA3B4BCE6,0.006197401130941765
ID_2556592BD9,0.3891557566232825
ID_137EC1D43E,0.007541513899986639
ID_390C4ED926,0.002838024458769563
ID_D6FFA7561A,0.5326539075430333
ID_AC00229294,0.25104060934139355
ID_C74B10B323,0.01086002194866311
ID_3BA9E7650C,0.005008211964033581
ID_ED453CA212,0.0814091661137282
ID_768D593D23,0.15733748491486924
ID_93121A3060,0.014415753888149673
ID_39A72E7629,0.002
ID_2B81244F60,0.009332370837523538
ID_FAC970E3BF,0.020577678753925143
ID_E2801889B5,0.002
ID_0FA83D2855,0.002
ID_BF9EA65A10,0.027638845424221046
ID_A39E95FF26,0.008428257369100342
ID_A692516F0B,0.0177135053432348
ID_ECE303A61C,0.07157002724620158
ID_4856170CBA,0.022646708374751214
ID_7D42FC37D7,0.007042765058400145
ID_17817E9609,0.013642142609058102
ID_AF9F0C8AD7,0.18498910742002458
ID_8B93BD8079,0.002
ID_FEB9287281,0.0069120444055086345
ID_3BBA92F03A,0.015792607627538407
ID_5482BDAA89,0.002
ID_63D360654F,0.8637593701829643
ID_B2EA27E890,0.2200914273710857
ID_27DA86B6C0,0.07253262716369406
ID_EDEE18BCBE,0.3029145211459409
ID_10F4755B11,0.26052826176866994
ID_C484CE365B,0.0069046554301645515
ID_75125E1E36,0.002
ID_C8C54F8147,0.21892456239718827
ID_635DB82BD0,0.013763716087046362
ID_C3BCA6943C,0.043932148638236086
ID_F04E3B7C80,0.01345073060571171
ID_80056A544E,0.012175266124272768
ID_B1B41D6892,0.02357200315117688
ID_A96B77A37F,0.018728835447384223
ID_7F32281759,0.006985996767366108
ID_8E1D39B9E4,0.26132579931257394
ID_EF93E9C6E0,0.0067684910099632106
ID_42D5D5C104,0.0068902656586848745
ID_C1876CD45F,0.060167360911647066
ID_86819D2763,0.39078939621031666
ID_BFC1C98095,0.6713973110218089
ID_F552D7E482,0.012337424825233579
ID_025DD20A01,0.026638401447830706
ID_8D6D25FED9,0.022471587300887177
ID_64FEFED693,0.3661964604258738
ID_A62C779633,0.03284889151697174
ID_AB5044F508,0.01378167279914493
ID_21D7429786,0.01913422720638195
ID_8A23D1186F,0.006642275801675993
ID_F785AD7362,0.006375459718798816
ID_C5388B1D70,0.002
ID_D0CC7BD8AA,0.12090989643009092
ID_9FC0C6D00C,0.012814328169450488
ID_FAF92B65D8,0.018212453156988336
ID_1558DD98D5,0.00832035484935649
ID_3DB1FB4943,0.011728613136871568
ID_A4CB80FEC0,0.23468490946080411
ID_E4D7824A35,0.02274825099813792
ID_8C7918D3F2,0.03478816065372648
ID_FA4D136AAC,0.45249893749623904
ID_E681080A8D,0.11962167969967273
ID_AF09D931A5,0.5607235392733702
ID_2CA1627C17,0.002
ID_550E9A16F7,0.3342617437623489
ID_6D175CA9C1,0.024603263998618303
ID_D5784D954E,0.2918954814185961
ID_DB8AF0D879,0.01679328069962476
ID_776C3DB885,0.9603607588090233
ID_8BC91BFFF4,0.8904445834418313
ID_D2DC1F3CD5,0.07686807175599623
ID_8606D6428F,0.058222946734998754
ID_F5E840D8EB,0.04548021054567691
ID_B056EAA0D9,0.12204837070173297
ID_EE290BA948,0.1306613599325371
ID_7E468BB514,0.018047486366649424
ID_C480E1C2A9,0.0190327575624656
ID_F08CF7CFD2,0.9117289353225573
ID_BD2B2413DB,0.00761868097404459
ID_19581F090D,0.04424706194685317
ID_09DA9DF4B4,0.007570897098994698
ID_EFD339E950,0.00733511822189129
ID_4DFEADBDB1,0.7652375028681988
ID_3B15494444,0.045611326176263824
ID_D02A029CC4,0.002
ID_09F92D05CE,0.002
ID_2D59971A6D,0.0027812874475365264
ID_7368F61312,0.7480566042129083
ID_0C9CCE085F,0.0034460676850275418
ID_7A80DD225E,0.014501302735379749
ID_74ADD8B78A,0.010696403178392693
ID_8EAED0E6FF,0.009861957627408357
ID_E3E9ABF752,0.01849949576490668
ID_FF05C05084,0.011379978661048564
ID_10435BECC8,0.1279689023978885
ID_2B813F9966,0.006785245205369519
ID_82B01A2AA7,0.03569890257064105
ID_46F7970EDC,0.9905643034355238
ID_CB5EF52762,0.01313794757946824
ID_7E497E463F,0.022254516910828342
ID_4A65AC1008,0.30152063172991617
ID_B7B2CBD595,0.00648957223881332
ID_8274A7CA69,0.002
ID_A852E93624,0.037299803051937266
ID_EFE2E0BEA7,0.002
ID_116176A168,0.42282513842491776
ID_DFB80735E1,0.02173416450321222
ID_F4D11DB9A1,0.9593613713215555
ID_7B40D09FB6,0.002
ID_2A3122434E,0.1462939942492902
ID_57BB0BFAEB,0.3920557685926874
ID_6D649ECF32,0.0948461659842985
ID_337902212B,0.007693402315826127
ID_A59252C5AC,0.002
ID_44649F0A9E,0.674682955264251
ID_B0B4D26AF6,0.10152933404712493
ID_5A859E4DC9,0.01597475043776917
ID_75F6430A1A,0.002
ID_3A07323903,0.4016174372066509
ID_D5B36FF578,0.002
ID_19633EFD9D,0.01553747965446852
ID_BF07DD3593,0.005767066528596696
ID_57FC526A02,0.002
ID_CBAC90A483,0.9681471563372234
ID_0E5664CB97,0.23973860399913197
ID_9082A5BDC2,0.39753092647542687
ID_2EF3937F0F,0.002
ID_F56D50415C,0.002
ID_34BDE7B10F,0.0895338247279311
ID_FAC6AF3002,0.006237882906949361
ID_EC028924B4,0.03224754510240811
ID_6F65365AA8,0.005257008064606227
ID_B99B7FB059,0.007515453294340378
ID_4A11BB6B33,0.5590293961649532
ID_22C1B7D6F8,0.002
ID_39B1AED50C,0.07042490658036726
ID_ACDBF1C479,0.006941121102943152
ID_CB3CE973C4,0.06786986809920374
ID_CDD0A0CD72,0.08925328488036074
ID_D19064285E,0.9879500356935326
ID_4D1FD0A0D5,0.41664425959104495
ID_F8FE670646,0.002
ID_744FCAB850,0.064494497413183
ID_07AA4EAE9D,0.007804438359742177
ID_45C94C8702,0.006724465884572882
ID_46E5816426,0.03973092961074182
ID_AA907D64FF,0.002
ID_B32D30F147,0.048539077131741874
ID_F5D948E6E8,0.003483471501242843
ID_51E806D1D1,0.20879227509159723
ID_90318077D9,0.017017797415372713
ID_FE72C49418,0.022808390156391547
ID_93499F1D0D,0.011908401186109321
ID_FFF7AB36BA,0.005959922443794569
ID_89723FA290,0.025858288521236658
ID_25326A016B,0.01578820975786401
ID_8CFA9D961A,0.013924173335610622
ID_0541EF4FAC,0.13220549727743974
ID_83613C8370,0.026952856634036265
ID_C0A840FD41,0.9285831701349888
ID_2B69BF5E88,0.03474521709709727
ID_0C6A005CB9,0.024367183008793085
ID_2D87B06714,0.022387325030415614
ID_E51BF327C6,0.9813724288572448
ID_CD860FFE33,0.008834721425115495
ID_6042D9C23E,0.04718388546740043
ID_7EA49A2C83,0.43035522627700673
ID_F86E7D6777,0.013790351042181773
ID_54301E6F1B,0.0064738646475846935
ID_10BFAC7617,0.4340045782734266
ID_461C20D49A,0.04541903249112219
ID_82A369CFCB,0.005152140080436112
ID_A34976115D,0.005247120788518691
ID_DBD4EF9812,0.09050511468812712
ID_A91FA51D6F,0.2311575344931268
ID_D1E2350AAB,0.004122242023349016
ID_F95ABCE970,0.07497488820717935
ID_7EE8BBCAEA,0.0063597292350905865
ID_0ABAD425F1,0.21565912000944695
ID_26FA656B1B,0.0020544527570459056
ID_0FDB0F5B2E,0.2736558651001329
ID_071DD1B7EC,0.2147605756218532
ID_7450C42E3A,0.012300438407046706
ID_32989A8CC5,0.010975166247809339
ID_92DB257E10,0.1480245371145227
ID_5F1334C5DF,0.030528143804962406
ID_3BD427F239,0.002
ID_CF4DB371FA,0.8733927746448321
ID_1C14DE512C,0.07314150827322118
ID_4C6D93D176,0.002
ID_BDCCE5CB4E,0.020537421143125893
ID_F3F0FE2E02,0.06896284858104225
ID_6BF1CCBA43,0.1308802061576324
ID_B5EA1F59D7,0.019566871776218946
ID_B02F21154D,0.002
ID_EB94BA3B72,0.002
ID_3EE1DA8F56,0.470330937970208
ID_21A253B319,0.02071296357991932
ID_2E2F8ABD64,0.3201570001553402
ID_DF9AB78F7F,0.10533523828372088
ID_48861F7A3F,0.36193857127268014
ID_018ECF0B35,0.01016637885812315
ID_833F4BCD07,0.09156758572549618
ID_086BFA3CC8,0.08132299054178278
ID_87E2A4697A,0.010504831490709642
ID_80DCC4D524,0.008343228576098897
ID_BD3F6D6B71,0.7654581254040751
ID_4E650C8D16,0.07573850723815523
ID_56B0BF6BF3,0.06194504685465338
ID_F46C14B66C,0.8461499029111205
ID_E88EE4FBD3,0.002253718820982586
ID_89587248D5,0.006027723698222859
ID_6D8CF63F21,0.07181729709795606
ID_AACD807BA9,0.08601735168396933
ID_52B0681144,0.006335119108730654
ID_5B18D8C7B8,0.006630831691934111
ID_228C2BE722,0.021494226012534486
ID_FE31E0872D,0.019514683573861522
ID_5EDCD3C36D,0.38190970874662117
ID_CA536CA3E0,0.17024046664142128
ID_F82B499A4B,0.006193086999300037
ID_386DA6A7AD,0.002
ID_7B627A5050,0.012090500592968784
ID_08AB40AEDB,0.04963338126108063
ID_45A538C5D2,0.2793720624046487
ID_860E88F74B,0.024622473444825252
ID_4A5F7BE625,0.16023718741703785
ID_38D1D01569,0.5327681770278325
ID_1665A85CF7,0.16980437434591675
ID_1B80D4E43E,0.019925945721213468
ID_6425D95298,0.023401637763627525
ID_841A523CB2,0.002
ID_0B67DCBC7E,0.369816039362153
ID_A92869A622,0.15224366237199027
ID_F10B8E9C11,0.03597801620941065
ID_9321A3EA91,0.0049956406168796645
ID_01E1E09175,0.2805382072719801
ID_31E8DCE5BF,0.002
ID_57D2E92027,0.014667432141723469
ID_BB74A90396,0.03132950589424362
ID_6A37620E51,0.2666513371217632
ID_D5BA02233D,0.23776758553679403
ID_417EDFA19A,0.44444852497407294
ID_4D8B709F2D,0.27592037015845083
ID_7E812492AD,0.044357930747269576
ID_9E845FF9FD,0.010957133035555061
ID_55657F6006,0.04499987784552964
ID_B95FBC250E,0.020225237471828472
ID_B993F7CCD9,0.16163004751797977
ID_3426027E6F,0.002836629684497483
ID_56F4878FFE,0.002000561496078842
ID_AA63A68E31,0.047753490827893735
ID_0B835DCDD7,0.002
ID_860C3CD6E1,0.006363125434207633
ID_5CB9E4E939,0.010357521051772234
ID_1CCD81C3D0,0.0038561460888455767
ID_93D0AA72EE,0.04104766094176696
ID_4721C21E5F,0.024177913350182188
ID_6C36CFF795,0.006584236593361782
ID_C46C8E4F64,0.02643051802571315
ID_A5B45BD389,0.0023486003653667817
ID_08EBF97B49,0.3497008358893901
ID_D999488E99,0.10765711019413236
ID_3F1D584F23,0.043097283127992735
ID_8712D4F7D7,0.007326854762145763
ID_09E1D76123,0.02214019514175915
ID_80B1AAFBAE,0.002
ID_C59268776E,0.002
ID_3B6110DF9B,0.7055790094082752
ID_1627CB4AEF,0.011869344135325146
ID_63472D1A72,0.2628448368155105
ID_AD1A368116,0.2189246595284954
ID_911193AF1A,0.022449735176021203
ID_8DF8979447,0.007203902658161285
ID_28CC93E38D,0.023724149426229833
ID_3E1A04DCF4,0.9561144410831186
ID_9A9CDAC37A,0.20201112617510494
ID_DB1EB335A3,0.2134691813216343
ID_F082BE62A5,0.2818519646211209
ID_FBEBBC15A3,0.09545974065524525
ID_F7B49B33F1,0.006398517960877757
ID_B50CB1954E,0.7842737538281106
ID_A4348D69A1,0.005589256726181321
ID_61D17A3E54,0.019590210989092215
ID_10F75B32B7,0.002
ID_4135FDE969,0.00821394093364972
ID_2B988B89E8,0.0901918359191611
ID_1CA581D129,0.16545802891049854
ID_5851B31574,0.006514411035056494
ID_ACB43DCE51,0.3539813683885837
ID_A9312046E4,0.10327474369178666
ID_0BD217FE81,0.0665899367551299
ID_47F5E83FC6,0.002
ID_5AE80B33A3,0.05447458578624172
ID_91CF724AFA,0.027916331995761472
ID_FC12859AF4,0.21704609185693866
ID_D6989B9D00,0.12221060245058181
ID_B5FDC602B9,0.15671726450639342
ID_7E362E0C75,0.01684758177570034
ID_E89FC8C03E,0.01705543720758405
ID_C84341AFE9,0.04662727304169278
ID_711712A16B,0.005186343580628224
ID_9624D442FA,0.060320555076268184
ID_7F7516CF14,0.002
ID_C6F1333291,0.02916248391965696
ID_6449B7A345,0.11341260939387306
ID_A7507132D6,0.01318153787374364
ID_70BA305A80,0.9957344342305771
ID_445445B696,0.016724161627771423
ID_1E69F73F88,0.0116844316749329
ID_FD24193059,0.05501845941547393
ID_89354B6A9F,0.02249648981050673
ID_46533A3466,0.09988930928503548
ID_64E77AECC0,0.015966460348416756
ID_85C19AB9F0,0.0159574033905158
ID_CC4A98266E,0.002630469778956365
ID_725B2B9907,0.002
ID_871FB04AD2,0.17812020315400262
ID_77250C2663,0.1185784892478004
ID_E08E7B20D2,0.061777652546074494
ID_E78E120DFA,0.5683697402826531
ID_26C51634AC,0.22489354344034476
ID_24317A9A20,0.2055197710526009
ID_2686A35E15,0.37742926056373755
ID_AA36CB2B9A,0.04944840360207907
ID_49E6599AE6,0.8431863449500473
ID_D2C1C834EB,0.05253678165614159
ID_15E99AA0D8,0.002
ID_690A6BC904,0.006384875972429206
ID_064C177E72,0.002
ID_8B244A4352,0.9906684673712356
ID_9C89BF6240,0.022023891320962066
ID_584867AADE,0.002
ID_FBEDF4E888,0.07316709334836571
ID_B96D75FB38,0.1522581722236944
ID_3A18C5CB28,0.48994872701300163
ID_223304F2EE,0.00599647335782233
ID_B460EEF43D,0.3077331723427939
ID_B0A489CE95,0.5022581362166036
ID_23C44F68E6,0.27607411938638177
ID_3A8CD3F922,0.23462926996866976
ID_7FC8AA14AA,0.04921433592925067
ID_270E4CF913,0.14778342970561426
ID_CECAB42924,0.02041719456758816
ID_FEE8BAEFCC,0.053648776849834656
ID_D7CDCEC72B,0.08057601892650983
ID_C2541CB6DE,0.029023528610004914
ID_884AF30474,0.002599007119805642
ID_222E37A0B2,0.02058468464094809
ID_D2E4711E8C,0.0323607499417086
ID_CB75AFA258,0.007637470961453545
ID_738444F2CB,0.016075131580699818
ID_64850B2011,0.22999091050191156
ID_4FF32C62F0,0.031568017868499706
ID_A89C651148,0.21146852709834552
ID_3B77611E2D,0.049461754033040595
ID_3260FE38A9,0.9661166849615265
ID_26D40FB84A,0.0022269588193228095
ID_8DFF0A0D95,0.002
ID_76C9D141FF,0.02164618174603127
ID_24E5CB3B60,0.28181746625768533
ID_456AEBF1FD,0.4012232830233652
ID_B461CB2589,0.029173275093593343
ID_BBA990CD00,0.046518274017926624
ID_750A4C183A,0.007854383917935973
ID_33CF522A93,0.0071662363922169285
ID_E92DCFDDF1,0.4207197424627298
ID_2A125CB7C9,0.020030064132009164
ID_0889F2A20B,0.002
ID_B7800C5633,0.01617186325676346
ID_7B68B682BA,0.008203128316452047
ID_21354AB437,0.15167048715199005
ID_7EA5549F0B,0.01739441412620481
ID_1B69B5063C,0.004861653558975287
ID_A28F8FAFFC,0.0036199914590285204
ID_386B1F7A01,0.06770239909577176
ID_224632DBBB,0.01586994808833872
ID_6F8CB4F793,0.012494665045455634
ID_823A3BCE7D,0.42760048981904203
ID_BEB95FD814,0.1750144904261795
ID_02D106692D,0.005097854279219406
ID_EE34705AAF,0.80341322356453
ID_34486F685C,0.04503351495077396
ID_0CAAF69CAE,0.014649893247469018
ID_3A9A999AFA,0.0854302124653839
ID_70742A2F80,0.5587402309697517
ID_41D12C8587,0.4551190869906697
ID_028BDF7F54,0.11681421163261767
ID_4D6DCA826D,0.11191094526730903
ID_0DD5AA9373,0.09061467639521556
ID_A6B679C6D5,0.05014695015416517
ID_1995B27EAC,0.04543729566999681
ID_53DD204ADE,0.011260702937514017
ID_4B1093A41D,0.011540149458624097
ID_445657BDA0,0.05814843954260118
ID_3BE0EED68B,0.018787774028402773
ID_B98EA5DC52,0.044104640172409504
ID_81DD4AD35A,0.12201508143082826
ID_23B47B9889,0.018812937541672813
ID_22802F337F,0.7379918910747044
ID_06850183A7,0.03181083938953057
ID_C39C28148B,0.2572078406107366
ID_F0BBEEBF97,0.4288357906192904
ID_2256D50988,0.2191151051963978
ID_6D3440DB22,0.1251007030669218
ID_8264472128,0.23947873762646457
ID_D21EAD178F,0.2422769324848544
ID_590B29FBC3,0.03274776724156082
ID_CF419F0E8D,0.008194112061294926
ID_3733CF83F1,0.00809372336547952
ID_AB9865B41D,0.00995560083746127
ID_DC5E671307,0.0057682954373155055
ID_8BAACBD7F0,0.14108983680131604
ID_85A41DA17B,0.09318228666767357
ID_8796008B57,0.06600935455110533
ID_996D366C9B,0.011178048453157861
ID_6E4A19FA73,0.0072159856377785455
ID_53B13B65A6,0.00677179811225062
ID_A137003257,0.08382912341862592
ID_93F602AC5F,0.029831735178623274
ID_66A680577F,0.009700207612592123
ID_9213294A28,0.31980866822260706
ID_B88423BE79,0.9103986986454985
ID_04C2BE4450,0.002005452489938883
ID_BA939B42A2,0.007784775016972788
ID_AA2ED85684,0.9967318132982891
ID_59CB343177,0.0021532309821931943
ID_77429CB580,0.9964155598984921
ID_BA6FF48018,0.0033920471549907954
ID_0C5D48B09C,0.505455362564627
ID_25AC52C808,0.004188065198650658
ID_29A68C497C,0.017266967500894428
ID_7B34E14713,0.9743054062836254
ID_7F1F0EF59B,0.10579096677232055
ID_50822EAF2E,0.0025099181492689642
ID_380B3A753C,0.008114043010244341
ID_67AAAFA127,0.007264187053446901
ID_BCEC7C360F,0.007890551189337212
ID_5B9AC805AD,0.18593054041942844
ID_9EBC619851,0.1925439389713516
ID_8714832BBE,0.0690773968906422
ID_8013DD6D6A,0.009472143150818086
ID_3A3B2531BA,0.1811440024750061
ID_12EABFFB68,0.12641613315263628
ID_F4A6ECA934,0.08730782307283134
ID_DC70C03955,0.4106081842464578
ID_F4E9CDC820,0.002
ID_0E0362BDEE,0.013246182531971521
ID_B7C51C96DF,0.002978854447017672
ID_321EEB54E9,0.08256980200878793
ID_3B7D55F3C8,0.09684971599831824
ID_F569311FA1,0.9633010895764181
ID_6A873CE9AC,0.02579899651552085
ID_6078B982DC,0.0977561448618038
ID_F604DF9837,0.04844137443346533
ID_29688C9103,0.030946930635866256
ID_BE6AF6F233,0.017793288986022105
ID_412AF7284A,0.28627520315317007
ID_63FB7F4826,0.012307455170729372
ID_E68190E53E,0.002
ID_377E57B794,0.10023974092001363
ID_595EF14E4F,0.01616096071227407
ID_84AD240270,0.024134628817215373
ID_B5D1F11F8A,0.011744803844228721
ID_85E3A58E4E,0.0657090159544435
ID_00661E8924,0.05330210307991816
ID_E595305C85,0.020561973116240945
ID_1D6D93F505,0.19855021982358842
ID_7F387C94A7,0.009708784639776593
ID_3FF3B2E21E,0.6337397924156891
ID_69DB7CA336,0.002
ID_268B508BBD,0.006786874837644305
ID_A0693280F2,0.008775001492044705
ID_61B51E5522,0.10666391317104586
ID_88518818D0,0.12555067365625014
ID_522F41E97B,0.17358382188868826
ID_EE1CBD6F23,0.0721903194460473
ID_E91E00B554,0.09078396463843698
ID_5DABB25F0A,0.04218507116397968
ID_DEEBAE82D7,0.14688714427692545
ID_318CC8F04B,0.09057295761329762
ID_F8C944613B,0.11306232778680807
ID_0515730B62,0.09319546915648502
ID_5AA8175E50,0.002
ID_9EA04ABE24,0.7032891927560673
ID_E14E18B6EA,0.003516299969901205
ID_C9B8FB37D5,0.0020973881112533693
ID_658E17D585,0.002
ID_0AF56E4F71,0.010046562545008533
ID_D43ED36B87,0.002
ID_9EB61F33DE,0.0047293786999238465
ID_C63579BA38,0.25842112361350994
ID_D8871E1F18,0.002
ID_365F6F8DE9,0.002
ID_EF08401193,0.8429981074253873
ID_FAA0DD936B,0.6914183160451944
ID_2AED9C5298,0.012874721221518549
ID_3E4036A53F,0.8427290406056235
ID_0DC8FDA444,0.9957865169541069
ID_98796B3731,0.04422168828960498
ID_52854AA075,0.02175586165140997
ID_26755276F4,0.0059271467276263605
ID_F5DE7D810C,0.18693862639898734
ID_D8856C9008,0.00987672394793749
ID_9AA71E2A07,0.0026097179643913104
ID_C4A859EA32,0.12088757340498227
ID_B748AC6ABA,0.021934925064914505
ID_F628E4251A,0.018725955929518187
ID_F5A124B3C1,0.012042322848902524
ID_1E953C2FB2,0.021591513681335557
ID_4C84DFE35E,0.607193904210094
ID_4E64DA3FA2,0.0029636386784036546
ID_D515986F9E,0.009856931883525008
ID_B638D4E98C,0.4669971943020772
ID_1CCBA97A17,0.7031630932024693
ID_A6A9DC882D,0.012680988487622112
ID_BEA1B5EE71,0.3404711529050859
ID_DFEA3D91A3,0.14999719409370746
ID_F62070FD54,0.015069794099352198
ID_1425517977,0.023300710985189325
ID_AD68A295E0,0.9007831560859707
ID_3D46A3A8A1,0.2297345959129861
ID_BBBFC0AD22,0.15204017318811483
ID_446E07A4A2,0.991651460257843
ID_47D6FD0CDC,0.006586112181764904
ID_1FE3A74621,0.002
ID_FF87B25580,0.002
ID_7F11123B13,0.013979914034047714
ID_38ABF55C73,0.9209265668824514
ID_A959D96430,0.00709702160953712
ID_A0A7187F97,0.00464123763364256
ID_15BE1EB971,0.012100593439464914
ID_CA80CEB5A9,0.1366367168158646
ID_7DB960E607,0.0032538686329651803
ID_6BDBE22CA9,0.01697637547550946
ID_7190EDCE23,0.3316806264809077
ID_A68F616766,0.006330679274690635
ID_3DD19A8EA0,0.2149680248245679
ID_607AD9B400,0.32049180307545394
ID_D353A22842,0.041083338089613466
ID_65708E7247,0.002
ID_520AC7B15E,0.011339311154286744
ID_E1C923CE25,0.8244165027778191
ID_6F720F9C7A,0.045133614068248736
ID_F29E78646F,0.006421782571705412
ID_35EB743C0D,0.017237078314384924
ID_57F8B4CC21,0.18418995125120569
ID_59148A06FC,0.1701894058202642
ID_68687187B0,0.024565432797867732
ID_ED66A3C39C,0.01384330941207022
ID_4AC6BA2228,0.0034239802983008086
ID_8D51EFE48B,0.0020322087364239437
ID_7D6FB87095,0.002
ID_4790A8123B,0.002
ID_1F39C7830B,0.13103818894366326
ID_11AAB86E19,0.0062206136828705525
ID_BB89E64923,0.14232929581699177
ID_E92063EBD5,0.21879158739628865
ID_C1386B88FF,0.8100545710096669
ID_2189FE915C,0.3625125809938332
ID_1B3B13EF97,0.2822341669865209
ID_938BA712A2,0.004140936473658587
ID_367AC678DF,0.9432979767428628
ID_FDDF178DCA,0.08230031174853857
ID_4F5F3B5317,0.13552311373542877
ID_5394ECAFFB,0.11452778329879226
ID_880736923A,0.00507020846756348
ID_E9DBB46EBE,0.10044543153064098
ID_0BCAF2C84A,0.006375004200347121
ID_072CD8DD75,0.2943026935736767
ID_2CD6929B30,0.007069043817854579
ID_3882F469D3,0.006863486707562534
ID_3EB0603711,0.8612568570207085
ID_501203B8A5,0.0064742581325365235
ID_8FA16CBA8C,0.2310917341693798
ID_4D459979CA,0.02119452204203593
ID_8F6356B581,0.002
ID_5813DB7CA4,0.013567938232967777
ID_8F808E9560,0.002
ID_769FF88262,0.09489863237593374
ID_DEABD5273F,0.0027288119309875646
ID_6FD7D168CA,0.19725411421916814
ID_2A9C8CC11D,0.08253649265490935
ID_E1066513FB,0.13371164261335733
ID_534D8A4BF7,0.006887577949986757
ID_949966EB9D,0.002
ID_1E235A7AF8,0.002
ID_4A3C269A96,0.3238711944926216
ID_98428E598B,0.11389848117213842
ID_8A57C82D0B,0.10100634074059517
ID_7B1951B7AF,0.21820409305693478
ID_CB5A857CF0,0.0173739010075819
ID_8EB112192E,0.0475022059364493
ID_BFAB4147E7,0.9945092799827903
ID_5026656A7E,0.09878672533196406
ID_9A83550CD4,0.011479594138707841
ID_23274A18C0,0.006886079751436191
ID_D6979B41B0,0.12135085858573835
ID_75C750706F,0.004035935865088207
ID_4A6F5E6606,0.0027010185417718166
ID_B9E32664E5,0.7712138150103691
ID_CEE7A0BF16,0.002
ID_6E717313F7,0.06985816201098026
ID_5AC971CC3D,0.3801383737484209
ID_9B131B9FAE,0.019286577526773506
ID_B21AAC9BA9,0.15895086343996237
ID_7E194C274A,0.08312214771353785
ID_8FF50F2D1D,0.02290366023352435
ID_192C66DF60,0.002
ID_78CD83402D,0.014918858189965342
ID_40CB55E34C,0.7370256792761051
ID_C0770B8F2F,0.9916692603742807
ID_5489CBEC1F,0.013431753928823302
ID_22508E7F46,0.012291488035069327
ID_63F33E9A3C,0.04616111829776886
ID_03AFC4A54B,0.006912505789606017
ID_3CA344AE74,0.9976732152781864
ID_F7A8F40B90,0.09112059993649273
ID_9EB7197B4C,0.05116197231493014
ID_11412F06B1,0.0024623742069655678
ID_725BF3C6BA,0.006049266230440548
ID_8E0532BBA7,0.20798304138783463
ID_E6E332DC52,0.003520624482267569
ID_A31C35B092,0.02393852960384821
ID_C4FB6DDFA9,0.7161701649438998
ID_C54694524E,0.19057950811565275
ID_E28212B553,0.15541966808655536
ID_FAC855FD27,0.15852449446256517
ID_DC5980234F,0.4670702109647087
ID_0ED58A65A2,0.08429958335472754
ID_EBDD2E501E,0.27658707805026417
ID_DC57AEDDB5,0.007814455461465515
ID_E0766B4F24,0.0039502239154753874
ID_5DE6F88E8A,0.002
ID_90D245A595,0.0021012360009867916
ID_284A79D6D8,0.01675864689634733
ID_41D84E820D,0.02985993133079185
ID_FB66A07C2C,0.01774729188079899
ID_E76DB0A9E5,0.20840441319603736
ID_D0E77E9EF7,0.007569308582794394
ID_3460E4F60B,0.10475767036022265
ID_1F485FF37E,0.48298982721704803
ID_10EAE5E6D4,0.07449230170528295
ID_CDA51BE254,0.002
ID_646D299A62,0.0629969476221361
ID_CF81B19440,0.01324664027525707
ID_5C46CBF4E1,0.0398924187718882
ID_FB7860AA65,0.022587319657282858
ID_2B2C8BD27A,0.9804416318278588
ID_09CF14FC53,0.10669814886689669
ID_BE04D144F8,0.549379578626706
ID_9BCAF23682,0.07394807968373336
ID_A798177A47,0.02599096707141639
ID_C49518F9A0,0.002
ID_6B648E2B35,0.07323739490340371
ID_E908BF2194,0.0026645464749063116
ID_0FAB46B11A,0.002
ID_8267A8B36B,0.4532047034127969
ID_10AE26CDC5,0.0023357419522958365
ID_9DB8F310A2,0.2098378419486773
ID_FD717E9CF9,0.2623463944461176
ID_25F7AAAF7F,0.008774626172134549
ID_46C6CC3CC5,0.01866705452474107
ID_B666AE26F4,0.12174456991448748
ID_72B9FAFE17,0.39982459154101846
ID_69A203551B,0.002
ID_995D983836,0.004907870440734003
ID_3DF75E109B,0.0021817142253108546
ID_D13E9BC4BB,0.002
ID_05361529B8,0.0065054601348739005
ID_E384612134,0.047673715215583626
ID_647846E4E3,0.24979512682087487
ID_99E88AC258,0.05599028642234634
ID_F40025A21D,0.04394305299813555
ID_3E192A7BD1,0.10966137535471716
ID_884149B535,0.08437410492426933
ID_EF0C098566,0.003489005068746213
ID_99A530EF9A,0.002
ID_2CB31D3B79,0.002
ID_0477BAA8A9,0.012502236030073844
ID_DAB83A6D5C,0.005003716707470974
ID_3EA274141F,0.002
ID_B4E93A98DD,0.002
ID_976D72E5FD,0.010750738974031102
ID_47D89D152C,0.055208353496896415
ID_57D8B179D4,0.23383054871143383
ID_142422AD3B,0.004557791260320186
ID_86564F06AC,0.002
ID_10E0B6071A,0.01983488224733226
ID_DEDCE9F6C7,0.12297744307615911
ID_930E545E04,0.45229665642340694
ID_09C3BA8EFD,0.0072360516232261906
ID_5E99FB0309,0.15041542828976392
ID_33811A1A2A,0.8652662911674988
ID_9CCE8DA573,0.12301298002684503
ID_84D261476D,0.19808770959985889
ID_6CE7FAFF19,0.9623870806749645
ID_347BFE78F3,0.02017828302616879
ID_2C0DEE06B0,0.006944607030997606
ID_2B5CAF31E9,0.002
ID_84FCA02E39,0.8140615704413771
ID_6ACDD5636A,0.9580440541740869
ID_4A9405F42E,0.10905411701410872
ID_F716B57233,0.0051075314059713895
ID_184B8A96A3,0.006445046691586685
ID_5C5961AF11,0.014285736260662728
ID_C433BC90CD,0.0066390210642746535
ID_98348FC308,0.25641681596861626
ID_5526A24698,0.5092471671761706
ID_9DC63ACB64,0.27242805270985443
ID_22926F7127,0.9966229904305515
ID_DB40DA1F3B,0.06644889754920398
ID_636E3D8E62,0.015832849412817835
ID_03680BE168,0.006171171606490868
ID_1B1D25AEEB,0.16801382543588048
ID_DA6632DF9E,0.013312212887324315
ID_D61CAA8CDA,0.002665235293508495
ID_8E0C697A16,0.016382884489169015
ID_90563C58DE,0.07514789660023592
ID_1A9226F779,0.5219658314019584
ID_00BE2E09E7,0.0026303763065949077
ID_4351E1EB25,0.004951806237875546
ID_1D7618B0BA,0.08654812207769026
ID_55FE2BF591,0.09507197932222484
ID_88717D5771,0.002306138122284334
ID_849C6366B1,0.9140360529520978
ID_471E9EE2EF,0.0072860525675749275
ID_2AC95022EB,0.004531500130593743
ID_E99948892A,0.005232358758963071
ID_E67F03BFDE,0.5362875252025382
ID_C3138869B4,0.10107394734924391
ID_41D5EEAE2E,0.014233857962659864
ID_7B131738CA,0.0460583333179947
ID_E929D4D93F,0.014643363283704643
ID_E87F5CA91C,0.34576490792051423
ID_B01210F1EE,0.2761406420919558
ID_78E58EEDED,0.02315619947858502
ID_03E361F80E,0.10236902461733513
ID_911D5B7862,0.024559787410677006
ID_E6D09DAA11,0.02423837680956202
ID_6BF2058013,0.007329788446174594
ID_6DAC52C2A6,0.09122248130827268
ID_3967A079E2,0.002
ID_CE9DFABAA4,0.04899776780780113
ID_2A107F5309,0.016589762768850682
ID_3F795843BD,0.009004753530776703
ID_C39344EC11,0.21547297191921613
ID_7C61462F4F,0.00335705649841829
ID_2B30814610,0.021883561702944896
ID_D940715040,0.002
ID_0278C0FD80,0.01232337841273047
ID_AA5BFA4D56,0.19574009441956333
ID_704A986AC4,0.3536386548310758
ID_3C789554A2,0.002
ID_AF0A4CEC32,0.00727601818809666
ID_A3BBB56509,0.002
ID_52FADFEC76,0.002
ID_5938D18837,0.0798099479360142
ID_62C3F4F53A,0.023717762468540186
ID_531BE27D5E,0.01081136396240457
ID_6DB470D0A4,0.010611270098447858
ID_78ECD5A548,0.003165309830270774
ID_AC38C271E7,0.007855537159002867
ID_8AEC2A3B3F,0.06662599979973266
ID_C04686A595,0.00510342807189296
ID_4B7E5C9E23,0.016869340858857166
ID_6FDA13411E,0.014091998187058006
ID_BE15BAB978,0.014641695747769948
ID_0CB6FBC2C5,0.0029282596469114037
ID_DB57D6355A,0.3942150454222082
ID_3625AD48DF,0.2712540421600792
ID_73B2D33171,0.8446332682340459
ID_E00D693DEF,0.0026310712535195604
ID_A9E0B2948D,0.06806531009924291
ID_A6C7877559,0.0665987970134644
ID_AB93A25173,0.007779594784343887
ID_E01DBDC118,0.0868864474130369
ID_670C6D9092,0.48995889383559393
ID_0A4648787A,0.13213083432409042
ID_75BCE02D57,0.002
ID_24C63B97D6,0.6904592399470603
ID_EB32095FAD,0.4597093904737495
ID_8048A86C39,0.9614108178327708
ID_2DB75C4025,0.13348198641670572
ID_E426EA5180,0.021288774755803732
ID_527ACBDC0B,0.23882385863862898
ID_6DD68843C4,0.9029039367408228
ID_00AEBA36B3,0.3739623955482749
ID_EBBF50B178,0.513268859419751
ID_C803250AD5,0.9017755771188368
ID_57F035D6E3,0.006980560745801583
ID_4C0BF11B33,0.002313737592533926
ID_5A600EB394,0.12162644651480735
ID_299E218C8C,0.9630593871433925
ID_E7BB39416F,0.017566148413612197
ID_1D8D99EC01,0.0037958898770712587
ID_DB9F22B037,0.007616481285400149
ID_A133BCCBFD,0.005150488865442704
ID_F31EBF37BE,0.15223265482967135
ID_C820F4033F,0.006895396302046774
ID_1414D39415,0.002
ID_00BBD08C4F,0.002
ID_380CF53B2C,0.017894156921583658
ID_473AF96AC1,0.35149591952884246
ID_5AE2D639A2,0.004669646776368668
ID_3BF3E8CA9C,0.006610681581785663
ID_4D927BDB80,0.01219349913754302
ID_C148A18122,0.014445156978814521
ID_CF2BBBB137,0.003427991926442079
ID_4E93042DF4,0.6533918918222128
ID_27D5CD2711,0.9901827939265265
ID_F8F4F508F0,0.20606769155613736
ID_AA4848C7CC,0.9000392952853224
ID_F4F22D4DE0,0.012023324016943476
ID_EC0EC9FCD4,0.0066349045881250865
ID_BCC735A414,0.006481795394979197
ID_E2E81A71F5,0.050644600113632615
ID_53CFCDDD50,0.01338999689569502
ID_F937521EAE,0.012871778188084939
ID_13B7D48298,0.003444149929300829
ID_8AF799EBD3,0.09242948351317473
ID_881711B60F,0.006329765125255318
ID_EE1B67708A,0.021836529401979398
ID_A34A0BDBFF,0.05758707167637884
ID_C0FF206612,0.026448857718201275
ID_4B35DFDAEE,0.008446892666715708
ID_539E2AEF8E,0.08102894279092891
ID_31E303B3BE,0.1786177945067749
ID_313D5A3374,0.12415003867310735
ID_A78D8E5ED1,0.010911638736617149
ID_5E2ECA0557,0.014684680777383908
ID_6089CEDA34,0.1548320548080587
ID_50CD6533A6,0.029957885560998387
ID_9D21008B73,0.041622761454636635
ID_A98E533492,0.0022348856696385584
ID_636765EF72,0.010403437862961546
ID_B8FC790269,0.002
ID_542A7DAF58,0.006283805227446967
ID_ED73ECABD3,0.3143779282544911
ID_C02C087EAE,0.006802306536228248
ID_5D414014F7,0.011978809396109477
ID_FD3465E52D,0.005158346474861221
ID_968F84CF37,0.00817297647471369
ID_A5D1D37F83,0.01966958542823631
ID_6C71EEFE23,0.02642385411222296
ID_4F71045366,0.002
ID_AA523B7B42,0.9429605844950626
ID_3C6014219D,0.028203955443206377
ID_6BFCE8BD8C,0.006870756610626873
ID_63E1776D6E,0.006969359404584969
ID_EBC984978A,0.3514931086800543
ID_EC5064D1E4,0.45767727679241793
ID_C0D88B6BAA,0.015079886915223113
ID_35509CAE69,0.3333780762100353
ID_DBEEDEA83B,0.005521364734181385
ID_4751387741,0.19944701285042635
ID_B886A96369,0.006609914846769869
ID_BA66FC9F63,0.02528009785434994
ID_E94B778AF4,0.2865360965279554
ID_EAF234F744,0.06968035206265585
ID_34AF515B94,0.47026451106188727
ID_252E076C1C,0.16025570955546606
ID_F8638B4481,0.0450003475290799
ID_0142115496,0.002
ID_1CD46A3461,0.0036213929549098515
ID_3C6146F6DF,0.18563415937588468
ID_0C879AD226,0.056657175394615865
ID_F94D560584,0.8313564146499937
ID_6AA68F647F,0.48276982497013904
ID_AE6EDC5AE6,0.06374659292273231
ID_3DB609BE4A,0.062357501579544825
ID_25EE26A3DD,0.4326560612587371
ID_934B7C5220,0.007138804825683438
ID_6B1DC1B8FE,0.02220694195876836
ID_640E5EB875,0.006407152812775694
ID_C79363E231,0.002
ID_113861D247,0.010136608896766633
ID_84AB3A0901,0.4359496052109194
ID_AC164FB562,0.9210444105795058
ID_510256302F,0.8004261721475054
ID_217DB9FCC2,0.47750441090495555
ID_0B4F314156,0.007207975519316721
ID_48856CE4C3,0.014358440371251072
ID_CA1465F944,0.025953394289075876
ID_2CCA76A9C1,0.6264098151788042
ID_C8A97D25F5,0.22921280101575223
ID_0D5B8AB2CE,0.002
ID_F2034DCB41,0.12275830971274973
ID_A9E07DBC18,0.06875773988103653
ID_ADD9DBF7B0,0.13708584493141412
ID_BB819ABDFA,0.1309172701700178
ID_E62A88A93A,0.06484000356510498
ID_EDF6A4D762,0.006421071577707945
ID_24FAFDC734,0.07871183404779325
ID_8F6FA78F00,0.007438692945492402
ID_D7B018966C,0.011106133354350317
ID_57C5879B65,0.157780413922166
ID_5769FF0B42,0.0070238656045426345
ID_1CCD6339B5,0.6757134372984018
ID_C37CD50F3B,0.08785264508485224
ID_344AF91BF3,0.06483448796248892
ID_65A7FE2957,0.8317141338890256
ID_BA036D6CA9,0.004772893521954505
ID_8CD99A35D4,0.12398451542214232
ID_307A0A3F85,0.48025894557179827
ID_9820E877EF,0.2887503237881341
ID_49563B0E18,0.7639558295398885
ID_9F6D2863DE,0.050301423964233274
ID_18B01B9B0B,0.04203176169752111
ID_C9955C7C45,0.007601315672632378
ID_B53D5480F8,0.05837944038711535
ID_381AB3EA28,0.1593681822165847
ID_B3F94E7045,0.005737006999859642
ID_73DCE18E87,0.0123057137620944
ID_275560794D,0.6199686618993198
ID_9484EC0238,0.004816683392819818
ID_176A3ACE39,0.004664918854156429
ID_1B2DDAD166,0.0074127380971230625
ID_D101D88AD9,0.002
ID_E856A94874,0.02384026385761349
ID_CAC6F69166,0.2605532035498136
ID_F1AAA54CA7,0.2550753263623881
ID_57FD930632,0.24556927811696871
ID_D12182A5CA,0.2697254252845807
ID_7285231D79,0.09903412517334681
ID_6AF2F08A9F,0.002
ID_C061C42B2C,0.013065003307177516
ID_2B845AD134,0.005883126755315218
ID_9B57ABB5ED,0.08790158440178222
ID_6F163FAB79,0.8830644543646868
ID_F2DD6AAB6D,0.1770519400096354
ID_3EFBA7F7E8,0.23167483789254625
ID_0FA5B50377,0.002
ID_2C3399B84F,0.0071951241486331715
ID_BF869CA17E,0.006643251131551881
ID_7C2880F40E,0.7850153920219182
ID_BD91DDD1AC,0.0071921561698312835
ID_764AFF0863,0.46839899288807896
ID_DC49DE40B8,0.10221152591836462
ID_DDA7DC39BA,0.08656501180367479
ID_6558E413B3,0.14094647095162552
ID_11AA4E6368,0.9894202439873389
ID_028249DF40,0.0036021166770586325
ID_662F0F9B34,0.2787199854323845
ID_D0FF6E69B2,0.46838232721623435
ID_D2ACC34A05,0.002
ID_69AB20423B,0.002
ID_35F34D2027,0.8629365312887035
ID_949165DD5B,0.003447673680036609
ID_A4D42EE230,0.04283895232187427
ID_3253AAAAC7,0.04813326918602771
ID_C70A9F78D2,0.20973438074695763
ID_D8FEC56802,0.24476781457988922
ID_B1153319D9,0.021578712349242916
ID_6E52971BC0,0.002
ID_FFF1A31190,0.003496394277191252
ID_C5723AFDF5,0.007060372690642946
ID_24B9449D00,0.02675893230941128
ID_9965300B35,0.03609974346864026
ID_1E82F8FE04,0.08779758542011737
ID_32E7338F16,0.006431436453119281
ID_E7C7FA9D55,0.9629315682798034
ID_FF38FF34F8,0.012019833284672633
ID_3298B74672,0.9749038482335691
ID_56DE1F4F22,0.7319020543555909
ID_23EE2ED3D7,0.012358959135113453
ID_004DD96003,0.007791500737554054
ID_F19E3C3ECE,0.005948661881011317
ID_19575C1E7B,0.006787109588675198
ID_25BF978621,0.07793896916614483
ID_A9AC960E5E,0.45221760737225924
ID_EB20AA47C3,0.02167190900230016
ID_F06E546B2C,0.008719612507704881
ID_7C89325947,0.004161306950938391
ID_05B59B6501,0.09260157124234156
ID_F153C9A605,0.06926539865697
ID_79459BD906,0.006990231204752822
ID_3D9D401B1B,0.0023505041785826537
ID_C57533117D,0.002203009568955473
ID_6F8975FDF3,0.002
ID_25B4847FAA,0.30269782420593394
ID_1C31B47F0C,0.7507492707518714
ID_D5EA4BDEAF,0.024538021589569456
ID_1BC81D9DBE,0.016917776872104957
ID_03E5CA470A,0.06145548604350145
ID_16D8495C28,0.010941984649138136
ID_985C14AC03,0.9383824732692903
ID_B9B698BAC1,0.13335221963687507
ID_F8DE161141,0.21537574113540306
ID_4796FFFF4B,0.04205783784466388
ID_B0C4CE9E98,0.0065768937846563714
ID_D755E422A9,0.007023068230286632
ID_D3B75C74C0,0.01577425250468256
ID_E894A5CF60,0.024748457269739604
ID_20D042153E,0.004877598891574811
ID_2C07F8C9A6,0.7196649621354346
ID_93EBF69920,0.7369393208383419
ID_FB1655A901,0.023785484504565007
ID_D44654C7D2,0.02631012346035796
ID_7493F598D3,0.0850576260332531
ID_AA9C5EBFE0,0.007439894360135012
ID_08AC19CEA2,0.18831811514244748
ID_C6763939BF,0.053609276475493156
ID_6980B597D1,0.002
ID_BC4D3A42C8,0.002
ID_EF892518CA,0.015580513142371393
ID_A973ADF09F,0.002850262308721237
ID_B8DDF7AB54,0.007215704762639828
ID_2B83599D46,0.0025036396003104214
ID_E4063D5781,0.05641535375355948
ID_8042BD9A1B,0.02322378155294981
ID_AA453BD694,0.2882959384157404
ID_3536BF5E31,0.15987834204955273
ID_A1F13D7611,0.07816129286936342
ID_49DEE8D47E,0.06576914842700039
ID_933F0D5F25,0.02908997853255959
ID_00E76BCF85,0.08642470427750286
ID_89BFEBD443,0.002
ID_BBE306F597,0.19687867094353756
ID_87677D439E,0.13939451398689887
ID_FEBF27631D,0.2726888420789681
ID_3D24AB2B04,0.007600186770526675
ID_7F07E784FF,0.5201118281327713
ID_60663F62C7,0.01391597739378167
ID_278D1AAD74,0.007759482768082531
ID_3B5D498B65,0.017561600755726613
ID_8BA213E8CF,0.010410966397533935
ID_3DD08531E0,0.24568454066307882
ID_3F6D89E027,0.06131541527158775
ID_1F29B9CB1B,0.024892382589806923
ID_B755C26052,0.28409319785233544
ID_BBCA814109,0.2683888099162323
ID_999E64E102,0.01330073864684454
ID_F78845433B,0.9943517709549113
ID_347F1B07C3,0.018760710397320985
ID_5056C5CF61,0.002
ID_DAC63FD1A5,0.003425485220872628
ID_6E32856606,0.07256044224672195
ID_3B2089540E,0.0022695017676432477
ID_B325D1ED03,0.010548360671058214
ID_5DA327ACF7,0.11355159598583962
ID_B36976E4BF,0.5738353125770201
ID_29765D3AF3,0.002
ID_3F9DA22AFE,0.37543421747766553
ID_5231B90CA5,0.49444685547779055
ID_EB537CFCB9,0.08388301594206347
ID_ED01BAB39F,0.050884378876053904
ID_532DBDFB50,0.044705819266070604
ID_9197015609,0.04353086400440204
ID_ED8C7EB05E,0.6817958983712675
ID_4FC7692545,0.002
ID_D37EB4599D,0.002
ID_700DE92CDA,0.0026768892400676836
ID_4B11A83321,0.005050505965761016
ID_A708EF1F7E,0.6546305039876527
ID_FD2E86FB7F,0.00557894361181461
ID_31B6F551BA,0.020502123393063558
ID_A6FF98F249,0.17560999844157305
ID_0C694CB35F,0.002
ID_337447C400,0.002
ID_95DEFDBAD5,0.002
ID_114501527C,0.01375711088840002
ID_8CF8521561,0.021355046691963232
ID_AE41F6CD4F,0.025798071220055348
ID_DC5258B425,0.006768872174498958
ID_E85FE945D9,0.1843673684754582
ID_4EA910C658,0.9959298090469826
ID_9A6E685800,0.9940580599144555
ID_4886CCC6F0,0.023328492651661478
ID_FF535FA30A,0.007271850790389524
ID_4A152C1E4E,0.1259117915287975
ID_3F67DF1933,0.008216047658099579
ID_51F1270DC0,0.005808603383126783
ID_DF04114768,0.012979640439598395
ID_DE0584117A,0.002164162708739459
ID_A861577DB0,0.01633597274065359
ID_13C67F8590,0.08810251439941631
ID_79DBEB19A8,0.06413272960934582
ID_97AC427FC2,0.13954329946185107
ID_5E89F43C89,0.002
ID_5B6A22E037,0.9519814952234209
ID_E312E8A23A,0.02579356579019091
ID_365F9010AB,0.019101711968379533
ID_4F5D8E3CD0,0.007902346204313711
ID_F8F00D3088,0.015164862778172403
ID_6E7A48F13E,0.08876650172587733
ID_7A72CDC721,0.01717501147387389
ID_45B96D3547,0.009231157281924194
ID_AEBB3BEF74,0.0020523353769864882
ID_2D092DFE1F,0.01826750831503632
ID_4DA60C590B,0.08582731129168007
ID_74D5B1D5E4,0.002344859881078303
ID_D1BB9273B4,0.00285812098679833
ID_C53F1C81AE,0.002
ID_00DCE9C2FF,0.41825583766062036
ID_3C54FAC127,0.002
ID_0DE3578D09,0.005469433399271801
ID_651F6F099F,0.002
ID_A43C196672,0.10630222248632644
ID_1DFD5E65EF,0.0072422952219811975
ID_670D012756,0.26760620211456376
ID_49B6F1B2B4,0.22180043891206438
ID_23308CBC24,0.25145442168507653
ID_F2FE1C3EF3,0.0698072186863496
ID_C429153998,0.002
ID_B6A65B4EDE,0.002
ID_43E7D705A3,0.006691782174473923
ID_EFDFBBEA30,0.1403530776358197
ID_9995969056,0.2166702531236702
ID_005F5C2D9E,0.5301935021736441
ID_E8C53CAB62,0.9908993386301262
ID_231EA550E0,0.006093825830108723
ID_FAE75E4E14,0.0029077286377835
ID_5FA2CD3856,0.002
ID_3041CF334C,0.005856603822135052
ID_3AB622F1C7,0.05185072497985902
ID_E3D4EA187D,0.02620378127328604
ID_806194465F,0.0628012683620605
ID_D3567EE464,0.031376093422267215
ID_5E38FF517B,0.012905805327723879
ID_553AF1B041,0.35056270635053555
ID_683AC6326E,0.33094270751326144
ID_32910F3E17,0.9322675943420243
ID_8821257E51,0.3897800159003599
ID_2D8E44BAD4,0.2514593385533374
ID_0104788DD5,0.014233177762273279
ID_DDE34E69C5,0.4386209912483379
ID_9B3E760227,0.013915921483701722
ID_701177D932,0.06468029042214667
ID_B4F1318529,0.06427191130576858
ID_8E5A52F6DE,0.054542699435978
ID_706ECB0E03,0.002
ID_C78A4B960B,0.002
ID_21C4015D16,0.0020037019174265367
ID_54486B89C1,0.002
ID_8E44E7A433,0.023884340465532016
ID_7B36EDB47A,0.26097364294044795
ID_454237A11C,0.4604468435679568
ID_E95E6CB524,0.9852652060336794
ID_7CFB8B2A4F,0.010621538419644834
ID_714020667B,0.3243081692069675
ID_43DC875C02,0.1170426734064287
ID_776EECE858,0.015748185820320483
ID_CF15547603,0.0719685680018365
ID_CA50E21567,0.019598804954968487
ID_9140C2A23D,0.008008948797012317
ID_21FEB6D194,0.004784326983242313
ID_C38A431645,0.020969582590170305
ID_A903A11354,0.20774492311953213
ID_D2E7CAB289,0.04960435009173915
ID_BB6234EA3F,0.03291971987781208
ID_7FEF513834,0.002
ID_9BCBD72F45,0.050839839214920766
ID_292B7FFC70,0.05112399007387416
ID_B8FF974B38,0.002
ID_AB7255C116,0.40161757817634974
ID_320F3BC676,0.08101729166594514
ID_27702D73AF,0.08826649466075273
ID_B0DDE608A5,0.06942581403512459
ID_DE156BA4B7,0.04073441464811814
ID_E4E415CD4A,0.02835933487155421
ID_4230B72B75,0.10657296756466918
ID_FDE8B7759C,0.0029694367482042214
ID_8C85CC2D03,0.021360632163069212
ID_A3978B5B32,0.5967228410843554
ID_8389B7592C,0.002
ID_A7F3A9583D,0.15630374710201536
ID_D73D2287B5,0.0028214156692859087
ID_7F2E12A8D7,0.004095403032266959
ID_B9694EBF71,0.015934858007539517
ID_9339BAEA2F,0.002
ID_3D45716387,0.09991277364634439
ID_90522E0F27,0.016261453135846777
ID_1065140948,0.0035224515915324144
ID_B15DD7C85D,0.5043986725797652
ID_3234249D1B,0.020204674437685224
ID_A6C0E7D560,0.9371293479652102
ID_220577CE96,0.020993894350000913
ID_E8E57265CE,0.002
ID_722443065F,0.043954838159142175
ID_9321435A03,0.3524370199103889
ID_9A1B845BAB,0.10816907990883164
ID_2D96EBB88A,0.002
ID_654D8FAB54,0.983309388790495
ID_CB66DA17CF,0.002
ID_0599593131,0.9786168832893279
ID_154CC766DE,0.019994103286159876
ID_9222B63D6D,0.0697120069926364
ID_02F02FF59F,0.11930305113710762
ID_1F583B7C6B,0.01229708496524626
ID_8AA658A642,0.021842778192889985
ID_F535E26D83,0.16902386180001516
ID_A65CE18C75,0.022818257049969915
ID_D813E2766F,0.2100520744916301
ID_B9E5EF9ED7,0.054838586179096906
ID_453BBF10CA,0.0213983247060005
ID_5EA720C736,0.25773818205073595
ID_4E766DE27A,0.006230681382204674
ID_01A511CFBB,0.012085472711989575
ID_D413DFA15E,0.039053838659129585
ID_232D824487,0.11907054300214273
ID_7E658DA926,0.0107531486350868
ID_513C83954E,0.0027726976334326507
ID_764FAC3A90,0.09809665199087252
ID_4B06353EEE,0.9757558497812356
ID_B554B8FD9E,0.46661021406612874
ID_D83179A740,0.8140678217335464
ID_D19B39B9E1,0.02738496039693033
ID_A84564CE2A,0.9123516986556277
ID_6E13756C32,0.1975589896736253
ID_46822DF299,0.00775435707517438
ID_481BBC7981,0.02144879567505566
ID_976D883828,0.6197863165960392
ID_6F42E8D1FD,0.5269226324592875
ID_0D4921B21D,0.00732536255499921
ID_582C86BA93,0.023973341308998024
ID_6400C7F6C5,0.016822262454320253
ID_339322B180,0.01219655056876075
ID_A2D2601E1C,0.10053140757700672
ID_1F57DC6D18,0.006813486488733376
ID_7E5FF8A29E,0.01278508316513507
ID_B4A62EEB65,0.6983980058999723
ID_7C5F501322,0.5123902962345251
ID_8D71286290,0.14137485605183134
ID_D0A0843563,0.01270472528453571
ID_FB0361994C,0.002
ID_5BA69E6A3C,0.2241212611973918
ID_E08F1689AE,0.059019469217090864
ID_20BC37542E,0.29559943388799065
ID_226905D7FE,0.5438806149453316
ID_A6A6ED0443,0.9838630780083555
ID_FC3AD1A26B,0.0027890782716380584
ID_44F84EEA81,0.025799795068871048
ID_D36CF74D26,0.002
ID_794979785D,0.002775672889359895
ID_0767BECCC4,0.07694970716794329
ID_E9124C846B,0.02092345281789208
ID_570F6491F9,0.2584006442305561
ID_C8FEE51F97,0.07619430152665888
ID_BB1994F9CF,0.10900294467848662
ID_7A395C1126,0.43992075059973873
ID_C568FBC5A5,0.22380242446172066
ID_03FC818291,0.06666633804769703
ID_3AAED30FC5,0.011578507230064532
ID_D7FCD2E373,0.00677238238604503
ID_162A8E770F,0.04657834058825809
ID_CB5E543C6B,0.1109337954517509
ID_013078F545,0.0031552554679219157
ID_791E382D4C,0.004308095059765092
ID_4526B4F4A0,0.20761357261604618
ID_2E1DBB7052,0.002
ID_002583D7B0,0.048705237991020146
ID_9AF67CE052,0.8773772895732715
ID_D32AF4CB2D,0.002
ID_9BF1BD8D4C,0.005949244224270095
ID_DA09746F20,0.006119306073910967
ID_49066859DF,0.02576575942968142
ID_EEEA544A23,0.002
ID_6E4847FE8D,0.02609218215189996
ID_807B9213B1,0.014595261202186603
ID_C5108C64D4,0.03472975699998578
ID_0C91B16A87,0.01115486533139673
ID_70CBC09168,0.08033430506266694
ID_D0BD5D9244,0.002
ID_E8287F7DE5,0.008888322586821812
ID_40E14CD1D3,0.002
ID_57A55FC559,0.007757500756517334
ID_2C07F27610,0.002
ID_AF932D50E0,0.01241772028177913
ID_3D0BF2D628,0.01555569561713661
ID_16234FA32D,0.02308953352930852
ID_C75BDD0E5B,0.5995698840310796
ID_EFE9FC8D1E,0.002981099057010742
ID_C36D1A1643,0.04202081880218814
ID_1640B26E07,0.01316445939237317
ID_B5EE5F340B,0.008974893562573897
ID_F8B029BE59,0.011052361611901006
ID_5E6D0365EC,0.007251005275538454
ID_EB3A4D32D2,0.014373936261425762
ID_F6981F49E1,0.698760312976238
ID_DCCC911B1C,0.019961775451180386
ID_40C9298F9E,0.013345066399534254
ID_27C7BE6D30,0.1272559987893839
ID_436588B4F2,0.032588485006429566
ID_6ED73932F6,0.18263217980335306
ID_C8A565C84F,0.7879816765721077
ID_1F1A6B190E,0.1810639654528149
ID_994BED6A17,0.32045466792992705
ID_2400B74F52,0.15794057114583265
ID_A39E528C1C,0.002
ID_DA9DB610C5,0.06443680615277637
ID_51660380FA,0.6802097580851526
ID_6AB08E0BB0,0.006174166525239976
ID_10CDCD97FE,0.12334022656519487
ID_6A5417957A,0.11613920823938273
ID_660F29460F,0.09180044663891147
ID_DFF7428F68,0.1873483728141356
ID_763D75741F,0.01897960936093065
ID_E0646E327F,0.002
ID_53C84BA5B4,0.7000302779865996
ID_12A6DFDE30,0.04613325094731547
ID_D7E409A4F0,0.19594762001952895
ID_1DAF397F50,0.004845331940474595
ID_3ECEC3D3D0,0.0021153682171738838
ID_AA49F03F1F,0.4182855686424268
ID_9041E26139,0.015723487148772294
ID_0ED2F7BF25,0.006152430939858475
ID_6F13902A5D,0.370864925519336
ID_5118D06BFE,0.6441888666680317
ID_AEDE70CC65,0.04453847621236164
ID_0AE51D3167,0.0033182253568649262
ID_2D6C5DF8E2,0.020257209905879734
ID_9CD66D9FC3,0.9242110916187708
ID_6545238801,0.002921502599364949
ID_201A181254,0.29453326921364437
ID_891C11FE55,0.04455375694028204
ID_2C9CB578CE,0.006468670265046746
ID_F62B77419A,0.2792681858681925
ID_3FA7809A54,0.007421199444566771
ID_EF0A272E96,0.0022697362648781793
ID_877C786409,0.05986072748600292
ID_0B9AB0C61A,0.01420530522155548
ID_BD6D4F57F8,0.02310913162152174
ID_0FDCDBE8D1,0.002060258007950644
ID_78F4DE30D0,0.011539595058699949
ID_9269C7F1DE,0.0024924623727276417
ID_16F415FDE9,0.13486542963436335
ID_002D23BD6F,0.004971045832029797
ID_52F0C7F424,0.008307499151792758
ID_8129231F79,0.1375635582816264
ID_97BEA1A450,0.002
ID_DEB4E53A81,0.0030072119140023426
ID_B7260F2150,0.6954538522876783
ID_951AD0F98C,0.09891478318099446
ID_E07FD61AB0,0.003664496348128056
ID_D6E49A5873,0.0720838994205485
ID_856475F5F6,0.2693000867148705
ID_D6ED0A483E,0.026686126180837936
ID_14BB5FADD3,0.02470651247204526
ID_64C83DAD99,0.4677907515480428
ID_4471013E37,0.12972436916002913
ID_A59AC18FF6,0.10726784945192956
ID_FE30261A73,0.528929599797213
ID_084E4D1513,0.16804466374947832
ID_7663B51324,0.0027293861435301403
ID_44D1F13C32,0.027566234297648467
ID_47F9E9AA22,0.9974185156499104
ID_E03129C8CA,0.7562560917624566
ID_948159BB78,0.04743771530650041
ID_772B88C121,0.1832116072016505
ID_C73D186DA5,0.02056688879785356
ID_D029F891EB,0.0022421389330142968
ID_E76C93B33D,0.006986513032902697
ID_66563CC932,0.0067867891909516725
ID_74ED98445A,0.5942983789471544
ID_126AD8ED1D,0.007632610894157486
ID_43D92F4E93,0.014963017441009332
ID_2634D5DD88,0.9915491963937386
ID_40F5934BD3,0.05147302080887015
ID_AF35A285A3,0.014337996113950388
ID_8E9DCA72CA,0.002
ID_627882D53A,0.488146697568846
ID_0C807CAAA2,0.026712278156846007
ID_86898641DF,0.016945014741223136
ID_18C06E1E79,0.010957509565240477
ID_32CFE142EB,0.6917411279480777
ID_9F4BBDC49C,0.06000569430185852
ID_2591438052,0.01820590225705903
ID_3CEDB22D37,0.08145741472022092
ID_BC7B0F5B96,0.9664965517723614
ID_8FA05D0C6C,0.007279268404439531
ID_51E1743E89,0.01269911567257504
ID_7583E94B1B,0.19601604435726658
ID_211428C2E4,0.6110172828882687
ID_F27A9496E3,0.6739858657162532
ID_BEFB30F9CA,0.1605310518072631
ID_1A3F18B542,0.002402798741187834
ID_FCD99AB74B,0.002
ID_36C42CEE97,0.0433910634035694
ID_8FAB8AEA75,0.12485357150500566
ID_F1055EB073,0.021962971649150495
ID_82EB01E74D,0.017314891332104076
ID_0345EBE71C,0.002
ID_62A0BA41DC,0.006143924384340901
ID_6A9E914C71,0.013355562693272744
ID_4A191DB9E1,0.01065360395059778
ID_8D37AA8813,0.01789940120119538
ID_93D006BBC8,0.2503317875722751
ID_F13128AA02,0.49860232566299156
ID_D628CB966A,0.6749752554889253
ID_28985D5849,0.002
ID_5F16721F00,0.011500814868868753
ID_2932E5CE9E,0.02386294243719914
ID_2969B99DBC,0.002
ID_586C18BFCB,0.01419529215248386
ID_81B15BF78F,0.027390311310422712
ID_F4D4FBCC9D,0.32193563365009986
ID_F99A507B77,0.023352589980587514
ID_00D94346B2,0.08124450932864391
ID_544F7FAA50,0.02366485646165218
ID_2FEADDBB97,0.29533053209119253
ID_E8273193CA,0.0037606975857637317
ID_24B97C9097,0.28612930126869807
ID_ED642E082D,0.002
ID_23C3322791,0.007208345525507268
ID_FB1F4BD022,0.011203804113837704
ID_27E9AB1A95,0.029655191265486408
ID_C46709676D,0.002
ID_1B40148207,0.026106280447123514
ID_8238F1F85A,0.002
ID_4A4DD31ACD,0.09797386530832385
ID_3F8C916746,0.3202330933542449
ID_83F06EA788,0.002
ID_3B4B6430E4,0.0073413815857869035
ID_DB25B0B002,0.04260664133160903
ID_DFB528805E,0.9713219101156384
ID_7607DE45E5,0.002
ID_5646206340,0.0401171320056934
ID_1F780DD2E8,0.08649099512514617
ID_680783063A,0.007729374839247834
ID_3DDAE2E029,0.08819849869102439
ID_F878395BF4,0.03897218822357274
ID_8E7477EB35,0.21013530549638462
ID_314E4B265E,0.042618217361190945
ID_81B24A71D2,0.02289810641740857
ID_3086768BC6,0.0024944476207825034
ID_3F0C4669CD,0.005059697197427759
ID_3A76F21415,0.004135938113786377
ID_97DCF8A584,0.04612704761758797
ID_C74C27E85A,0.1885759357017429
ID_85C6EC4E59,0.002
ID_919706FC71,0.04806135736147299
ID_3485B11D83,0.002
ID_224EBD6AEB,0.002
ID_2CC16D7BC0,0.02450109244258107
ID_D840AA1083,0.0442160314380338
ID_5F10CCAC10,0.0028734123026438285
ID_96EF7573A3,0.002
ID_A2B06DBEA9,0.006099421126330282
ID_F72CE54ECA,0.1278244726503982
ID_7609108C79,0.01227612495062878
ID_8F49DBF58F,0.22821213866865991
ID_4253DFA64B,0.010441902782778043
ID_27D22AE1E5,0.0033971683225330223
ID_045C60EB11,0.08521783370808898
ID_FE4B444DD6,0.08228854699879912
ID_75712864D8,0.0799551085114504
ID_CF2C846936,0.2261267016936581
ID_B278F1DC1A,0.18266934658055053
ID_B0106C5BAC,0.338343630190038
ID_59B62FFE8D,0.6109188574766322
ID_D0B2B9F288,0.013444212611164692
ID_9716D41F82,0.6961495595942386
ID_4DA507BB76,0.067743906642848
ID_F13C0222D2,0.007255865765205667
ID_53FBAA9A04,0.0193150913546808
ID_1419939908,0.080539161262014
ID_1808F08A9E,0.16038275932031235
ID_D4C413A5F1,0.021065726867122714
ID_387C9E37E1,0.6890926134372413
ID_87E71EC01D,0.0073929511956593716
ID_C48AD3442F,0.012245553036540367
ID_EC2955C8F7,0.07897259005414335
ID_A16C7CDF03,0.002274255100951337
ID_9BC53792FE,0.3547709507983556
ID_5EFCBA316A,0.05118014683439961
ID_A8077D5835,0.004564310421395772
ID_5AC100F558,0.05127288501385869
ID_BBFF4D8F2D,0.02171660682297011
ID_69E11B4028,0.01325095015406113
ID_07D6CF8B4F,0.07862481170747133
ID_35267E0E3E,0.16509763989213855
ID_171C72713F,0.06596754146015597
ID_A039C01513,0.9850877187379372
ID_078C0EDB5F,0.00784508070638589
ID_DDDB0056F8,0.12881740325692445
ID_CA77DC9DF5,0.002
ID_85DDF44930,0.002
ID_463AB22C3D,0.0023058992146951732
ID_1142ED2AD1,0.025928369520662898
ID_4215F82F57,0.023400472196284203
ID_68EAAD025D,0.010712793695572124
ID_24D2494BE9,0.004372235711371872
ID_3F1F7CA5C6,0.11550132076594831
ID_A2C6A1F31C,0.8888673059913995
ID_86778CA13F,0.031473823814088836
ID_AC4745D550,0.03461011447424174
ID_66099D5C5D,0.02078511242397841
ID_98408675A4,0.004771670118856337
ID_2B4509A6C3,0.6652991481872997
ID_3E5C4731A8,0.3276412273811295
ID_24351281F3,0.2265668542685482
ID_F09C6B1F6A,0.0069951414201388715
ID_1079220969,0.020200817706457028
ID_654EF8A93D,0.5609156348786122
ID_E40DF6D32C,0.9811863592113189
ID_D50736FEF2,0.05111624724821365
ID_76A3E67BEB,0.00393960735010437
ID_C528550D16,0.24367238270200126
ID_E7ADEB4992,0.03179894216072546
ID_9EE37DE911,0.02968777098483227
ID_F068430D57,0.0731750563689577
ID_06F8A35BE9,0.1902055227668119
ID_AD96C74B50,0.02431479708685864
ID_ED14375AD7,0.0061111689377908365
ID_E1486D5A1F,0.011161414777773613
ID_7A0F8B33C0,0.05052122324142949
ID_113F9D2626,0.02140938297985681
ID_51AE1FA3B9,0.2473107369180953
ID_78F5896EF1,0.0021982096676732383
ID_4AA9C5A68E,0.23643842209937702
ID_6BF0FC4F4B,0.002
ID_F075F2D744,0.9791446376937851
ID_60833FB48F,0.09093520894434867
ID_DBC3CB9736,0.971367420606141
ID_466309C390,0.1202332259319861
ID_E6BAE24D64,0.10022402644276193
ID_B8CF921FD3,0.31599275650282765
ID_CAA8D1B2A3,0.006958932352106757
ID_953881746D,0.7579623320480272
ID_9B4223B16A,0.7601361022078658
ID_B7AB78B999,0.2707398647750657
ID_ECA4C96FF5,0.11876844293461417
ID_A594DAD54D,0.01071073967002248
ID_A3D16C8189,0.37052947212183224
ID_62C7A8E0ED,0.002
ID_3761F95152,0.002
ID_B5E1FC087D,0.8215331400247227
ID_586C8217E4,0.025401031704716658
ID_06C56110D8,0.06258467940848464
ID_35BB6129EA,0.0030712083675846864
ID_DE77324B09,0.20258983683253587
ID_17437B1DF6,0.009707210325109725
ID_23533240F8,0.011942636795336428
ID_B6B32A40F7,0.023868260156111893
ID_BE01C7DDE0,0.47395307930395547
ID_453782B2C4,0.012535611745877235
ID_A8C254EDAE,0.5668786888615182
ID_080D1834B1,0.012157557553265573
ID_79B2D26F06,0.004875695545365692
ID_CE98E8DA17,0.09934818458321484
ID_0BD142AAB1,0.012194501984308985
ID_C52B56961D,0.03868907491414423
ID_2D466F29BB,0.03278651181056925
ID_AC670FEDB7,0.015463364841823262
ID_2CD304D483,0.045678675519565004
ID_9284FD70D9,0.0027031248648082657
ID_A12E5242D3,0.49369926573882794
ID_992CEE784A,0.00274458007119199
ID_EFBBB76B0B,0.002
ID_C0E244BD2C,0.002
ID_B2B00ED227,0.0028962052515734784
ID_A9B020F9DF,0.21433802984767963
ID_D657838739,0.002
ID_2135D305B6,0.07287034443651098
ID_6421BBE50B,0.16595184261272716
ID_A7CF5EC34F,0.29529683777908905
ID_93831D4ABC,0.9652231661056901
ID_464612D998,0.02040609903704431
ID_46AA505698,0.16354524100622977
ID_FBE0C7C31A,0.12887094333175775
ID_2C65E2A5CF,0.21542252129966782
ID_67A3D2BC18,0.6551369959841636
ID_23DCF6C28E,0.9819651977692693
ID_EDB9788197,0.002
ID_90695A8602,0.04691039114817224
ID_99666006C7,0.0026263654283838677
ID_8DAD2C8D28,0.007169164567215358
ID_6506338B23,0.07242403409743015
ID_0E35810462,0.13895372464133213
ID_1D4B6392FE,0.014603632539265693
ID_2718F3273A,0.058417168968392184
ID_CDB998CB3A,0.023974706501103484
ID_D4C84490BE,0.42985111442996116
ID_263FEB8454,0.06610675227726685
ID_CD249B7C52,0.04552711745813526
ID_123B6A25BF,0.0977387360044976
ID_4F2FE71107,0.002062484465280409
ID_0F0F9D9546,0.06975483537945118
ID_8076CF1478,0.002
ID_FD43EEC2D9,0.002
ID_20EB7AB009,0.00668005465621518
ID_9F107579B1,0.42320469655969506
ID_C1426DFB44,0.019913323807773338
ID_567BC33159,0.4474554329987979
ID_F4ACB08F10,0.9773684582391383
ID_1F1106BDA6,0.05728669546975185
ID_A2952216CB,0.04721578414085569
ID_BEEDD750EE,0.007768326878468755
ID_E819B4ADE5,0.00757686806782588
ID_A4FD78E134,0.015363503013382148
ID_C5BC162913,0.18654506980982702
ID_0FB6FA6810,0.012703347204102275
ID_8B0CBF452E,0.11360779276845313
ID_C542ED15FB,0.008470979655844948
ID_FC59EE63CD,0.08972087667420668
ID_5353088522,0.002
ID_BA47F25956,0.8841695576958007
ID_6943E6ECAF,0.08976048602843821
ID_5EA938D613,0.19456109749248868
ID_B3D382F8D6,0.09419378090876293
ID_64A0DBD275,0.002
ID_16F2CBB8CF,0.014272598465192653
ID_4D8EB37B10,0.3500151845596354
ID_0A4981A76A,0.1344297170384755
ID_9E0A8A1A94,0.002963681846973444
ID_6602AA3463,0.12061880240213169
ID_27FB5DCB10,0.19866201783544
ID_79C76F975E,0.012240693655455083
ID_B8C78F7020,0.002
ID_914D10A6E7,0.007397749839356632
ID_8A7346D3D7,0.9719904499217901
ID_A9B844F2BD,0.01986691497564034
ID_AF954BDA14,0.9811692785370423
ID_78276D48AB,0.09631015396474736
ID_1B706CD294,0.1802241504906751
ID_672CA562FC,0.006406300123610876
ID_7945CA582D,0.231006051097084
ID_00CD0F3167,0.6479120124494752
ID_A1C9281497,0.012118406453673363
ID_42A8167946,0.016293669655501004
ID_C8E8BA92DE,0.01909251535292128
ID_3F011C5D4F,0.19906522603321175
ID_B1469173DD,0.002
ID_CF886D6124,0.014995682037253249
ID_A6084645D1,0.01586293669804308
ID_F129114056,0.002
ID_386DB95CF1,0.35878102626561725
ID_526792AD94,0.4603183311236812
ID_A09392A43A,0.09365442134914873
ID_00E6B63920,0.09185397517044552
ID_D2CD239E74,0.00659929265438388
ID_D56E5B8B02,0.01957131780664105
ID_F92A37BD39,0.3000459034816751
ID_BD84D884C9,0.06435317201878725
ID_7A4664388E,0.009916944888659568
ID_6DA9817074,0.243929624039987
ID_2224C24392,0.7702846787713613
ID_CC2B9F2760,0.002
ID_B7DD055EEF,0.4350325036830513
ID_7484A1987D,0.002
ID_C2EE7A4AAA,0.5125164241962481
ID_9EE20BB830,0.002
ID_D17D9E03D5,0.23100759150441766
ID_F6A2DD0892,0.002
ID_C1BD5CABF5,0.006744557864226463
ID_374781CB1A,0.6832122148856631
ID_75D24D472B,0.0021910084801565937
ID_3C7CF79AEE,0.006936791343931582
ID_F1651E73C4,0.007968163253379268
ID_FD3F0934CA,0.28931601301177756
ID_DA6916D6C7,0.005111476590959498
ID_E4F217CC0A,0.28123270029267006
